lista_mex,anio_catalogo,descrip,cambio_vs_anio_previo
01,2005,Enfermedades infecciosas intestinales,
01,2006,Enfermedades infecciosas intestinales,False
01,2007,Enfermedades infecciosas intestinales,False
01,2008,Enfermedades infecciosas intestinales,False
01,2009,Enfermedades infecciosas intestinales,False
01,2010,Enfermedades infecciosas intestinales,False
01,2011,Enfermedades infecciosas intestinales,False
01,2012,Enfermedades infecciosas intestinales,False
01,2013,Enfermedades infecciosas intestinales,False
01,2014,Enfermedades infecciosas intestinales,False
01,2015,Enfermedades infecciosas intestinales,False
01,2016,Enfermedades infecciosas intestinales,False
01,2017,Enfermedades infecciosas intestinales,False
01,2018,Enfermedades infecciosas intestinales,False
01,2019,Enfermedades infecciosas intestinales,False
01,2020,Enfermedades infecciosas intestinales,False
01,2021,Enfermedades infecciosas intestinales,False
01,2022,Enfermedades infecciosas intestinales,False
01,2023,Enfermedades infecciosas intestinales,False
01,2024,Enfermedades infecciosas intestinales,False
01A,2005,Cólera,
01A,2006,Cólera,False
01A,2007,Cólera,False
01A,2008,Cólera,False
01A,2009,Cólera,False
01A,2010,Cólera,False
01A,2011,Cólera,False
01A,2012,Cólera,False
01A,2013,Cólera,False
01A,2014,Cólera,False
01A,2015,Cólera,False
01A,2016,Cólera,False
01A,2017,Cólera,False
01A,2018,Cólera,False
01A,2019,Cólera,False
01A,2020,Cólera,False
01A,2021,Cólera,False
01A,2022,Cólera,False
01A,2023,Cólera,False
01A,2024,Cólera,False
01B,2005,Fiebre tifoidea,
01B,2006,Fiebre tifoidea,False
01B,2007,Fiebre tifoidea,False
01B,2008,Fiebre tifoidea,False
01B,2009,Fiebre tifoidea,False
01B,2010,Fiebre tifoidea,False
01B,2011,Fiebre tifoidea,False
01B,2012,Fiebre tifoidea,False
01B,2013,Fiebre tifoidea,False
01B,2014,Fiebre tifoidea,False
01B,2015,Fiebre tifoidea,False
01B,2016,Fiebre tifoidea,False
01B,2017,Fiebre tifoidea,False
01B,2018,Fiebre tifoidea,False
01B,2019,Fiebre tifoidea,False
01B,2020,Fiebre tifoidea,False
01B,2021,Fiebre tifoidea,False
01B,2022,Fiebre tifoidea,False
01B,2023,Fiebre tifoidea,False
01B,2024,Fiebre tifoidea,False
01C,2005,Fiebre paratifoidea,
01C,2006,Fiebre paratifoidea,False
01C,2007,Fiebre paratifoidea,False
01C,2008,Fiebre paratifoidea,False
01C,2009,Fiebre paratifoidea,False
01C,2010,Fiebre paratifoidea,False
01C,2011,Fiebre paratifoidea,False
01C,2012,Fiebre paratifoidea,False
01C,2013,Fiebre paratifoidea,False
01C,2014,Fiebre paratifoidea,False
01C,2015,Fiebre paratifoidea,False
01C,2016,Fiebre paratifoidea,False
01C,2017,Fiebre paratifoidea,False
01C,2018,Fiebre paratifoidea,False
01C,2019,Fiebre paratifoidea,False
01C,2020,Fiebre paratifoidea,False
01C,2021,Fiebre paratifoidea,False
01C,2022,Fiebre paratifoidea,False
01C,2023,Fiebre paratifoidea,False
01C,2024,Fiebre paratifoidea,False
01D,2005,Shigelosis,
01D,2006,Shigelosis,False
01D,2007,Shigelosis,False
01D,2008,Shigelosis,False
01D,2009,Shigelosis,False
01D,2010,Shigelosis,False
01D,2011,Shigelosis,False
01D,2012,Shigelosis,False
01D,2013,Shigelosis,False
01D,2014,Shigelosis,False
01D,2015,Shigelosis,False
01D,2016,Shigelosis,False
01D,2017,Shigelosis,False
01D,2018,Shigelosis,False
01D,2019,Shigelosis,False
01D,2020,Shigelosis,False
01D,2021,Shigelosis,False
01D,2022,Shigelosis,False
01D,2023,Shigelosis,False
01D,2024,Shigelosis,False
01E,2005,Intoxicación alimentaria,
01E,2006,Intoxicación alimentaria,False
01E,2007,Intoxicación alimentaria,False
01E,2008,Intoxicación alimentaria,False
01E,2009,Intoxicación alimentaria,False
01E,2010,Intoxicación alimentaria,False
01E,2011,Intoxicación alimentaria,False
01E,2012,Intoxicación alimentaria,False
01E,2013,Intoxicación alimentaria,False
01E,2014,Intoxicación alimentaria,False
01E,2015,Intoxicación alimentaria,False
01E,2016,Intoxicación alimentaria,False
01E,2017,Intoxicación alimentaria,False
01E,2018,Intoxicación alimentaria,False
01E,2019,Intoxicación alimentaria,False
01E,2020,Intoxicación alimentaria,False
01E,2021,Intoxicación alimentaria,False
01E,2022,Intoxicación alimentaria,False
01E,2023,Intoxicación alimentaria,False
01E,2024,Intoxicación alimentaria,False
01F,2005,Amebiasis,
01F,2006,Amebiasis,False
01F,2007,Amebiasis,False
01F,2008,Amebiasis,False
01F,2009,Amebiasis,False
01F,2010,Amebiasis,False
01F,2011,Amebiasis,False
01F,2012,Amebiasis,False
01F,2013,Amebiasis,False
01F,2014,Amebiasis,False
01F,2015,Amebiasis,False
01F,2016,Amebiasis,False
01F,2017,Amebiasis,False
01F,2018,Amebiasis,False
01F,2019,Amebiasis,False
01F,2020,Amebiasis,False
01F,2021,Amebiasis,False
01F,2022,Amebiasis,False
01F,2023,Amebiasis,False
01F,2024,Amebiasis,False
01G,2005,Infecciones intestinales debidas a otros organismos especificados,
01G,2006,Infecciones intestinales debidas a otros organismos especificados,False
01G,2007,Infecciones intestinales debidas a otros organismos especificados,False
01G,2008,Infecciones intestinales debidas a otros organismos especificados,False
01G,2009,Infecciones intestinales debidas a otros organismos especificados,False
01G,2010,Infecciones intestinales debidas a otros organismos especificados,False
01G,2011,Infecciones intestinales debidas a otros organismos especificados,False
01G,2012,Infecciones intestinales debidas a otros organismos especificados,False
01G,2013,Infecciones intestinales debidas a otros organismos especificados,False
01G,2014,Infecciones intestinales debidas a otros organismos especificados,False
01G,2015,Infecciones intestinales debidas a otros organismos especificados,False
01G,2016,Infecciones intestinales debidas a otros organismos especificados,False
01G,2017,Infecciones intestinales debidas a otros organismos especificados,False
01G,2018,Infecciones intestinales debidas a otros organismos especificados,False
01G,2019,Infecciones intestinales debidas a otros organismos especificados,False
01G,2020,Infecciones intestinales debidas a otros organismos especificados,False
01G,2021,Infecciones intestinales debidas a otros organismos especificados,False
01G,2022,Infecciones intestinales debidas a otros organismos especificados,False
01G,2023,Infecciones intestinales debidas a otros organismos especificados,False
01G,2024,Infecciones intestinales debidas a otros organismos especificados,False
01H,2005,Diarrea y gastroenteritis de presunto origen infeccioso,
01H,2006,Diarrea y gastroenteritis de presunto origen infeccioso,False
01H,2007,Diarrea y gastroenteritis de presunto origen infeccioso,False
01H,2008,Diarrea y gastroenteritis de presunto origen infeccioso,False
01H,2009,Diarrea y gastroenteritis de presunto origen infeccioso,False
01H,2010,Diarrea y gastroenteritis de presunto origen infeccioso,False
01H,2011,Diarrea y gastroenteritis de presunto origen infeccioso,False
01H,2012,Diarrea y gastroenteritis de presunto origen infeccioso,False
01H,2013,Diarrea y gastroenteritis de presunto origen infeccioso,False
01H,2014,Diarrea y gastroenteritis de presunto origen infeccioso,False
01H,2015,Diarrea y gastroenteritis de presunto origen infeccioso,False
01H,2016,Diarrea y gastroenteritis de presunto origen infeccioso,False
01H,2017,Diarrea y gastroenteritis de presunto origen infeccioso,False
01H,2018,Diarrea y gastroenteritis de presunto origen infeccioso,False
01H,2019,Diarrea y gastroenteritis de presunto origen infeccioso,False
01H,2020,Diarrea y gastroenteritis de presunto origen infeccioso,False
01H,2021,Diarrea y gastroenteritis de presunto origen infeccioso,False
01H,2022,Diarrea y gastroenteritis de presunto origen infeccioso,False
01H,2023,Diarrea y gastroenteritis de presunto origen infeccioso,False
01H,2024,Diarrea y gastroenteritis de presunto origen infeccioso,False
02,2005,Tuberculosis,
02,2006,Tuberculosis,False
02,2007,Tuberculosis,False
02,2008,Tuberculosis,False
02,2009,Tuberculosis,False
02,2010,Tuberculosis,False
02,2011,Tuberculosis,False
02,2012,Tuberculosis,False
02,2013,Tuberculosis,False
02,2014,Tuberculosis,False
02,2015,Tuberculosis,False
02,2016,Tuberculosis,False
02,2017,Tuberculosis,False
02,2018,Tuberculosis,False
02,2019,Tuberculosis,False
02,2020,Tuberculosis,False
02,2021,Tuberculosis,False
02,2022,Tuberculosis,False
02,2023,Tuberculosis,False
02,2024,Tuberculosis,False
02A,2005,Tuberculosis pulmonar,
02A,2006,Tuberculosis pulmonar,False
02A,2007,Tuberculosis pulmonar,False
02A,2008,Tuberculosis pulmonar,False
02A,2009,Tuberculosis pulmonar,False
02A,2010,Tuberculosis pulmonar,False
02A,2011,Tuberculosis pulmonar,False
02A,2012,Tuberculosis pulmonar,False
02A,2013,Tuberculosis pulmonar,False
02A,2014,Tuberculosis pulmonar,False
02A,2015,Tuberculosis pulmonar,False
02A,2016,Tuberculosis pulmonar,False
02A,2017,Tuberculosis pulmonar,False
02A,2018,Tuberculosis pulmonar,False
02A,2019,Tuberculosis pulmonar,False
02A,2020,Tuberculosis pulmonar,False
02A,2021,Tuberculosis pulmonar,False
02A,2022,Tuberculosis pulmonar,False
02A,2023,Tuberculosis pulmonar,False
02A,2024,Tuberculosis pulmonar,False
02B,2005,Otras tuberculosis del aparato respiratorio,
02B,2006,Otras tuberculosis del aparato respiratorio,False
02B,2007,Otras tuberculosis del aparato respiratorio,False
02B,2008,Otras tuberculosis del aparato respiratorio,False
02B,2009,Otras tuberculosis del aparato respiratorio,False
02B,2010,Otras tuberculosis del aparato respiratorio,False
02B,2011,Otras tuberculosis del aparato respiratorio,False
02B,2012,Otras tuberculosis del aparato respiratorio,False
02B,2013,Otras tuberculosis del aparato respiratorio,False
02B,2014,Otras tuberculosis del aparato respiratorio,False
02B,2015,Otras tuberculosis del aparato respiratorio,False
02B,2016,Otras tuberculosis del aparato respiratorio,False
02B,2017,Otras tuberculosis del aparato respiratorio,False
02B,2018,Otras tuberculosis del aparato respiratorio,False
02B,2019,Otras tuberculosis del aparato respiratorio,False
02B,2020,Otras tuberculosis del aparato respiratorio,False
02B,2021,Otras tuberculosis del aparato respiratorio,False
02B,2022,Otras tuberculosis del aparato respiratorio,False
02B,2023,Otras tuberculosis del aparato respiratorio,False
02B,2024,Otras tuberculosis del aparato respiratorio,False
02C,2005,Tuberculosis del sistema nervioso,
02C,2006,Tuberculosis del sistema nervioso,False
02C,2007,Tuberculosis del sistema nervioso,False
02C,2008,Tuberculosis del sistema nervioso,False
02C,2009,Tuberculosis del sistema nervioso,False
02C,2010,Tuberculosis del sistema nervioso,False
02C,2011,Tuberculosis del sistema nervioso,False
02C,2012,Tuberculosis del sistema nervioso,False
02C,2013,Tuberculosis del sistema nervioso,False
02C,2014,Tuberculosis del sistema nervioso,False
02C,2015,Tuberculosis del sistema nervioso,False
02C,2016,Tuberculosis del sistema nervioso,False
02C,2017,Tuberculosis del sistema nervioso,False
02C,2018,Tuberculosis del sistema nervioso,False
02C,2019,Tuberculosis del sistema nervioso,False
02C,2020,Tuberculosis del sistema nervioso,False
02C,2021,Tuberculosis del sistema nervioso,False
02C,2022,Tuberculosis del sistema nervioso,False
02C,2023,Tuberculosis del sistema nervioso,False
02C,2024,Tuberculosis del sistema nervioso,False
02D,2005,"Tuberculosis de los intestinos, el peritoneo y los ganglios mesentéricos",
02D,2006,"Tuberculosis de los intestinos, el peritoneo y los ganglios mesentéricos",False
02D,2007,"Tuberculosis de los intestinos, el peritoneo y los ganglios mesentéricos",False
02D,2008,"Tuberculosis de los intestinos, el peritoneo y los ganglios mesentéricos",False
02D,2009,"Tuberculosis de los intestinos, el peritoneo y los ganglios mesentéricos",False
02D,2010,"Tuberculosis de los intestinos, el peritoneo y los ganglios mesentéricos",False
02D,2011,"Tuberculosis de los intestinos, el peritoneo y los ganglios mesentéricos",False
02D,2012,"Tuberculosis de los intestinos, el peritoneo y los ganglios mesentéricos",False
02D,2013,"Tuberculosis de los intestinos, el peritoneo y los ganglios mesentéricos",False
02D,2014,"Tuberculosis de los intestinos, el peritoneo y los ganglios mesentéricos",False
02D,2015,"Tuberculosis de los intestinos, el peritoneo y los ganglios mesentéricos",False
02D,2016,"Tuberculosis de los intestinos, el peritoneo y los ganglios mesentéricos",False
02D,2017,"Tuberculosis de los intestinos, el peritoneo y los ganglios mesentéricos",False
02D,2018,"Tuberculosis de los intestinos, el peritoneo y los ganglios mesentéricos",False
02D,2019,"Tuberculosis de los intestinos, el peritoneo y los ganglios mesentéricos",False
02D,2020,"Tuberculosis de los intestinos, el peritoneo y los ganglios mesentéricos",False
02D,2021,"Tuberculosis de los intestinos, el peritoneo y los ganglios mesentéricos",False
02D,2022,"Tuberculosis de los intestinos, el peritoneo y los ganglios mesentéricos",False
02D,2023,"Tuberculosis de los intestinos, el peritoneo y los ganglios mesentéricos",False
02D,2024,"Tuberculosis de los intestinos, el peritoneo y los ganglios mesentéricos",False
02E,2005,Tuberculosis de huesos y articulaciones,
02E,2006,Tuberculosis de huesos y articulaciones,False
02E,2007,Tuberculosis de huesos y articulaciones,False
02E,2008,Tuberculosis de huesos y articulaciones,False
02E,2009,Tuberculosis de huesos y articulaciones,False
02E,2010,Tuberculosis de huesos y articulaciones,False
02E,2011,Tuberculosis de huesos y articulaciones,False
02E,2012,Tuberculosis de huesos y articulaciones,False
02E,2013,Tuberculosis de huesos y articulaciones,False
02E,2014,Tuberculosis de huesos y articulaciones,False
02E,2015,Tuberculosis de huesos y articulaciones,False
02E,2016,Tuberculosis de huesos y articulaciones,False
02E,2017,Tuberculosis de huesos y articulaciones,False
02E,2018,Tuberculosis de huesos y articulaciones,False
02E,2019,Tuberculosis de huesos y articulaciones,False
02E,2020,Tuberculosis de huesos y articulaciones,False
02E,2021,Tuberculosis de huesos y articulaciones,False
02E,2022,Tuberculosis de huesos y articulaciones,False
02E,2023,Tuberculosis de huesos y articulaciones,False
02E,2024,Tuberculosis de huesos y articulaciones,False
02F,2005,Tuberculosis del  aparato genitourinario,
02F,2006,Tuberculosis del  aparato genitourinario,False
02F,2007,Tuberculosis del  aparato genitourinario,False
02F,2008,Tuberculosis del  aparato genitourinario,False
02F,2009,Tuberculosis del  aparato genitourinario,False
02F,2010,Tuberculosis del  aparato genitourinario,False
02F,2011,Tuberculosis del  aparato genitourinario,False
02F,2012,Tuberculosis del  aparato genitourinario,False
02F,2013,Tuberculosis del  aparato genitourinario,False
02F,2014,Tuberculosis del  aparato genitourinario,False
02F,2015,Tuberculosis del  aparato genitourinario,False
02F,2016,Tuberculosis del  aparato genitourinario,False
02F,2017,Tuberculosis del  aparato genitourinario,False
02F,2018,Tuberculosis del  aparato genitourinario,False
02F,2019,Tuberculosis del  aparato genitourinario,False
02F,2020,Tuberculosis del  aparato genitourinario,False
02F,2021,Tuberculosis del  aparato genitourinario,False
02F,2022,Tuberculosis del  aparato genitourinario,False
02F,2023,Tuberculosis del  aparato genitourinario,False
02F,2024,Tuberculosis del  aparato genitourinario,False
02Z,2005,Las demás tuberculosis,
02Z,2006,Las demás tuberculosis,False
02Z,2007,Las demás tuberculosis,False
02Z,2008,Las demás tuberculosis,False
02Z,2009,Las demás tuberculosis,False
02Z,2010,Las demás tuberculosis,False
02Z,2011,Las demás tuberculosis,False
02Z,2012,Las demás tuberculosis,False
02Z,2013,Las demás tuberculosis,False
02Z,2014,Las demás tuberculosis,False
02Z,2015,Las demás tuberculosis,False
02Z,2016,Las demás tuberculosis,False
02Z,2017,Las demás tuberculosis,False
02Z,2018,Las demás tuberculosis,False
02Z,2019,Las demás tuberculosis,False
02Z,2020,Las demás tuberculosis,False
02Z,2021,Las demás tuberculosis,False
02Z,2022,Las demás tuberculosis,False
02Z,2023,Las demás tuberculosis,False
02Z,2024,Las demás tuberculosis,False
03,2005,Otras enfermedades bacterianas,
03,2006,Otras enfermedades bacterianas,False
03,2007,Otras enfermedades bacterianas,False
03,2008,Otras enfermedades bacterianas,False
03,2009,Otras enfermedades bacterianas,False
03,2010,Otras enfermedades bacterianas,False
03,2011,Otras enfermedades bacterianas,False
03,2012,Otras enfermedades bacterianas,False
03,2013,Otras enfermedades bacterianas,False
03,2014,Otras enfermedades bacterianas,False
03,2015,Otras enfermedades bacterianas,False
03,2016,Otras enfermedades bacterianas,False
03,2017,Otras enfermedades bacterianas,False
03,2018,Otras enfermedades bacterianas,False
03,2019,Otras enfermedades bacterianas,False
03,2020,Otras enfermedades bacterianas,False
03,2021,Otras enfermedades bacterianas,False
03,2022,Otras enfermedades bacterianas,False
03,2023,Otras enfermedades bacterianas,False
03,2024,Otras enfermedades bacterianas,False
03A,2005,Peste,
03A,2006,Peste,False
03A,2007,Peste,False
03A,2008,Peste,False
03A,2009,Peste,False
03A,2010,Peste,False
03A,2011,Peste,False
03A,2012,Peste,False
03A,2013,Peste,False
03A,2014,Peste,False
03A,2015,Peste,False
03A,2016,Peste,False
03A,2017,Peste,False
03A,2018,Peste,False
03A,2019,Peste,False
03A,2020,Peste,False
03A,2021,Peste,False
03A,2022,Peste,False
03A,2023,Peste,False
03A,2024,Peste,False
03B,2005,Brucelosis,
03B,2006,Brucelosis,False
03B,2007,Brucelosis,False
03B,2008,Brucelosis,False
03B,2009,Brucelosis,False
03B,2010,Brucelosis,False
03B,2011,Brucelosis,False
03B,2012,Brucelosis,False
03B,2013,Brucelosis,False
03B,2014,Brucelosis,False
03B,2015,Brucelosis,False
03B,2016,Brucelosis,False
03B,2017,Brucelosis,False
03B,2018,Brucelosis,False
03B,2019,Brucelosis,False
03B,2020,Brucelosis,False
03B,2021,Brucelosis,False
03B,2022,Brucelosis,False
03B,2023,Brucelosis,False
03B,2024,Brucelosis,False
03C,2005,Lepra,
03C,2006,Lepra,False
03C,2007,Lepra,False
03C,2008,Lepra,False
03C,2009,Lepra,False
03C,2010,Lepra,False
03C,2011,Lepra,False
03C,2012,Lepra,False
03C,2013,Lepra,False
03C,2014,Lepra,False
03C,2015,Lepra,False
03C,2016,Lepra,False
03C,2017,Lepra,False
03C,2018,Lepra,False
03C,2019,Lepra,False
03C,2020,Lepra,False
03C,2021,Lepra,False
03C,2022,Lepra,False
03C,2023,Lepra,False
03C,2024,Lepra,False
03D,2005,Difteria,
03D,2006,Difteria,False
03D,2007,Difteria,False
03D,2008,Difteria,False
03D,2009,Difteria,False
03D,2010,Difteria,False
03D,2011,Difteria,False
03D,2012,Difteria,False
03D,2013,Difteria,False
03D,2014,Difteria,False
03D,2015,Difteria,False
03D,2016,Difteria,False
03D,2017,Difteria,False
03D,2018,Difteria,False
03D,2019,Difteria,False
03D,2020,Difteria,False
03D,2021,Difteria,False
03D,2022,Difteria,False
03D,2023,Difteria,False
03D,2024,Difteria,False
03E,2005,Tos ferina,
03E,2006,Tos ferina,False
03E,2007,Tos ferina,False
03E,2008,Tos ferina,False
03E,2009,Tos ferina,False
03E,2010,Tos ferina,False
03E,2011,Tos ferina,False
03E,2012,Tos ferina,False
03E,2013,Tos ferina,False
03E,2014,Tos ferina,False
03E,2015,Tos ferina,False
03E,2016,Tos ferina,False
03E,2017,Tos ferina,False
03E,2018,Tos ferina,False
03E,2019,Tos ferina,False
03E,2020,Tos ferina,False
03E,2021,Tos ferina,False
03E,2022,Tos ferina,False
03E,2023,Tos ferina,False
03E,2024,Tos ferina,False
03F,2005,Escarlatina y erisipela,
03F,2006,Escarlatina y erisipela,False
03F,2007,Escarlatina y erisipela,False
03F,2008,Escarlatina y erisipela,False
03F,2009,Escarlatina y erisipela,False
03F,2010,Escarlatina y erisipela,False
03F,2011,Escarlatina y erisipela,False
03F,2012,Escarlatina y erisipela,False
03F,2013,Escarlatina y erisipela,False
03F,2014,Escarlatina y erisipela,False
03F,2015,Escarlatina y erisipela,False
03F,2016,Escarlatina y erisipela,False
03F,2017,Escarlatina y erisipela,False
03F,2018,Escarlatina y erisipela,False
03F,2019,Escarlatina y erisipela,False
03F,2020,Escarlatina y erisipela,False
03F,2021,Escarlatina y erisipela,False
03F,2022,Escarlatina y erisipela,False
03F,2023,Escarlatina y erisipela,False
03F,2024,Escarlatina y erisipela,False
03G,2005,Infección meningocócica,
03G,2006,Infección meningocócica,False
03G,2007,Infección meningocócica,False
03G,2008,Infección meningocócica,False
03G,2009,Infección meningocócica,False
03G,2010,Infección meningocócica,False
03G,2011,Infección meningocócica,False
03G,2012,Infección meningocócica,False
03G,2013,Infección meningocócica,False
03G,2014,Infección meningocócica,False
03G,2015,Infección meningocócica,False
03G,2016,Infección meningocócica,False
03G,2017,Infección meningocócica,False
03G,2018,Infección meningocócica,False
03G,2019,Infección meningocócica,False
03G,2020,Infección meningocócica,False
03G,2021,Infección meningocócica,False
03G,2022,Infección meningocócica,False
03G,2023,Infección meningocócica,False
03G,2024,Infección meningocócica,False
03H,2005,Otros tétanos,
03H,2006,Otros tétanos,False
03H,2007,Otros tétanos,False
03H,2008,Otros tétanos,False
03H,2009,Otros tétanos,False
03H,2010,Otros tétanos,False
03H,2011,Otros tétanos,False
03H,2012,Otros tétanos,False
03H,2013,Otros tétanos,False
03H,2014,Otros tétanos,False
03H,2015,Otros tétanos,False
03H,2016,Otros tétanos,False
03H,2017,Otros tétanos,False
03H,2018,Otros tétanos,False
03H,2019,Otros tétanos,False
03H,2020,Otros tétanos,False
03H,2021,Otros tétanos,False
03H,2022,Otros tétanos,False
03H,2023,Otros tétanos,False
03H,2024,Otros tétanos,False
03I,2005,Septicemia,
03I,2006,Septicemia,False
03I,2007,Septicemia,False
03I,2008,Septicemia,False
03I,2009,Septicemia,False
03I,2010,Septicemia,False
03I,2011,Septicemia,False
03I,2012,Septicemia,False
03I,2013,Septicemia,False
03I,2014,Septicemia,False
03I,2015,Septicemia,False
03I,2016,Septicemia,False
03I,2017,Septicemia,False
03I,2018,Septicemia,False
03I,2019,Septicemia,False
03I,2020,Septicemia,False
03I,2021,Septicemia,False
03I,2022,Septicemia,False
03I,2023,Septicemia,False
03I,2024,Septicemia,False
03Z,2005,Las demás enfermedades bacterianas del grupo,
03Z,2006,Las demás enfermedades bacterianas del grupo,False
03Z,2007,Las demás enfermedades bacterianas del grupo,False
03Z,2008,Las demás enfermedades bacterianas del grupo,False
03Z,2009,Las demás enfermedades bacterianas del grupo,False
03Z,2010,Las demás enfermedades bacterianas del grupo,False
03Z,2011,Las demás enfermedades bacterianas del grupo,False
03Z,2012,Las demás enfermedades bacterianas del grupo,False
03Z,2013,Las demás enfermedades bacterianas del grupo,False
03Z,2014,Las demás enfermedades bacterianas del grupo,False
03Z,2015,Las demás enfermedades bacterianas del grupo,False
03Z,2016,Las demás enfermedades bacterianas del grupo,False
03Z,2017,Las demás enfermedades bacterianas del grupo,False
03Z,2018,Las demás enfermedades bacterianas del grupo,False
03Z,2019,Las demás enfermedades bacterianas del grupo,False
03Z,2020,Las demás enfermedades bacterianas del grupo,False
03Z,2021,Las demás enfermedades bacterianas del grupo,False
03Z,2022,Las demás enfermedades bacterianas del grupo,False
03Z,2023,Las demás enfermedades bacterianas del grupo,False
03Z,2024,Las demás enfermedades bacterianas del grupo,False
04,2005,Infecciones con modo de transmisión predominantemente sexual,
04,2006,Infecciones con modo de transmisión predominantemente sexual,False
04,2007,Infecciones con modo de transmisión predominantemente sexual,False
04,2008,Infecciones con modo de transmisión predominantemente sexual,False
04,2009,Infecciones con modo de transmisión predominantemente sexual,False
04,2010,Infecciones con modo de transmisión predominantemente sexual,False
04,2011,Infecciones con modo de transmisión predominantemente sexual,False
04,2012,Infecciones con modo de transmisión predominantemente sexual,False
04,2013,Infecciones con modo de transmisión predominantemente sexual,False
04,2014,Infecciones con modo de transmisión predominantemente sexual,False
04,2015,Infecciones con modo de transmisión predominantemente sexual,False
04,2016,Infecciones con modo de transmisión predominantemente sexual,False
04,2017,Infecciones con modo de transmisión predominantemente sexual,False
04,2018,Infecciones con modo de transmisión predominantemente sexual,False
04,2019,Infecciones con modo de transmisión predominantemente sexual,False
04,2020,Infecciones con modo de transmisión predominantemente sexual,False
04,2021,Infecciones con modo de transmisión predominantemente sexual,False
04,2022,Infecciones con modo de transmisión predominantemente sexual,False
04,2023,Infecciones con modo de transmisión predominantemente sexual,False
04,2024,Infecciones con modo de transmisión predominantemente sexual,False
04A,2005,Sífilis congénita,
04A,2006,Sífilis congénita,False
04A,2007,Sífilis congénita,False
04A,2008,Sífilis congénita,False
04A,2009,Sífilis congénita,False
04A,2010,Sífilis congénita,False
04A,2011,Sífilis congénita,False
04A,2012,Sífilis congénita,False
04A,2013,Sífilis congénita,False
04A,2014,Sífilis congénita,False
04A,2015,Sífilis congénita,False
04A,2016,Sífilis congénita,False
04A,2017,Sífilis congénita,False
04A,2018,Sífilis congénita,False
04A,2019,Sífilis congénita,False
04A,2020,Sífilis congénita,False
04A,2021,Sífilis congénita,False
04A,2022,Sífilis congénita,False
04A,2023,Sífilis congénita,False
04A,2024,Sífilis congénita,False
04B,2005,Sífilis precoz,
04B,2006,Sífilis precoz,False
04B,2007,Sífilis precoz,False
04B,2008,Sífilis precoz,False
04B,2009,Sífilis precoz,False
04B,2010,Sífilis precoz,False
04B,2011,Sífilis precoz,False
04B,2012,Sífilis precoz,False
04B,2013,Sífilis precoz,False
04B,2014,Sífilis precoz,False
04B,2015,Sífilis precoz,False
04B,2016,Sífilis precoz,False
04B,2017,Sífilis precoz,False
04B,2018,Sífilis precoz,False
04B,2019,Sífilis precoz,False
04B,2020,Sífilis precoz,False
04B,2021,Sífilis precoz,False
04B,2022,Sífilis precoz,False
04B,2023,Sífilis precoz,False
04B,2024,Sífilis precoz,False
04C,2005,Otras sífilis,
04C,2006,Otras sífilis,False
04C,2007,Otras sífilis,False
04C,2008,Otras sífilis,False
04C,2009,Otras sífilis,False
04C,2010,Otras sífilis,False
04C,2011,Otras sífilis,False
04C,2012,Otras sífilis,False
04C,2013,Otras sífilis,False
04C,2014,Otras sífilis,False
04C,2015,Otras sífilis,False
04C,2016,Otras sífilis,False
04C,2017,Otras sífilis,False
04C,2018,Otras sífilis,False
04C,2019,Otras sífilis,False
04C,2020,Otras sífilis,False
04C,2021,Otras sífilis,False
04C,2022,Otras sífilis,False
04C,2023,Otras sífilis,False
04C,2024,Otras sífilis,False
04D,2005,Infección gonocócica,
04D,2006,Infección gonocócica,False
04D,2007,Infección gonocócica,False
04D,2008,Infección gonocócica,False
04D,2009,Infección gonocócica,False
04D,2010,Infección gonocócica,False
04D,2011,Infección gonocócica,False
04D,2012,Infección gonocócica,False
04D,2013,Infección gonocócica,False
04D,2014,Infección gonocócica,False
04D,2015,Infección gonocócica,False
04D,2016,Infección gonocócica,False
04D,2017,Infección gonocócica,False
04D,2018,Infección gonocócica,False
04D,2019,Infección gonocócica,False
04D,2020,Infección gonocócica,False
04D,2021,Infección gonocócica,False
04D,2022,Infección gonocócica,False
04D,2023,Infección gonocócica,False
04D,2024,Infección gonocócica,False
04E,2005,Enfermedades de transmisión sexual debidas a clamidias,
04E,2006,Enfermedades de transmisión sexual debidas a clamidias,False
04E,2007,Enfermedades de transmisión sexual debidas a clamidias,False
04E,2008,Enfermedades de transmisión sexual debidas a clamidias,False
04E,2009,Enfermedades de transmisión sexual debidas a clamidias,False
04E,2010,Enfermedades de transmisión sexual debidas a clamidias,False
04E,2011,Enfermedades de transmisión sexual debidas a clamidias,False
04E,2012,Enfermedades de transmisión sexual debidas a clamidias,False
04E,2013,Enfermedades de transmisión sexual debidas a clamidias,False
04E,2014,Enfermedades de transmisión sexual debidas a clamidias,False
04E,2015,Enfermedades de transmisión sexual debidas a clamidias,False
04E,2016,Enfermedades de transmisión sexual debidas a clamidias,False
04E,2017,Enfermedades de transmisión sexual debidas a clamidias,False
04E,2018,Enfermedades de transmisión sexual debidas a clamidias,False
04E,2019,Enfermedades de transmisión sexual debidas a clamidias,False
04E,2020,Enfermedades de transmisión sexual debidas a clamidias,False
04E,2021,Enfermedades de transmisión sexual debidas a clamidias,False
04E,2022,Enfermedades de transmisión sexual debidas a clamidias,False
04E,2023,Enfermedades de transmisión sexual debidas a clamidias,False
04E,2024,Enfermedades de transmisión sexual debidas a clamidias,False
04F,2005,Otras infecciones con un modo de transmisión predominantemente sexual,
04F,2006,Otras infecciones con un modo de transmisión predominantemente sexual,False
04F,2007,Otras infecciones con un modo de transmisión predominantemente sexual,False
04F,2008,Otras infecciones con un modo de transmisión predominantemente sexual,False
04F,2009,Otras infecciones con un modo de transmisión predominantemente sexual,False
04F,2010,Otras infecciones con un modo de transmisión predominantemente sexual,False
04F,2011,Otras infecciones con un modo de transmisión predominantemente sexual,False
04F,2012,Otras infecciones con un modo de transmisión predominantemente sexual,False
04F,2013,Otras infecciones con un modo de transmisión predominantemente sexual,False
04F,2014,Otras infecciones con un modo de transmisión predominantemente sexual,False
04F,2015,Otras infecciones con un modo de transmisión predominantemente sexual,False
04F,2016,Otras infecciones con un modo de transmisión predominantemente sexual,False
04F,2017,Otras infecciones con un modo de transmisión predominantemente sexual,False
04F,2018,Otras infecciones con un modo de transmisión predominantemente sexual,False
04F,2019,Otras infecciones con un modo de transmisión predominantemente sexual,False
04F,2020,Otras infecciones con un modo de transmisión predominantemente sexual,False
04F,2021,Otras infecciones con un modo de transmisión predominantemente sexual,False
04F,2022,Otras infecciones con un modo de transmisión predominantemente sexual,False
04F,2023,Otras infecciones con un modo de transmisión predominantemente sexual,False
04F,2024,Otras infecciones con un modo de transmisión predominantemente sexual,False
05,2005,Otras enfermedades infecciosas y parasitarias y efectos tardíos de las enfermedades infecciosas y parasitarias,
05,2006,Otras enfermedades infecciosas y parasitarias y efectos tardíos de las enfermedades infecciosas y parasitarias,False
05,2007,Otras enfermedades infecciosas y parasitarias y efectos tardíos de las enfermedades infecciosas y parasitarias,False
05,2008,Otras enfermedades infecciosas y parasitarias y efectos tardíos de las enfermedades infecciosas y parasitarias,False
05,2009,Otras enfermedades infecciosas y parasitarias y efectos tardíos de las enfermedades infecciosas y parasitarias,False
05,2010,Otras enfermedades infecciosas y parasitarias y efectos tardíos de las enfermedades infecciosas y parasitarias,False
05,2011,Otras enfermedades infecciosas y parasitarias y efectos tardíos de las enfermedades infecciosas y parasitarias,False
05,2012,Otras enfermedades infecciosas y parasitarias y efectos tardíos de las enfermedades infecciosas y parasitarias,False
05,2013,Otras enfermedades infecciosas y parasitarias y efectos tardíos de las enfermedades infecciosas y parasitarias,False
05,2014,Otras enfermedades infecciosas y parasitarias y efectos tardíos de las enfermedades infecciosas y parasitarias,False
05,2015,Otras enfermedades infecciosas y parasitarias y efectos tardíos de las enfermedades infecciosas y parasitarias,False
05,2016,Otras enfermedades infecciosas y parasitarias y efectos tardíos de las enfermedades infecciosas y parasitarias,False
05,2017,Otras enfermedades infecciosas y parasitarias y efectos tardíos de las enfermedades infecciosas y parasitarias,False
05,2018,Otras enfermedades infecciosas y parasitarias y efectos tardíos de las enfermedades infecciosas y parasitarias,False
05,2019,Otras enfermedades infecciosas y parasitarias y efectos tardíos de las enfermedades infecciosas y parasitarias,False
05,2020,Otras enfermedades infecciosas y parasitarias y efectos tardíos de las enfermedades infecciosas y parasitarias,False
05,2021,Otras enfermedades infecciosas y parasitarias y efectos tardíos de las enfermedades infecciosas y parasitarias,False
05,2022,Otras enfermedades infecciosas y parasitarias y efectos tardíos de las enfermedades infecciosas y parasitarias,False
05,2023,Otras enfermedades infecciosas y parasitarias y efectos tardíos de las enfermedades infecciosas y parasitarias,False
05,2024,Otras enfermedades infecciosas y parasitarias y efectos tardíos de las enfermedades infecciosas y parasitarias,False
05A,2005,Otras enfermedades debidas a espiroquetas,
05A,2006,Otras enfermedades debidas a espiroquetas,False
05A,2007,Otras enfermedades debidas a espiroquetas,False
05A,2008,Otras enfermedades debidas a espiroquetas,False
05A,2009,Otras enfermedades debidas a espiroquetas,False
05A,2010,Otras enfermedades debidas a espiroquetas,False
05A,2011,Otras enfermedades debidas a espiroquetas,False
05A,2012,Otras enfermedades debidas a espiroquetas,False
05A,2013,Otras enfermedades debidas a espiroquetas,False
05A,2014,Otras enfermedades debidas a espiroquetas,False
05A,2015,Otras enfermedades debidas a espiroquetas,False
05A,2016,Otras enfermedades debidas a espiroquetas,False
05A,2017,Otras enfermedades debidas a espiroquetas,False
05A,2018,Otras enfermedades debidas a espiroquetas,False
05A,2019,Otras enfermedades debidas a espiroquetas,False
05A,2020,Otras enfermedades debidas a espiroquetas,False
05A,2021,Otras enfermedades debidas a espiroquetas,False
05A,2022,Otras enfermedades debidas a espiroquetas,False
05A,2023,Otras enfermedades debidas a espiroquetas,False
05A,2024,Otras enfermedades debidas a espiroquetas,False
05B,2005,Fiebres recurrentes,
05B,2006,Fiebres recurrentes,False
05B,2007,Fiebres recurrentes,False
05B,2008,Fiebres recurrentes,False
05B,2009,Fiebres recurrentes,False
05B,2010,Fiebres recurrentes,False
05B,2011,Fiebres recurrentes,False
05B,2012,Fiebres recurrentes,False
05B,2013,Fiebres recurrentes,False
05B,2014,Fiebres recurrentes,False
05B,2015,Fiebres recurrentes,False
05B,2016,Fiebres recurrentes,False
05B,2017,Fiebres recurrentes,False
05B,2018,Fiebres recurrentes,False
05B,2019,Fiebres recurrentes,False
05B,2020,Fiebres recurrentes,False
05B,2021,Fiebres recurrentes,False
05B,2022,Fiebres recurrentes,False
05B,2023,Fiebres recurrentes,False
05B,2024,Fiebres recurrentes,False
05C,2005,Micosis,
05C,2006,Micosis,False
05C,2007,Micosis,False
05C,2008,Micosis,False
05C,2009,Micosis,False
05C,2010,Micosis,False
05C,2011,Micosis,False
05C,2012,Micosis,False
05C,2013,Micosis,False
05C,2014,Micosis,False
05C,2015,Micosis,False
05C,2016,Micosis,False
05C,2017,Micosis,False
05C,2018,Micosis,False
05C,2019,Micosis,False
05C,2020,Micosis,False
05C,2021,Micosis,False
05C,2022,Micosis,False
05C,2023,Micosis,False
05C,2024,Micosis,False
05D,2005,Esquistosomiasis,
05D,2006,Esquistosomiasis,False
05D,2007,Esquistosomiasis,False
05D,2008,Esquistosomiasis,False
05D,2009,Esquistosomiasis,False
05D,2010,Esquistosomiasis,False
05D,2011,Esquistosomiasis,False
05D,2012,Esquistosomiasis,False
05D,2013,Esquistosomiasis,False
05D,2014,Esquistosomiasis,False
05D,2015,Esquistosomiasis,False
05D,2016,Esquistosomiasis,False
05D,2017,Esquistosomiasis,False
05D,2018,Esquistosomiasis,False
05D,2019,Esquistosomiasis,False
05D,2020,Esquistosomiasis,False
05D,2021,Esquistosomiasis,False
05D,2022,Esquistosomiasis,False
05D,2023,Esquistosomiasis,False
05D,2024,Esquistosomiasis,False
05E,2005,Otras infecciones debidas a trematodos,
05E,2006,Otras infecciones debidas a trematodos,False
05E,2007,Otras infecciones debidas a trematodos,False
05E,2008,Otras infecciones debidas a trematodos,False
05E,2009,Otras infecciones debidas a trematodos,False
05E,2010,Otras infecciones debidas a trematodos,False
05E,2011,Otras infecciones debidas a trematodos,False
05E,2012,Otras infecciones debidas a trematodos,False
05E,2013,Otras infecciones debidas a trematodos,False
05E,2014,Otras infecciones debidas a trematodos,False
05E,2015,Otras infecciones debidas a trematodos,False
05E,2016,Otras infecciones debidas a trematodos,False
05E,2017,Otras infecciones debidas a trematodos,False
05E,2018,Otras infecciones debidas a trematodos,False
05E,2019,Otras infecciones debidas a trematodos,False
05E,2020,Otras infecciones debidas a trematodos,False
05E,2021,Otras infecciones debidas a trematodos,False
05E,2022,Otras infecciones debidas a trematodos,False
05E,2023,Otras infecciones debidas a trematodos,False
05E,2024,Otras infecciones debidas a trematodos,False
05F,2005,Equinococosis,
05F,2006,Equinococosis,False
05F,2007,Equinococosis,False
05F,2008,Equinococosis,False
05F,2009,Equinococosis,False
05F,2010,Equinococosis,False
05F,2011,Equinococosis,False
05F,2012,Equinococosis,False
05F,2013,Equinococosis,False
05F,2014,Equinococosis,False
05F,2015,Equinococosis,False
05F,2016,Equinococosis,False
05F,2017,Equinococosis,False
05F,2018,Equinococosis,False
05F,2019,Equinococosis,False
05F,2020,Equinococosis,False
05F,2021,Equinococosis,False
05F,2022,Equinococosis,False
05F,2023,Equinococosis,False
05F,2024,Equinococosis,False
05G,2005,Dracontiasis,
05G,2006,Dracontiasis,False
05G,2007,Dracontiasis,False
05G,2008,Dracontiasis,False
05G,2009,Dracontiasis,False
05G,2010,Dracontiasis,False
05G,2011,Dracontiasis,False
05G,2012,Dracontiasis,False
05G,2013,Dracontiasis,False
05G,2014,Dracontiasis,False
05G,2015,Dracontiasis,False
05G,2016,Dracontiasis,False
05G,2017,Dracontiasis,False
05G,2018,Dracontiasis,False
05G,2019,Dracontiasis,False
05G,2020,Dracontiasis,False
05G,2021,Dracontiasis,False
05G,2022,Dracontiasis,False
05G,2023,Dracontiasis,False
05G,2024,Dracontiasis,False
05H,2005,Oncocercosis,
05H,2006,Oncocercosis,False
05H,2007,Oncocercosis,False
05H,2008,Oncocercosis,False
05H,2009,Oncocercosis,False
05H,2010,Oncocercosis,False
05H,2011,Oncocercosis,False
05H,2012,Oncocercosis,False
05H,2013,Oncocercosis,False
05H,2014,Oncocercosis,False
05H,2015,Oncocercosis,False
05H,2016,Oncocercosis,False
05H,2017,Oncocercosis,False
05H,2018,Oncocercosis,False
05H,2019,Oncocercosis,False
05H,2020,Oncocercosis,False
05H,2021,Oncocercosis,False
05H,2022,Oncocercosis,False
05H,2023,Oncocercosis,False
05H,2024,Oncocercosis,False
05I,2005,Filariasis,
05I,2006,Filariasis,False
05I,2007,Filariasis,False
05I,2008,Filariasis,False
05I,2009,Filariasis,False
05I,2010,Filariasis,False
05I,2011,Filariasis,False
05I,2012,Filariasis,False
05I,2013,Filariasis,False
05I,2014,Filariasis,False
05I,2015,Filariasis,False
05I,2016,Filariasis,False
05I,2017,Filariasis,False
05I,2018,Filariasis,False
05I,2019,Filariasis,False
05I,2020,Filariasis,False
05I,2021,Filariasis,False
05I,2022,Filariasis,False
05I,2023,Filariasis,False
05I,2024,Filariasis,False
05J,2005,Anquilostomiasis y necatoriasis,
05J,2006,Anquilostomiasis y necatoriasis,False
05J,2007,Anquilostomiasis y necatoriasis,False
05J,2008,Anquilostomiasis y necatoriasis,False
05J,2009,Anquilostomiasis y necatoriasis,False
05J,2010,Anquilostomiasis y necatoriasis,False
05J,2011,Anquilostomiasis y necatoriasis,False
05J,2012,Anquilostomiasis y necatoriasis,False
05J,2013,Anquilostomiasis y necatoriasis,False
05J,2014,Anquilostomiasis y necatoriasis,False
05J,2015,Anquilostomiasis y necatoriasis,False
05J,2016,Anquilostomiasis y necatoriasis,False
05J,2017,Anquilostomiasis y necatoriasis,False
05J,2018,Anquilostomiasis y necatoriasis,False
05J,2019,Anquilostomiasis y necatoriasis,False
05J,2020,Anquilostomiasis y necatoriasis,False
05J,2021,Anquilostomiasis y necatoriasis,False
05J,2022,Anquilostomiasis y necatoriasis,False
05J,2023,Anquilostomiasis y necatoriasis,False
05J,2024,Anquilostomiasis y necatoriasis,False
05K,2005,Otras helmintiasis,
05K,2006,Otras helmintiasis,False
05K,2007,Otras helmintiasis,False
05K,2008,Otras helmintiasis,False
05K,2009,Otras helmintiasis,False
05K,2010,Otras helmintiasis,False
05K,2011,Otras helmintiasis,False
05K,2012,Otras helmintiasis,False
05K,2013,Otras helmintiasis,False
05K,2014,Otras helmintiasis,False
05K,2015,Otras helmintiasis,False
05K,2016,Otras helmintiasis,False
05K,2017,Otras helmintiasis,False
05K,2018,Otras helmintiasis,False
05K,2019,Otras helmintiasis,False
05K,2020,Otras helmintiasis,False
05K,2021,Otras helmintiasis,False
05K,2022,Otras helmintiasis,False
05K,2023,Otras helmintiasis,False
05K,2024,Otras helmintiasis,False
05L,2005,Secuelas de tuberculosis,
05L,2006,Secuelas de tuberculosis,False
05L,2007,Secuelas de tuberculosis,False
05L,2008,Secuelas de tuberculosis,False
05L,2009,Secuelas de tuberculosis,False
05L,2010,Secuelas de tuberculosis,False
05L,2011,Secuelas de tuberculosis,False
05L,2012,Secuelas de tuberculosis,False
05L,2013,Secuelas de tuberculosis,False
05L,2014,Secuelas de tuberculosis,False
05L,2015,Secuelas de tuberculosis,False
05L,2016,Secuelas de tuberculosis,False
05L,2017,Secuelas de tuberculosis,False
05L,2018,Secuelas de tuberculosis,False
05L,2019,Secuelas de tuberculosis,False
05L,2020,Secuelas de tuberculosis,False
05L,2021,Secuelas de tuberculosis,False
05L,2022,Secuelas de tuberculosis,False
05L,2023,Secuelas de tuberculosis,False
05L,2024,Secuelas de tuberculosis,False
05M,2005,Secuelas de poliomielitis,
05M,2006,Secuelas de poliomielitis,False
05M,2007,Secuelas de poliomielitis,False
05M,2008,Secuelas de poliomielitis,False
05M,2009,Secuelas de poliomielitis,False
05M,2010,Secuelas de poliomielitis,False
05M,2011,Secuelas de poliomielitis,False
05M,2012,Secuelas de poliomielitis,False
05M,2013,Secuelas de poliomielitis,False
05M,2014,Secuelas de poliomielitis,False
05M,2015,Secuelas de poliomielitis,False
05M,2016,Secuelas de poliomielitis,False
05M,2017,Secuelas de poliomielitis,False
05M,2018,Secuelas de poliomielitis,False
05M,2019,Secuelas de poliomielitis,False
05M,2020,Secuelas de poliomielitis,False
05M,2021,Secuelas de poliomielitis,False
05M,2022,Secuelas de poliomielitis,False
05M,2023,Secuelas de poliomielitis,False
05M,2024,Secuelas de poliomielitis,False
05N,2005,Secuelas de lepra,
05N,2006,Secuelas de lepra,False
05N,2007,Secuelas de lepra,False
05N,2008,Secuelas de lepra,False
05N,2009,Secuelas de lepra,False
05N,2010,Secuelas de lepra,False
05N,2011,Secuelas de lepra,False
05N,2012,Secuelas de lepra,False
05N,2013,Secuelas de lepra,False
05N,2014,Secuelas de lepra,False
05N,2015,Secuelas de lepra,False
05N,2016,Secuelas de lepra,False
05N,2017,Secuelas de lepra,False
05N,2018,Secuelas de lepra,False
05N,2019,Secuelas de lepra,False
05N,2020,Secuelas de lepra,False
05N,2021,Secuelas de lepra,False
05N,2022,Secuelas de lepra,False
05N,2023,Secuelas de lepra,False
05N,2024,Secuelas de lepra,False
05O,2005,Secuelas de otras enfermedades infecciosas y parasitarias y de las no especificadas,
05O,2006,Secuelas de otras enfermedades infecciosas y parasitarias y de las no especificadas,False
05O,2007,Secuelas de otras enfermedades infecciosas y parasitarias y de las no especificadas,False
05O,2008,Secuelas de otras enfermedades infecciosas y parasitarias y de las no especificadas,False
05O,2009,Secuelas de otras enfermedades infecciosas y parasitarias y de las no especificadas,False
05O,2010,Secuelas de otras enfermedades infecciosas y parasitarias y de las no especificadas,False
05O,2011,Secuelas de otras enfermedades infecciosas y parasitarias y de las no especificadas,False
05O,2012,Secuelas de otras enfermedades infecciosas y parasitarias y de las no especificadas,False
05O,2013,Secuelas de otras enfermedades infecciosas y parasitarias y de las no especificadas,False
05O,2014,Secuelas de otras enfermedades infecciosas y parasitarias y de las no especificadas,False
05O,2015,Secuelas de otras enfermedades infecciosas y parasitarias y de las no especificadas,False
05O,2016,Secuelas de otras enfermedades infecciosas y parasitarias y de las no especificadas,False
05O,2017,Secuelas de otras enfermedades infecciosas y parasitarias y de las no especificadas,False
05O,2018,Secuelas de otras enfermedades infecciosas y parasitarias y de las no especificadas,False
05O,2019,Secuelas de otras enfermedades infecciosas y parasitarias y de las no especificadas,False
05O,2020,Secuelas de otras enfermedades infecciosas y parasitarias y de las no especificadas,False
05O,2021,Secuelas de otras enfermedades infecciosas y parasitarias y de las no especificadas,False
05O,2022,Secuelas de otras enfermedades infecciosas y parasitarias y de las no especificadas,False
05O,2023,Secuelas de otras enfermedades infecciosas y parasitarias y de las no especificadas,False
05O,2024,Secuelas de otras enfermedades infecciosas y parasitarias y de las no especificadas,False
05P,2021,"Condición de salud posterior a la COVID-19, no especificada",
05P,2022,"Condición de salud posterior a la COVID-19, no especificada",False
05P,2023,"Condición de salud posterior a la COVID-19, no especificada",False
05P,2024,"Condición de salud posterior a la COVID-19, no especificada",False
05Z,2005,Las demás enfermedades infecciosas y parasitarias del grupo,
05Z,2006,Las demás enfermedades infecciosas y parasitarias del grupo,False
05Z,2007,Las demás enfermedades infecciosas y parasitarias del grupo,False
05Z,2008,Las demás enfermedades infecciosas y parasitarias del grupo,False
05Z,2009,Las demás enfermedades infecciosas y parasitarias del grupo,False
05Z,2010,Las demás enfermedades infecciosas y parasitarias del grupo,False
05Z,2011,Las demás enfermedades infecciosas y parasitarias del grupo,False
05Z,2012,Las demás enfermedades infecciosas y parasitarias del grupo,False
05Z,2013,Las demás enfermedades infecciosas y parasitarias del grupo,False
05Z,2014,Las demás enfermedades infecciosas y parasitarias del grupo,False
05Z,2015,Las demás enfermedades infecciosas y parasitarias del grupo,False
05Z,2016,Las demás enfermedades infecciosas y parasitarias del grupo,False
05Z,2017,Las demás enfermedades infecciosas y parasitarias del grupo,False
05Z,2018,Las demás enfermedades infecciosas y parasitarias del grupo,False
05Z,2019,Las demás enfermedades infecciosas y parasitarias del grupo,False
05Z,2020,Las demás enfermedades infecciosas y parasitarias del grupo,False
05Z,2021,Las demás enfermedades infecciosas y parasitarias del grupo,False
05Z,2022,Las demás enfermedades infecciosas y parasitarias del grupo,False
05Z,2023,Las demás enfermedades infecciosas y parasitarias del grupo,False
05Z,2024,Las demás enfermedades infecciosas y parasitarias del grupo,False
06,2005,Enfermedades víricas,
06,2006,Enfermedades víricas,False
06,2007,Enfermedades víricas,False
06,2008,Enfermedades víricas,False
06,2009,Enfermedades víricas,False
06,2010,Enfermedades víricas,False
06,2011,Enfermedades víricas,False
06,2012,Enfermedades víricas,False
06,2013,Enfermedades víricas,False
06,2014,Enfermedades víricas,False
06,2015,Enfermedades víricas,False
06,2016,Enfermedades víricas,False
06,2017,Enfermedades víricas,False
06,2018,Enfermedades víricas,False
06,2019,Enfermedades víricas,False
06,2020,Enfermedades víricas,False
06,2021,Enfermedades víricas,False
06,2022,Enfermedades víricas,False
06,2023,Enfermedades víricas,False
06,2024,Enfermedades víricas,False
06A,2005,Poliomielitis aguda,
06A,2006,Poliomielitis aguda,False
06A,2007,Poliomielitis aguda,False
06A,2008,Poliomielitis aguda,False
06A,2009,Poliomielitis aguda,False
06A,2010,Poliomielitis aguda,False
06A,2011,Poliomielitis aguda,False
06A,2012,Poliomielitis aguda,False
06A,2013,Poliomielitis aguda,False
06A,2014,Poliomielitis aguda,False
06A,2015,Poliomielitis aguda,False
06A,2016,Poliomielitis aguda,False
06A,2017,Poliomielitis aguda,False
06A,2018,Poliomielitis aguda,False
06A,2019,Poliomielitis aguda,False
06A,2020,Poliomielitis aguda,False
06A,2021,Poliomielitis aguda,False
06A,2022,Poliomielitis aguda,False
06A,2023,Poliomielitis aguda,False
06A,2024,Poliomielitis aguda,False
06B,2005,Viruela,
06B,2006,Viruela,False
06B,2007,Viruela,False
06B,2008,Viruela,False
06B,2009,Viruela,False
06B,2010,Viruela,False
06B,2011,Viruela,False
06B,2012,Viruela,False
06B,2013,Viruela,False
06B,2014,Viruela,False
06B,2015,Viruela,False
06B,2016,Viruela,False
06B,2017,Viruela,False
06B,2018,Viruela,False
06B,2019,Viruela,False
06B,2020,Viruela,False
06B,2021,Viruela,False
06B,2022,Viruela,False
06B,2023,Viruela,False
06B,2024,Viruela,False
06C,2005,Sarampión,
06C,2006,Sarampión,False
06C,2007,Sarampión,False
06C,2008,Sarampión,False
06C,2009,Sarampión,False
06C,2010,Sarampión,False
06C,2011,Sarampión,False
06C,2012,Sarampión,False
06C,2013,Sarampión,False
06C,2014,Sarampión,False
06C,2015,Sarampión,False
06C,2016,Sarampión,False
06C,2017,Sarampión,False
06C,2018,Sarampión,False
06C,2019,Sarampión,False
06C,2020,Sarampión,False
06C,2021,Sarampión,False
06C,2022,Sarampión,False
06C,2023,Sarampión,False
06C,2024,Sarampión,False
06D,2005,Rubéola,
06D,2006,Rubéola,False
06D,2007,Rubéola,False
06D,2008,Rubéola,False
06D,2009,Rubéola,False
06D,2010,Rubéola,False
06D,2011,Rubéola,False
06D,2012,Rubéola,False
06D,2013,Rubéola,False
06D,2014,Rubéola,False
06D,2015,Rubéola,False
06D,2016,Rubéola,False
06D,2017,Rubéola,False
06D,2018,Rubéola,False
06D,2019,Rubéola,False
06D,2020,Rubéola,False
06D,2021,Rubéola,False
06D,2022,Rubéola,False
06D,2023,Rubéola,False
06D,2024,Rubéola,False
06E,2005,Fiebre amarilla,
06E,2006,Fiebre amarilla,False
06E,2007,Fiebre amarilla,False
06E,2008,Fiebre amarilla,False
06E,2009,Fiebre amarilla,False
06E,2010,Fiebre amarilla,False
06E,2011,Fiebre amarilla,False
06E,2012,Fiebre amarilla,False
06E,2013,Fiebre amarilla,False
06E,2014,Fiebre amarilla,False
06E,2015,Fiebre amarilla,False
06E,2016,Fiebre amarilla,False
06E,2017,Fiebre amarilla,False
06E,2018,Fiebre amarilla,False
06E,2019,Fiebre amarilla,False
06E,2020,Fiebre amarilla,False
06E,2021,Fiebre amarilla,False
06E,2022,Fiebre amarilla,False
06E,2023,Fiebre amarilla,False
06E,2024,Fiebre amarilla,False
06F,2005,Fiebre del dengue,
06F,2006,Fiebre del dengue,False
06F,2007,Fiebre del dengue,False
06F,2008,Fiebre del dengue,False
06F,2009,Fiebre del dengue,False
06F,2010,Fiebre del dengue,False
06F,2011,Fiebre del dengue,False
06F,2012,Fiebre del dengue,False
06F,2013,Fiebre del dengue,False
06F,2014,Fiebre del dengue,False
06F,2015,Fiebre del dengue,False
06F,2016,Fiebre del dengue,False
06F,2017,Fiebre del dengue,False
06F,2018,Fiebre del dengue,False
06F,2019,Fiebre del dengue,False
06F,2020,Fiebre del dengue,False
06F,2021,Fiebre del dengue,False
06F,2022,Fiebre del dengue,False
06F,2023,Fiebre del dengue,False
06F,2024,Fiebre del dengue,False
06G,2005,Fiebre del dengue hemorrágico,
06G,2006,Fiebre del dengue hemorrágico,False
06G,2007,Fiebre del dengue hemorrágico,False
06G,2008,Fiebre del dengue hemorrágico,False
06G,2009,Fiebre del dengue hemorrágico,False
06G,2010,Fiebre del dengue hemorrágico,False
06G,2011,Fiebre del dengue hemorrágico,False
06G,2012,Fiebre del dengue hemorrágico,False
06G,2013,Fiebre del dengue hemorrágico,False
06G,2014,Fiebre del dengue hemorrágico,False
06G,2015,Fiebre del dengue hemorrágico,False
06G,2016,Fiebre del dengue hemorrágico,False
06G,2017,Fiebre del dengue hemorrágico,False
06G,2018,Fiebre del dengue hemorrágico,False
06G,2019,Fiebre del dengue hemorrágico,False
06G,2020,Fiebre del dengue hemorrágico,False
06G,2021,Fiebre del dengue hemorrágico,False
06G,2022,Fiebre del dengue hemorrágico,False
06G,2023,Fiebre del dengue hemorrágico,False
06G,2024,Fiebre del dengue hemorrágico,False
06H,2005,Enfermedad por virus de la inmunodeficiencia humana,
06H,2006,Enfermedad por virus de la inmunodeficiencia humana,False
06H,2007,Enfermedad por virus de la inmunodeficiencia humana,False
06H,2008,Enfermedad por virus de la inmunodeficiencia humana,False
06H,2009,Enfermedad por virus de la inmunodeficiencia humana,False
06H,2010,Enfermedad por virus de la inmunodeficiencia humana,False
06H,2011,Enfermedad por virus de la inmunodeficiencia humana,False
06H,2012,Enfermedad por virus de la inmunodeficiencia humana,False
06H,2013,Enfermedad por virus de la inmunodeficiencia humana,False
06H,2014,Enfermedad por virus de la inmunodeficiencia humana,False
06H,2015,Enfermedad por virus de la inmunodeficiencia humana,False
06H,2016,Enfermedad por virus de la inmunodeficiencia humana,False
06H,2017,Enfermedad por virus de la inmunodeficiencia humana,False
06H,2018,Enfermedad por virus de la inmunodeficiencia humana,False
06H,2019,Enfermedad por virus de la inmunodeficiencia humana,False
06H,2020,Enfermedad por virus de la inmunodeficiencia humana,False
06H,2021,Enfermedad por virus de la inmunodeficiencia humana,False
06H,2022,Enfermedad por virus de la inmunodeficiencia humana,False
06H,2023,Enfermedad por virus de la inmunodeficiencia humana,False
06H,2024,Enfermedad por virus de la inmunodeficiencia humana,False
06I,2005,Encefalitis viral transmitida por artrópodos,
06I,2006,Encefalitis viral transmitida por artrópodos,False
06I,2007,Encefalitis viral transmitida por artrópodos,False
06I,2008,Encefalitis viral transmitida por artrópodos,False
06I,2009,Encefalitis viral transmitida por artrópodos,False
06I,2010,Encefalitis viral transmitida por artrópodos,False
06I,2011,Encefalitis viral transmitida por artrópodos,False
06I,2012,Encefalitis viral transmitida por artrópodos,False
06I,2013,Encefalitis viral transmitida por artrópodos,False
06I,2014,Encefalitis viral transmitida por artrópodos,False
06I,2015,Encefalitis viral transmitida por artrópodos,False
06I,2016,Encefalitis viral transmitida por artrópodos,False
06I,2017,Encefalitis viral transmitida por artrópodos,False
06I,2018,Encefalitis viral transmitida por artrópodos,False
06I,2019,Encefalitis viral transmitida por artrópodos,False
06I,2020,Encefalitis viral transmitida por artrópodos,False
06I,2021,Encefalitis viral transmitida por artrópodos,False
06I,2022,Encefalitis viral transmitida por artrópodos,False
06I,2023,Encefalitis viral transmitida por artrópodos,False
06I,2024,Encefalitis viral transmitida por artrópodos,False
06J,2005,Hepatitis aguda tipo B,
06J,2006,Hepatitis aguda tipo B,False
06J,2007,Hepatitis aguda tipo B,False
06J,2008,Hepatitis aguda tipo B,False
06J,2009,Hepatitis aguda tipo B,False
06J,2010,Hepatitis aguda tipo B,False
06J,2011,Hepatitis aguda tipo B,False
06J,2012,Hepatitis aguda tipo B,False
06J,2013,Hepatitis aguda tipo B,False
06J,2014,Hepatitis aguda tipo B,False
06J,2015,Hepatitis aguda tipo B,False
06J,2016,Hepatitis aguda tipo B,False
06J,2017,Hepatitis aguda tipo B,False
06J,2018,Hepatitis aguda tipo B,False
06J,2019,Hepatitis aguda tipo B,False
06J,2020,Hepatitis aguda tipo B,False
06J,2021,Hepatitis aguda tipo B,False
06J,2022,Hepatitis aguda tipo B,False
06J,2023,Hepatitis aguda tipo B,False
06J,2024,Hepatitis aguda tipo B,False
06K,2005,Otras hepatitis virales,
06K,2006,Otras hepatitis virales,False
06K,2007,Otras hepatitis virales,False
06K,2008,Otras hepatitis virales,False
06K,2009,Otras hepatitis virales,False
06K,2010,Otras hepatitis virales,False
06K,2011,Otras hepatitis virales,False
06K,2012,Otras hepatitis virales,False
06K,2013,Otras hepatitis virales,False
06K,2014,Otras hepatitis virales,False
06K,2015,Otras hepatitis virales,False
06K,2016,Otras hepatitis virales,False
06K,2017,Otras hepatitis virales,False
06K,2018,Otras hepatitis virales,False
06K,2019,Otras hepatitis virales,False
06K,2020,Otras hepatitis virales,False
06K,2021,Otras hepatitis virales,False
06K,2022,Otras hepatitis virales,False
06K,2023,Otras hepatitis virales,False
06K,2024,Otras hepatitis virales,False
06L,2005,Rabia,
06L,2006,Rabia,False
06L,2007,Rabia,False
06L,2008,Rabia,False
06L,2009,Rabia,False
06L,2010,Rabia,False
06L,2011,Rabia,False
06L,2012,Rabia,False
06L,2013,Rabia,False
06L,2014,Rabia,False
06L,2015,Rabia,False
06L,2016,Rabia,False
06L,2017,Rabia,False
06L,2018,Rabia,False
06L,2019,Rabia,False
06L,2020,Rabia,False
06L,2021,Rabia,False
06L,2022,Rabia,False
06L,2023,Rabia,False
06L,2024,Rabia,False
06M,2005,Tracoma,
06M,2006,Tracoma,False
06M,2007,Tracoma,False
06M,2008,Tracoma,False
06M,2009,Tracoma,False
06M,2010,Tracoma,False
06M,2011,Tracoma,False
06M,2012,Tracoma,False
06M,2013,Tracoma,False
06M,2014,Tracoma,False
06M,2015,Tracoma,False
06M,2016,Tracoma,False
06M,2017,Tracoma,False
06M,2018,Tracoma,False
06M,2019,Tracoma,False
06M,2020,Tracoma,False
06M,2021,Tracoma,False
06M,2022,Tracoma,False
06M,2023,Tracoma,False
06M,2024,Tracoma,False
06N,2005,Otras fiebres virales transmitidas por artrópodos y fiebres hemorrágicas virales,
06N,2006,Otras fiebres virales transmitidas por artrópodos y fiebres hemorrágicas virales,False
06N,2007,Otras fiebres virales transmitidas por artrópodos y fiebres hemorrágicas virales,False
06N,2008,Otras fiebres virales transmitidas por artrópodos y fiebres hemorrágicas virales,False
06N,2009,Otras fiebres virales transmitidas por artrópodos y fiebres hemorrágicas virales,False
06N,2010,Otras fiebres virales transmitidas por artrópodos y fiebres hemorrágicas virales,False
06N,2011,Otras fiebres virales transmitidas por artrópodos y fiebres hemorrágicas virales,False
06N,2012,Otras fiebres virales transmitidas por artrópodos y fiebres hemorrágicas virales,False
06N,2013,Otras fiebres virales transmitidas por artrópodos y fiebres hemorrágicas virales,False
06N,2014,Otras fiebres virales transmitidas por artrópodos y fiebres hemorrágicas virales,False
06N,2015,Otras fiebres virales transmitidas por artrópodos y fiebres hemorrágicas virales,False
06N,2016,Otras fiebres virales transmitidas por artrópodos y fiebres hemorrágicas virales,False
06N,2017,Otras fiebres virales transmitidas por artrópodos y fiebres hemorrágicas virales,False
06N,2018,Otras fiebres virales transmitidas por artrópodos y fiebres hemorrágicas virales,False
06N,2019,Otras fiebres virales transmitidas por artrópodos y fiebres hemorrágicas virales,False
06N,2020,Otras fiebres virales transmitidas por artrópodos y fiebres hemorrágicas virales,False
06N,2021,Otras fiebres virales transmitidas por artrópodos y fiebres hemorrágicas virales,False
06N,2022,Otras fiebres virales transmitidas por artrópodos y fiebres hemorrágicas virales,False
06N,2023,Otras fiebres virales transmitidas por artrópodos y fiebres hemorrágicas virales,False
06N,2024,Otras fiebres virales transmitidas por artrópodos y fiebres hemorrágicas virales,False
06O,2005,Infecciones herpéticas,
06O,2006,Infecciones herpéticas,False
06O,2007,Infecciones herpéticas,False
06O,2008,Infecciones herpéticas,False
06O,2009,Infecciones herpéticas,False
06O,2010,Infecciones herpéticas,False
06O,2011,Infecciones herpéticas,False
06O,2012,Infecciones herpéticas,False
06O,2013,Infecciones herpéticas,False
06O,2014,Infecciones herpéticas,False
06O,2015,Infecciones herpéticas,False
06O,2016,Infecciones herpéticas,False
06O,2017,Infecciones herpéticas,False
06O,2018,Infecciones herpéticas,False
06O,2019,Infecciones herpéticas,False
06O,2020,Infecciones herpéticas,False
06O,2021,Infecciones herpéticas,False
06O,2022,Infecciones herpéticas,False
06O,2023,Infecciones herpéticas,False
06O,2024,Infecciones herpéticas,False
06P,2005,Varicela y herpes zoster,
06P,2006,Varicela y herpes zoster,False
06P,2007,Varicela y herpes zoster,False
06P,2008,Varicela y herpes zoster,False
06P,2009,Varicela y herpes zoster,False
06P,2010,Varicela y herpes zoster,False
06P,2011,Varicela y herpes zoster,False
06P,2012,Varicela y herpes zoster,False
06P,2013,Varicela y herpes zoster,False
06P,2014,Varicela y herpes zoster,False
06P,2015,Varicela y herpes zoster,False
06P,2016,Varicela y herpes zoster,False
06P,2017,Varicela y herpes zoster,False
06P,2018,Varicela y herpes zoster,False
06P,2019,Varicela y herpes zoster,False
06P,2020,Varicela y herpes zoster,False
06P,2021,Varicela y herpes zoster,False
06P,2022,Varicela y herpes zoster,False
06P,2023,Varicela y herpes zoster,False
06P,2024,Varicela y herpes zoster,False
06Q,2005,Parotiditis infecciosa,
06Q,2006,Parotiditis infecciosa,False
06Q,2007,Parotiditis infecciosa,False
06Q,2008,Parotiditis infecciosa,False
06Q,2009,Parotiditis infecciosa,False
06Q,2010,Parotiditis infecciosa,False
06Q,2011,Parotiditis infecciosa,False
06Q,2012,Parotiditis infecciosa,False
06Q,2013,Parotiditis infecciosa,False
06Q,2014,Parotiditis infecciosa,False
06Q,2015,Parotiditis infecciosa,False
06Q,2016,Parotiditis infecciosa,False
06Q,2017,Parotiditis infecciosa,False
06Q,2018,Parotiditis infecciosa,False
06Q,2019,Parotiditis infecciosa,False
06Q,2020,Parotiditis infecciosa,False
06Q,2021,Parotiditis infecciosa,False
06Q,2022,Parotiditis infecciosa,False
06Q,2023,Parotiditis infecciosa,False
06Q,2024,Parotiditis infecciosa,False
06R,2005,Otras enfermedades causadas por clamidias,
06R,2006,Otras enfermedades causadas por clamidias,False
06R,2007,Otras enfermedades causadas por clamidias,False
06R,2008,Otras enfermedades causadas por clamidias,False
06R,2009,Otras enfermedades causadas por clamidias,False
06R,2010,Otras enfermedades causadas por clamidias,False
06R,2011,Otras enfermedades causadas por clamidias,False
06R,2012,Otras enfermedades causadas por clamidias,False
06R,2013,Otras enfermedades causadas por clamidias,False
06R,2014,Otras enfermedades causadas por clamidias,False
06R,2015,Otras enfermedades causadas por clamidias,False
06R,2016,Otras enfermedades causadas por clamidias,False
06R,2017,Otras enfermedades causadas por clamidias,False
06R,2018,Otras enfermedades causadas por clamidias,False
06R,2019,Otras enfermedades causadas por clamidias,False
06R,2020,Otras enfermedades causadas por clamidias,False
06R,2021,Otras enfermedades causadas por clamidias,False
06R,2022,Otras enfermedades causadas por clamidias,False
06R,2023,Otras enfermedades causadas por clamidias,False
06R,2024,Otras enfermedades causadas por clamidias,False
06S,2016,"Enfermedad por el virus del Zika, sin especificación",
06S,2017,"Enfermedad por el virus del Zika, sin especificación",False
06S,2018,"Enfermedad por el virus del Zika, sin especificación",False
06S,2019,"Enfermedad por el virus del Zika, sin especificación",False
06S,2020,"Enfermedad por el virus del Zika, sin especificación",False
06S,2021,Enfermedad por el virus del Zika,True
06S,2022,Enfermedad por el virus del Zika,False
06S,2023,Enfermedad por el virus del Zika,False
06S,2024,Enfermedad por el virus del Zika,False
06T,2020,COVID-19,
06T,2021,COVID-19,False
06T,2022,COVID-19,False
06T,2023,COVID-19,False
06T,2024,COVID-19,False
06Z,2005,Las demás enfermedades víricas,
06Z,2006,Las demás enfermedades víricas,False
06Z,2007,Las demás enfermedades víricas,False
06Z,2008,Las demás enfermedades víricas,False
06Z,2009,Las demás enfermedades víricas,False
06Z,2010,Las demás enfermedades víricas,False
06Z,2011,Las demás enfermedades víricas,False
06Z,2012,Las demás enfermedades víricas,False
06Z,2013,Las demás enfermedades víricas,False
06Z,2014,Las demás enfermedades víricas,False
06Z,2015,Las demás enfermedades víricas,False
06Z,2016,Las demás enfermedades víricas,False
06Z,2017,Las demás enfermedades víricas,False
06Z,2018,Las demás enfermedades víricas,False
06Z,2019,Las demás enfermedades víricas,False
06Z,2020,Las demás enfermedades víricas,False
06Z,2021,Las demás enfermedades víricas,False
06Z,2022,Las demás enfermedades víricas,False
06Z,2023,Las demás enfermedades víricas,False
06Z,2024,Las demás enfermedades víricas,False
07,2005,Rickettsiosis y otras enfermedades debidas a protozoarios,
07,2006,Rickettsiosis y otras enfermedades debidas a protozoarios,False
07,2007,Rickettsiosis y otras enfermedades debidas a protozoarios,False
07,2008,Rickettsiosis y otras enfermedades debidas a protozoarios,False
07,2009,Rickettsiosis y otras enfermedades debidas a protozoarios,False
07,2010,Rickettsiosis y otras enfermedades debidas a protozoarios,False
07,2011,Rickettsiosis y otras enfermedades debidas a protozoarios,False
07,2012,Rickettsiosis y otras enfermedades debidas a protozoarios,False
07,2013,Rickettsiosis y otras enfermedades debidas a protozoarios,False
07,2014,Rickettsiosis y otras enfermedades debidas a protozoarios,False
07,2015,Rickettsiosis y otras enfermedades debidas a protozoarios,False
07,2016,Rickettsiosis y otras enfermedades debidas a protozoarios,False
07,2017,Rickettsiosis y otras enfermedades debidas a protozoarios,False
07,2018,Rickettsiosis y otras enfermedades debidas a protozoarios,False
07,2019,Rickettsiosis y otras enfermedades debidas a protozoarios,False
07,2020,Rickettsiosis y otras enfermedades debidas a protozoarios,False
07,2021,Rickettsiosis y otras enfermedades debidas a protozoarios,False
07,2022,Rickettsiosis y otras enfermedades debidas a protozoarios,False
07,2023,Rickettsiosis y otras enfermedades debidas a protozoarios,False
07,2024,Rickettsiosis y otras enfermedades debidas a protozoarios,False
07A,2005,Tifus epidémico transmitido por piojos,
07A,2006,Tifus epidémico transmitido por piojos,False
07A,2007,Tifus epidémico transmitido por piojos,False
07A,2008,Tifus epidémico transmitido por piojos,False
07A,2009,Tifus epidémico transmitido por piojos,False
07A,2010,Tifus epidémico transmitido por piojos,False
07A,2011,Tifus epidémico transmitido por piojos,False
07A,2012,Tifus epidémico transmitido por piojos,False
07A,2013,Tifus epidémico transmitido por piojos,False
07A,2014,Tifus epidémico transmitido por piojos,False
07A,2015,Tifus epidémico transmitido por piojos,False
07A,2016,Tifus epidémico transmitido por piojos,False
07A,2017,Tifus epidémico transmitido por piojos,False
07A,2018,Tifus epidémico transmitido por piojos,False
07A,2019,Tifus epidémico transmitido por piojos,False
07A,2020,Tifus epidémico transmitido por piojos,False
07A,2021,Tifus epidémico transmitido por piojos,False
07A,2022,Tifus epidémico transmitido por piojos,False
07A,2023,Tifus epidémico transmitido por piojos,False
07A,2024,Tifus epidémico transmitido por piojos,False
07B,2005,Otros tifus,
07B,2006,Otros tifus,False
07B,2007,Otros tifus,False
07B,2008,Otros tifus,False
07B,2009,Otros tifus,False
07B,2010,Otros tifus,False
07B,2011,Otros tifus,False
07B,2012,Otros tifus,False
07B,2013,Otros tifus,False
07B,2014,Otros tifus,False
07B,2015,Otros tifus,False
07B,2016,Otros tifus,False
07B,2017,Otros tifus,False
07B,2018,Otros tifus,False
07B,2019,Otros tifus,False
07B,2020,Otros tifus,False
07B,2021,Otros tifus,False
07B,2022,Otros tifus,False
07B,2023,Otros tifus,False
07B,2024,Otros tifus,False
07C,2005,Otras rickettsiosis,
07C,2006,Otras rickettsiosis,False
07C,2007,Otras rickettsiosis,False
07C,2008,Otras rickettsiosis,False
07C,2009,Otras rickettsiosis,False
07C,2010,Otras rickettsiosis,False
07C,2011,Otras rickettsiosis,False
07C,2012,Otras rickettsiosis,False
07C,2013,Otras rickettsiosis,False
07C,2014,Otras rickettsiosis,False
07C,2015,Otras rickettsiosis,False
07C,2016,Otras rickettsiosis,False
07C,2017,Otras rickettsiosis,False
07C,2018,Otras rickettsiosis,False
07C,2019,Otras rickettsiosis,False
07C,2020,Otras rickettsiosis,False
07C,2021,Otras rickettsiosis,False
07C,2022,Otras rickettsiosis,False
07C,2023,Otras rickettsiosis,False
07C,2024,Otras rickettsiosis,False
07D,2005,Paludismo,
07D,2006,Paludismo,False
07D,2007,Paludismo,False
07D,2008,Paludismo,False
07D,2009,Paludismo,False
07D,2010,Paludismo,False
07D,2011,Paludismo,False
07D,2012,Paludismo,False
07D,2013,Paludismo,False
07D,2014,Paludismo,False
07D,2015,Paludismo,False
07D,2016,Paludismo,False
07D,2017,Paludismo,False
07D,2018,Paludismo,False
07D,2019,Paludismo,False
07D,2020,Paludismo,False
07D,2021,Paludismo,False
07D,2022,Paludismo,False
07D,2023,Paludismo,False
07D,2024,Paludismo,False
07E,2005,Leishmaniasis,
07E,2006,Leishmaniasis,False
07E,2007,Leishmaniasis,False
07E,2008,Leishmaniasis,False
07E,2009,Leishmaniasis,False
07E,2010,Leishmaniasis,False
07E,2011,Leishmaniasis,False
07E,2012,Leishmaniasis,False
07E,2013,Leishmaniasis,False
07E,2014,Leishmaniasis,False
07E,2015,Leishmaniasis,False
07E,2016,Leishmaniasis,False
07E,2017,Leishmaniasis,False
07E,2018,Leishmaniasis,False
07E,2019,Leishmaniasis,False
07E,2020,Leishmaniasis,False
07E,2021,Leishmaniasis,False
07E,2022,Leishmaniasis,False
07E,2023,Leishmaniasis,False
07E,2024,Leishmaniasis,False
07F,2005,Tripanosomiasis,
07F,2006,Tripanosomiasis,False
07F,2007,Tripanosomiasis,False
07F,2008,Tripanosomiasis,False
07F,2009,Tripanosomiasis,False
07F,2010,Tripanosomiasis,False
07F,2011,Tripanosomiasis,False
07F,2012,Tripanosomiasis,False
07F,2013,Tripanosomiasis,False
07F,2014,Tripanosomiasis,False
07F,2015,Tripanosomiasis,False
07F,2016,Tripanosomiasis,False
07F,2017,Tripanosomiasis,False
07F,2018,Tripanosomiasis,False
07F,2019,Tripanosomiasis,False
07F,2020,Tripanosomiasis,False
07F,2021,Tripanosomiasis,False
07F,2022,Tripanosomiasis,False
07F,2023,Tripanosomiasis,False
07F,2024,Tripanosomiasis,False
08,2005,"Tumores malignos del labio, de la cavidad bucal y de la faringe",
08,2006,"Tumores malignos del labio, de la cavidad bucal y de la faringe",False
08,2007,"Tumores malignos del labio, de la cavidad bucal y de la faringe",False
08,2008,"Tumores malignos del labio, de la cavidad bucal y de la faringe",False
08,2009,"Tumores malignos del labio, de la cavidad bucal y de la faringe",False
08,2010,"Tumores malignos del labio, de la cavidad bucal y de la faringe",False
08,2011,"Tumores malignos del labio, de la cavidad bucal y de la faringe",False
08,2012,"Tumores malignos del labio, de la cavidad bucal y de la faringe",False
08,2013,"Tumores malignos del labio, de la cavidad bucal y de la faringe",False
08,2014,"Tumores malignos del labio, de la cavidad bucal y de la faringe",False
08,2015,"Tumores malignos del labio, de la cavidad bucal y de la faringe",False
08,2016,"Tumores malignos del labio, de la cavidad bucal y de la faringe",False
08,2017,"Tumores malignos del labio, de la cavidad bucal y de la faringe",False
08,2018,"Tumores malignos del labio, de la cavidad bucal y de la faringe",False
08,2019,"Tumores malignos del labio, de la cavidad bucal y de la faringe",False
08,2020,"Tumores malignos del labio, de la cavidad bucal y de la faringe",False
08,2021,"Tumores malignos del labio, de la cavidad bucal y de la faringe",False
08,2022,"Tumores malignos del labio, de la cavidad bucal y de la faringe",False
08,2023,"Tumores malignos del labio, de la cavidad bucal y de la faringe",False
08,2024,"Tumores malignos del labio, de la cavidad bucal y de la faringe",False
09,2005,Tumores malignos de los órganos digestivos,
09,2006,Tumores malignos de los órganos digestivos,False
09,2007,Tumores malignos de los órganos digestivos,False
09,2008,Tumores malignos de los órganos digestivos,False
09,2009,Tumores malignos de los órganos digestivos,False
09,2010,Tumores malignos de los órganos digestivos,False
09,2011,Tumores malignos de los órganos digestivos,False
09,2012,Tumores malignos de los órganos digestivos,False
09,2013,Tumores malignos de los órganos digestivos,False
09,2014,Tumores malignos de los órganos digestivos,False
09,2015,Tumores malignos de los órganos digestivos,False
09,2016,Tumores malignos de los órganos digestivos,False
09,2017,Tumores malignos de los órganos digestivos,False
09,2018,Tumores malignos de los órganos digestivos,False
09,2019,Tumores malignos de los órganos digestivos,False
09,2020,Tumores malignos de los órganos digestivos,False
09,2021,Tumores malignos de los órganos digestivos,False
09,2022,Tumores malignos de los órganos digestivos,False
09,2023,Tumores malignos de los órganos digestivos,False
09,2024,Tumores malignos de los órganos digestivos,False
09A,2005,Tumor maligno del esófago,
09A,2006,Tumor maligno del esófago,False
09A,2007,Tumor maligno del esófago,False
09A,2008,Tumor maligno del esófago,False
09A,2009,Tumor maligno del esófago,False
09A,2010,Tumor maligno del esófago,False
09A,2011,Tumor maligno del esófago,False
09A,2012,Tumor maligno del esófago,False
09A,2013,Tumor maligno del esófago,False
09A,2014,Tumor maligno del esófago,False
09A,2015,Tumor maligno del esófago,False
09A,2016,Tumor maligno del esófago,False
09A,2017,Tumor maligno del esófago,False
09A,2018,Tumor maligno del esófago,False
09A,2019,Tumor maligno del esófago,False
09A,2020,Tumor maligno del esófago,False
09A,2021,Tumor maligno del esófago,False
09A,2022,Tumor maligno del esófago,False
09A,2023,Tumor maligno del esófago,False
09A,2024,Tumor maligno del esófago,False
09B,2005,Tumor maligno del estómago,
09B,2006,Tumor maligno del estómago,False
09B,2007,Tumor maligno del estómago,False
09B,2008,Tumor maligno del estómago,False
09B,2009,Tumor maligno del estómago,False
09B,2010,Tumor maligno del estómago,False
09B,2011,Tumor maligno del estómago,False
09B,2012,Tumor maligno del estómago,False
09B,2013,Tumor maligno del estómago,False
09B,2014,Tumor maligno del estómago,False
09B,2015,Tumor maligno del estómago,False
09B,2016,Tumor maligno del estómago,False
09B,2017,Tumor maligno del estómago,False
09B,2018,Tumor maligno del estómago,False
09B,2019,Tumor maligno del estómago,False
09B,2020,Tumor maligno del estómago,False
09B,2021,Tumor maligno del estómago,False
09B,2022,Tumor maligno del estómago,False
09B,2023,Tumor maligno del estómago,False
09B,2024,Tumor maligno del estómago,False
09C,2005,Tumor maligno del intestino delgado,
09C,2006,Tumor maligno del intestino delgado,False
09C,2007,Tumor maligno del intestino delgado,False
09C,2008,Tumor maligno del intestino delgado,False
09C,2009,Tumor maligno del intestino delgado,False
09C,2010,Tumor maligno del intestino delgado,False
09C,2011,Tumor maligno del intestino delgado,False
09C,2012,Tumor maligno del intestino delgado,False
09C,2013,Tumor maligno del intestino delgado,False
09C,2014,Tumor maligno del intestino delgado,False
09C,2015,Tumor maligno del intestino delgado,False
09C,2016,Tumor maligno del intestino delgado,False
09C,2017,Tumor maligno del intestino delgado,False
09C,2018,Tumor maligno del intestino delgado,False
09C,2019,Tumor maligno del intestino delgado,False
09C,2020,Tumor maligno del intestino delgado,False
09C,2021,Tumor maligno del intestino delgado,False
09C,2022,Tumor maligno del intestino delgado,False
09C,2023,Tumor maligno del intestino delgado,False
09C,2024,Tumor maligno del intestino delgado,False
09D,2005,Tumor maligno del colon,
09D,2006,Tumor maligno del colon,False
09D,2007,Tumor maligno del colon,False
09D,2008,Tumor maligno del colon,False
09D,2009,Tumor maligno del colon,False
09D,2010,Tumor maligno del colon,False
09D,2011,Tumor maligno del colon,False
09D,2012,Tumor maligno del colon,False
09D,2013,Tumor maligno del colon,False
09D,2014,Tumor maligno del colon,False
09D,2015,Tumor maligno del colon,False
09D,2016,Tumor maligno del colon,False
09D,2017,Tumor maligno del colon,False
09D,2018,Tumor maligno del colon,False
09D,2019,Tumor maligno del colon,False
09D,2020,Tumor maligno del colon,False
09D,2021,Tumor maligno del colon,False
09D,2022,Tumor maligno del colon,False
09D,2023,Tumor maligno del colon,False
09D,2024,Tumor maligno del colon,False
09E,2005,"Tumor maligno de la unión rectosigmoidea, del recto, del ano y del conducto anal",
09E,2006,"Tumor maligno de la unión rectosigmoidea, del recto, del ano y del conducto anal",False
09E,2007,"Tumor maligno de la unión rectosigmoidea, del recto, del ano y del conducto anal",False
09E,2008,"Tumor maligno de la unión rectosigmoidea, del recto, del ano y del conducto anal",False
09E,2009,"Tumor maligno de la unión rectosigmoidea, del recto, del ano y del conducto anal",False
09E,2010,"Tumor maligno de la unión rectosigmoidea, del recto, del ano y del conducto anal",False
09E,2011,"Tumor maligno de la unión rectosigmoidea, del recto, del ano y del conducto anal",False
09E,2012,"Tumor maligno de la unión rectosigmoidea, del recto, del ano y del conducto anal",False
09E,2013,"Tumor maligno de la unión rectosigmoidea, del recto, del ano y del conducto anal",False
09E,2014,"Tumor maligno de la unión rectosigmoidea, del recto, del ano y del conducto anal",False
09E,2015,"Tumor maligno de la unión rectosigmoidea, del recto, del ano y del conducto anal",False
09E,2016,"Tumor maligno de la unión rectosigmoidea, del recto, del ano y del conducto anal",False
09E,2017,"Tumor maligno de la unión rectosigmoidea, del recto, del ano y del conducto anal",False
09E,2018,"Tumor maligno de la unión rectosigmoidea, del recto, del ano y del conducto anal",False
09E,2019,"Tumor maligno de la unión rectosigmoidea, del recto, del ano y del conducto anal",False
09E,2020,"Tumor maligno de la unión rectosigmoidea, del recto, del ano y del conducto anal",False
09E,2021,"Tumor maligno de la unión rectosigmoidea, del recto, del ano y del conducto anal",False
09E,2022,"Tumor maligno de la unión rectosigmoidea, del recto, del ano y del conducto anal",False
09E,2023,"Tumor maligno de la unión rectosigmoidea, del recto, del ano y del conducto anal",False
09E,2024,"Tumor maligno de la unión rectosigmoidea, del recto, del ano y del conducto anal",False
09F,2005,Tumor maligno del hígado y de las vías biliares intrahepáticas,
09F,2006,Tumor maligno del hígado y de las vías biliares intrahepáticas,False
09F,2007,Tumor maligno del hígado y de las vías biliares intrahepáticas,False
09F,2008,Tumor maligno del hígado y de las vías biliares intrahepáticas,False
09F,2009,Tumor maligno del hígado y de las vías biliares intrahepáticas,False
09F,2010,Tumor maligno del hígado y de las vías biliares intrahepáticas,False
09F,2011,Tumor maligno del hígado y de las vías biliares intrahepáticas,False
09F,2012,Tumor maligno del hígado y de las vías biliares intrahepáticas,False
09F,2013,Tumor maligno del hígado y de las vías biliares intrahepáticas,False
09F,2014,Tumor maligno del hígado y de las vías biliares intrahepáticas,False
09F,2015,Tumor maligno del hígado y de las vías biliares intrahepáticas,False
09F,2016,Tumor maligno del hígado y de las vías biliares intrahepáticas,False
09F,2017,Tumor maligno del hígado y de las vías biliares intrahepáticas,False
09F,2018,Tumor maligno del hígado y de las vías biliares intrahepáticas,False
09F,2019,Tumor maligno del hígado y de las vías biliares intrahepáticas,False
09F,2020,Tumor maligno del hígado y de las vías biliares intrahepáticas,False
09F,2021,Tumor maligno del hígado y de las vías biliares intrahepáticas,False
09F,2022,Tumor maligno del hígado y de las vías biliares intrahepáticas,False
09F,2023,Tumor maligno del hígado y de las vías biliares intrahepáticas,False
09F,2024,Tumor maligno del hígado y de las vías biliares intrahepáticas,False
09G,2005,Tumor maligno del páncreas,
09G,2006,Tumor maligno del páncreas,False
09G,2007,Tumor maligno del páncreas,False
09G,2008,Tumor maligno del páncreas,False
09G,2009,Tumor maligno del páncreas,False
09G,2010,Tumor maligno del páncreas,False
09G,2011,Tumor maligno del páncreas,False
09G,2012,Tumor maligno del páncreas,False
09G,2013,Tumor maligno del páncreas,False
09G,2014,Tumor maligno del páncreas,False
09G,2015,Tumor maligno del páncreas,False
09G,2016,Tumor maligno del páncreas,False
09G,2017,Tumor maligno del páncreas,False
09G,2018,Tumor maligno del páncreas,False
09G,2019,Tumor maligno del páncreas,False
09G,2020,Tumor maligno del páncreas,False
09G,2021,Tumor maligno del páncreas,False
09G,2022,Tumor maligno del páncreas,False
09G,2023,Tumor maligno del páncreas,False
09G,2024,Tumor maligno del páncreas,False
09Z,2005,Los demás tumores malignos de órganos digestivos,
09Z,2006,Los demás tumores malignos de órganos digestivos,False
09Z,2007,Los demás tumores malignos de órganos digestivos,False
09Z,2008,Los demás tumores malignos de órganos digestivos,False
09Z,2009,Los demás tumores malignos de órganos digestivos,False
09Z,2010,Los demás tumores malignos de órganos digestivos,False
09Z,2011,Los demás tumores malignos de órganos digestivos,False
09Z,2012,Los demás tumores malignos de órganos digestivos,False
09Z,2013,Los demás tumores malignos de órganos digestivos,False
09Z,2014,Los demás tumores malignos de órganos digestivos,False
09Z,2015,Los demás tumores malignos de órganos digestivos,False
09Z,2016,Los demás tumores malignos de órganos digestivos,False
09Z,2017,Los demás tumores malignos de órganos digestivos,False
09Z,2018,Los demás tumores malignos de órganos digestivos,False
09Z,2019,Los demás tumores malignos de órganos digestivos,False
09Z,2020,Los demás tumores malignos de órganos digestivos,False
09Z,2021,Los demás tumores malignos de órganos digestivos,False
09Z,2022,Los demás tumores malignos de órganos digestivos,False
09Z,2023,Los demás tumores malignos de órganos digestivos,False
09Z,2024,Los demás tumores malignos de órganos digestivos,False
10,2005,Tumor maligno de órganos respiratorios e intratorácicos,
10,2006,Tumor maligno de órganos respiratorios e intratorácicos,False
10,2007,Tumor maligno de órganos respiratorios e intratorácicos,False
10,2008,Tumor maligno de órganos respiratorios e intratorácicos,False
10,2009,Tumor maligno de órganos respiratorios e intratorácicos,False
10,2010,Tumor maligno de órganos respiratorios e intratorácicos,False
10,2011,Tumor maligno de órganos respiratorios e intratorácicos,False
10,2012,Tumor maligno de órganos respiratorios e intratorácicos,False
10,2013,Tumor maligno de órganos respiratorios e intratorácicos,False
10,2014,Tumor maligno de órganos respiratorios e intratorácicos,False
10,2015,Tumor maligno de órganos respiratorios e intratorácicos,False
10,2016,Tumor maligno de órganos respiratorios e intratorácicos,False
10,2017,Tumor maligno de órganos respiratorios e intratorácicos,False
10,2018,Tumor maligno de órganos respiratorios e intratorácicos,False
10,2019,Tumor maligno de órganos respiratorios e intratorácicos,False
10,2020,Tumor maligno de órganos respiratorios e intratorácicos,False
10,2021,Tumor maligno de órganos respiratorios e intratorácicos,False
10,2022,Tumor maligno de órganos respiratorios e intratorácicos,False
10,2023,Tumor maligno de órganos respiratorios e intratorácicos,False
10,2024,Tumor maligno de órganos respiratorios e intratorácicos,False
10A,2005,Tumor maligno de la laringe,
10A,2006,Tumor maligno de la laringe,False
10A,2007,Tumor maligno de la laringe,False
10A,2008,Tumor maligno de la laringe,False
10A,2009,Tumor maligno de la laringe,False
10A,2010,Tumor maligno de la laringe,False
10A,2011,Tumor maligno de la laringe,False
10A,2012,Tumor maligno de la laringe,False
10A,2013,Tumor maligno de la laringe,False
10A,2014,Tumor maligno de la laringe,False
10A,2015,Tumor maligno de la laringe,False
10A,2016,Tumor maligno de la laringe,False
10A,2017,Tumor maligno de la laringe,False
10A,2018,Tumor maligno de la laringe,False
10A,2019,Tumor maligno de la laringe,False
10A,2020,Tumor maligno de la laringe,False
10A,2021,Tumor maligno de la laringe,False
10A,2022,Tumor maligno de la laringe,False
10A,2023,Tumor maligno de la laringe,False
10A,2024,Tumor maligno de la laringe,False
10B,2005,"Tumor maligno de la tráquea, de los bronquios y del pulmón",
10B,2006,"Tumor maligno de la tráquea, de los bronquios y del pulmón",False
10B,2007,"Tumor maligno de la tráquea, de los bronquios y del pulmón",False
10B,2008,"Tumor maligno de la tráquea, de los bronquios y del pulmón",False
10B,2009,"Tumor maligno de la tráquea, de los bronquios y del pulmón",False
10B,2010,"Tumor maligno de la tráquea, de los bronquios y del pulmón",False
10B,2011,"Tumor maligno de la tráquea, de los bronquios y del pulmón",False
10B,2012,"Tumor maligno de la tráquea, de los bronquios y del pulmón",False
10B,2013,"Tumor maligno de la tráquea, de los bronquios y del pulmón",False
10B,2014,"Tumor maligno de la tráquea, de los bronquios y del pulmón",False
10B,2015,"Tumor maligno de la tráquea, de los bronquios y del pulmón",False
10B,2016,"Tumor maligno de la tráquea, de los bronquios y del pulmón",False
10B,2017,"Tumor maligno de la tráquea, de los bronquios y del pulmón",False
10B,2018,"Tumor maligno de la tráquea, de los bronquios y del pulmón",False
10B,2019,"Tumor maligno de la tráquea, de los bronquios y del pulmón",False
10B,2020,"Tumor maligno de la tráquea, de los bronquios y del pulmón",False
10B,2021,"Tumor maligno de la tráquea, de los bronquios y del pulmón",False
10B,2022,"Tumor maligno de la tráquea, de los bronquios y del pulmón",False
10B,2023,"Tumor maligno de la tráquea, de los bronquios y del pulmón",False
10B,2024,"Tumor maligno de la tráquea, de los bronquios y del pulmón",False
10Z,2005,Los demás tumores malignos de órganos respiratorios e intratorácicos,
10Z,2006,Los demás tumores malignos de órganos respiratorios e intratorácicos,False
10Z,2007,Los demás tumores malignos de órganos respiratorios e intratorácicos,False
10Z,2008,Los demás tumores malignos de órganos respiratorios e intratorácicos,False
10Z,2009,Los demás tumores malignos de órganos respiratorios e intratorácicos,False
10Z,2010,Los demás tumores malignos de órganos respiratorios e intratorácicos,False
10Z,2011,Los demás tumores malignos de órganos respiratorios e intratorácicos,False
10Z,2012,Los demás tumores malignos de órganos respiratorios e intratorácicos,False
10Z,2013,Los demás tumores malignos de órganos respiratorios e intratorácicos,False
10Z,2014,Los demás tumores malignos de órganos respiratorios e intratorácicos,False
10Z,2015,Los demás tumores malignos de órganos respiratorios e intratorácicos,False
10Z,2016,Los demás tumores malignos de órganos respiratorios e intratorácicos,False
10Z,2017,Los demás tumores malignos de órganos respiratorios e intratorácicos,False
10Z,2018,Los demás tumores malignos de órganos respiratorios e intratorácicos,False
10Z,2019,Los demás tumores malignos de órganos respiratorios e intratorácicos,False
10Z,2020,Los demás tumores malignos de órganos respiratorios e intratorácicos,False
10Z,2021,Los demás tumores malignos de órganos respiratorios e intratorácicos,False
10Z,2022,Los demás tumores malignos de órganos respiratorios e intratorácicos,False
10Z,2023,Los demás tumores malignos de órganos respiratorios e intratorácicos,False
10Z,2024,Los demás tumores malignos de órganos respiratorios e intratorácicos,False
11,2005,"Tumores malignos de los huesos, de los cartílagos articulares, del tejido conjuntivo, de la piel y de la mama",
11,2006,"Tumores malignos de los huesos, de los cartílagos articulares, del tejido conjuntivo, de la piel y de la mama",False
11,2007,"Tumores malignos de los huesos, de los cartílagos articulares, del tejido conjuntivo, de la piel y de la mama",False
11,2008,"Tumores malignos de los huesos, de los cartílagos articulares, del tejido conjuntivo, de la piel y de la mama",False
11,2009,"Tumores malignos de los huesos, de los cartílagos articulares, del tejido conjuntivo, de la piel y de la mama",False
11,2010,"Tumores malignos de los huesos, de los cartílagos articulares, del tejido conjuntivo, de la piel y de la mama",False
11,2011,"Tumores malignos de los huesos, de los cartílagos articulares, del tejido conjuntivo, de la piel y de la mama",False
11,2012,"Tumores malignos de los huesos, de los cartílagos articulares, del tejido conjuntivo, de la piel y de la mama",False
11,2013,"Tumores malignos de los huesos, de los cartílagos articulares, del tejido conjuntivo, de la piel y de la mama",False
11,2014,"Tumores malignos de los huesos, de los cartílagos articulares, del tejido conjuntivo, de la piel y de la mama",False
11,2015,"Tumores malignos de los huesos, de los cartílagos articulares, del tejido conjuntivo, de la piel y de la mama",False
11,2016,"Tumores malignos de los huesos, de los cartílagos articulares, del tejido conjuntivo, de la piel y de la mama",False
11,2017,"Tumores malignos de los huesos, de los cartílagos articulares, del tejido conjuntivo, de la piel y de la mama",False
11,2018,"Tumores malignos de los huesos, de los cartílagos articulares, del tejido conjuntivo, de la piel y de la mama",False
11,2019,"Tumores malignos de los huesos, de los cartílagos articulares, del tejido conjuntivo, de la piel y de la mama",False
11,2020,"Tumores malignos de los huesos, de los cartílagos articulares, del tejido conjuntivo, de la piel y de la mama",False
11,2021,"Tumores malignos de los huesos, de los cartílagos articulares, del tejido conjuntivo, de la piel y de la mama",False
11,2022,"Tumores malignos de los huesos, de los cartílagos articulares, del tejido conjuntivo, de la piel y de la mama",False
11,2023,"Tumores malignos de los huesos, de los cartílagos articulares, del tejido conjuntivo, de la piel y de la mama",False
11,2024,"Tumores malignos de los huesos, de los cartílagos articulares, del tejido conjuntivo, de la piel y de la mama",False
11A,2005,Tumores malignos de los huesos y de los cartílagos articulares,
11A,2006,Tumores malignos de los huesos y de los cartílagos articulares,False
11A,2007,Tumores malignos de los huesos y de los cartílagos articulares,False
11A,2008,Tumores malignos de los huesos y de los cartílagos articulares,False
11A,2009,Tumores malignos de los huesos y de los cartílagos articulares,False
11A,2010,Tumores malignos de los huesos y de los cartílagos articulares,False
11A,2011,Tumores malignos de los huesos y de los cartílagos articulares,False
11A,2012,Tumores malignos de los huesos y de los cartílagos articulares,False
11A,2013,Tumores malignos de los huesos y de los cartílagos articulares,False
11A,2014,Tumores malignos de los huesos y de los cartílagos articulares,False
11A,2015,Tumores malignos de los huesos y de los cartílagos articulares,False
11A,2016,Tumores malignos de los huesos y de los cartílagos articulares,False
11A,2017,Tumores malignos de los huesos y de los cartílagos articulares,False
11A,2018,Tumores malignos de los huesos y de los cartílagos articulares,False
11A,2019,Tumores malignos de los huesos y de los cartílagos articulares,False
11A,2020,Tumores malignos de los huesos y de los cartílagos articulares,False
11A,2021,Tumores malignos de los huesos y de los cartílagos articulares,False
11A,2022,Tumores malignos de los huesos y de los cartílagos articulares,False
11A,2023,Tumores malignos de los huesos y de los cartílagos articulares,False
11A,2024,Tumores malignos de los huesos y de los cartílagos articulares,False
11B,2005,Melanoma maligno de la piel,
11B,2006,Melanoma maligno de la piel,False
11B,2007,Melanoma maligno de la piel,False
11B,2008,Melanoma maligno de la piel,False
11B,2009,Melanoma maligno de la piel,False
11B,2010,Melanoma maligno de la piel,False
11B,2011,Melanoma maligno de la piel,False
11B,2012,Melanoma maligno de la piel,False
11B,2013,Melanoma maligno de la piel,False
11B,2014,Melanoma maligno de la piel,False
11B,2015,Melanoma maligno de la piel,False
11B,2016,Melanoma maligno de la piel,False
11B,2017,Melanoma maligno de la piel,False
11B,2018,Melanoma maligno de la piel,False
11B,2019,Melanoma maligno de la piel,False
11B,2020,Melanoma maligno de la piel,False
11B,2021,Melanoma maligno de la piel,False
11B,2022,Melanoma maligno de la piel,False
11B,2023,Melanoma maligno de la piel,False
11B,2024,Melanoma maligno de la piel,False
11C,2005,Otros tumores malignos de la piel,
11C,2006,Otros tumores malignos de la piel,False
11C,2007,Otros tumores malignos de la piel,False
11C,2008,Otros tumores malignos de la piel,False
11C,2009,Otros tumores malignos de la piel,False
11C,2010,Otros tumores malignos de la piel,False
11C,2011,Otros tumores malignos de la piel,False
11C,2012,Otros tumores malignos de la piel,False
11C,2013,Otros tumores malignos de la piel,False
11C,2014,Otros tumores malignos de la piel,False
11C,2015,Otros tumores malignos de la piel,False
11C,2016,Otros tumores malignos de la piel,False
11C,2017,Otros tumores malignos de la piel,False
11C,2018,Otros tumores malignos de la piel,False
11C,2019,Otros tumores malignos de la piel,False
11C,2020,Otros tumores malignos de la piel,False
11C,2021,Otros tumores malignos de la piel,False
11C,2022,Otros tumores malignos de la piel,False
11C,2023,Otros tumores malignos de la piel,False
11C,2024,Otros tumores malignos de la piel,False
11D,2005,Tumor maligno de la mama,
11D,2006,Tumor maligno de la mama,False
11D,2007,Tumor maligno de la mama,False
11D,2008,Tumor maligno de la mama,False
11D,2009,Tumor maligno de la mama,False
11D,2010,Tumor maligno de la mama,False
11D,2011,Tumor maligno de la mama,False
11D,2012,Tumor maligno de la mama,False
11D,2013,Tumor maligno de la mama,False
11D,2014,Tumor maligno de la mama,False
11D,2015,Tumor maligno de la mama,False
11D,2016,Tumor maligno de la mama,False
11D,2017,Tumor maligno de la mama,False
11D,2018,Tumor maligno de la mama,False
11D,2019,Tumor maligno de la mama,False
11D,2020,Tumor maligno de la mama,False
11D,2021,Tumor maligno de la mama,False
11D,2022,Tumor maligno de la mama,False
11D,2023,Tumor maligno de la mama,False
11D,2024,Tumor maligno de la mama,False
11E,2005,Tumores malignos de los tejidos mesoteliales y de los tejidos   blandos,
11E,2006,Tumores malignos de los tejidos mesoteliales y de los tejidos   blandos,False
11E,2007,Tumores malignos de los tejidos mesoteliales y de los tejidos   blandos,False
11E,2008,Tumores malignos de los tejidos mesoteliales y de los tejidos   blandos,False
11E,2009,Tumores malignos de los tejidos mesoteliales y de los tejidos   blandos,False
11E,2010,Tumores malignos de los tejidos mesoteliales y de los tejidos   blandos,False
11E,2011,Tumores malignos de los tejidos mesoteliales y de los tejidos   blandos,False
11E,2012,Tumores malignos de los tejidos mesoteliales y de los tejidos   blandos,False
11E,2013,Tumores malignos de los tejidos mesoteliales y de los tejidos   blandos,False
11E,2014,Tumores malignos de los tejidos mesoteliales y de los tejidos   blandos,False
11E,2015,Tumores malignos de los tejidos mesoteliales y de los tejidos   blandos,False
11E,2016,Tumores malignos de los tejidos mesoteliales y de los tejidos   blandos,False
11E,2017,Tumores malignos de los tejidos mesoteliales y de los tejidos   blandos,False
11E,2018,Tumores malignos de los tejidos mesoteliales y de los tejidos   blandos,False
11E,2019,Tumores malignos de los tejidos mesoteliales y de los tejidos   blandos,False
11E,2020,Tumores malignos de los tejidos mesoteliales y de los tejidos   blandos,False
11E,2021,Tumores malignos de los tejidos mesoteliales y de los tejidos   blandos,False
11E,2022,Tumores malignos de los tejidos mesoteliales y de los tejidos   blandos,False
11E,2023,Tumores malignos de los tejidos mesoteliales y de los tejidos   blandos,False
11E,2024,Tumores malignos de los tejidos mesoteliales y de los tejidos   blandos,False
12,2005,Tumores malignos de los órganos genitourinarios,
12,2006,Tumores malignos de los órganos genitourinarios,False
12,2007,Tumores malignos de los órganos genitourinarios,False
12,2008,Tumores malignos de los órganos genitourinarios,False
12,2009,Tumores malignos de los órganos genitourinarios,False
12,2010,Tumores malignos de los órganos genitourinarios,False
12,2011,Tumores malignos de los órganos genitourinarios,False
12,2012,Tumores malignos de los órganos genitourinarios,False
12,2013,Tumores malignos de los órganos genitourinarios,False
12,2014,Tumores malignos de los órganos genitourinarios,False
12,2015,Tumores malignos de los órganos genitourinarios,False
12,2016,Tumores malignos de los órganos genitourinarios,False
12,2017,Tumores malignos de los órganos genitourinarios,False
12,2018,Tumores malignos de los órganos genitourinarios,False
12,2019,Tumores malignos de los órganos genitourinarios,False
12,2020,Tumores malignos de los órganos genitourinarios,False
12,2021,Tumores malignos de los órganos genitourinarios,False
12,2022,Tumores malignos de los órganos genitourinarios,False
12,2023,Tumores malignos de los órganos genitourinarios,False
12,2024,Tumores malignos de los órganos genitourinarios,False
12A,2005,Tumor maligno del cuello del útero,
12A,2006,Tumor maligno del cuello del útero,False
12A,2007,Tumor maligno del cuello del útero,False
12A,2008,Tumor maligno del cuello del útero,False
12A,2009,Tumor maligno del cuello del útero,False
12A,2010,Tumor maligno del cuello del útero,False
12A,2011,Tumor maligno del cuello del útero,False
12A,2012,Tumor maligno del cuello del útero,False
12A,2013,Tumor maligno del cuello del útero,False
12A,2014,Tumor maligno del cuello del útero,False
12A,2015,Tumor maligno del cuello del útero,False
12A,2016,Tumor maligno del cuello del útero,False
12A,2017,Tumor maligno del cuello del útero,False
12A,2018,Tumor maligno del cuello del útero,False
12A,2019,Tumor maligno del cuello del útero,False
12A,2020,Tumor maligno del cuello del útero,False
12A,2021,Tumor maligno del cuello del útero,False
12A,2022,Tumor maligno del cuello del útero,False
12A,2023,Tumor maligno del cuello del útero,False
12A,2024,Tumor maligno del cuello del útero,False
12B,2005,Tumor maligno de la placenta,
12B,2006,Tumor maligno de la placenta,False
12B,2007,Tumor maligno de la placenta,False
12B,2008,Tumor maligno de la placenta,False
12B,2009,Tumor maligno de la placenta,False
12B,2010,Tumor maligno de la placenta,False
12B,2011,Tumor maligno de la placenta,False
12B,2012,Tumor maligno de la placenta,False
12B,2013,Tumor maligno de la placenta,False
12B,2014,Tumor maligno de la placenta,False
12B,2015,Tumor maligno de la placenta,False
12B,2016,Tumor maligno de la placenta,False
12B,2017,Tumor maligno de la placenta,False
12B,2018,Tumor maligno de la placenta,False
12B,2019,Tumor maligno de la placenta,False
12B,2020,Tumor maligno de la placenta,False
12B,2021,Tumor maligno de la placenta,False
12B,2022,Tumor maligno de la placenta,False
12B,2023,Tumor maligno de la placenta,False
12B,2024,Tumor maligno de la placenta,False
12C,2005,"Tumor maligno del cuerpo del útero y del útero, parte no especificada",
12C,2006,"Tumor maligno del cuerpo del útero y del útero, parte no especificada",False
12C,2007,"Tumor maligno del cuerpo del útero y del útero, parte no especificada",False
12C,2008,"Tumor maligno del cuerpo del útero y del útero, parte no especificada",False
12C,2009,"Tumor maligno del cuerpo del útero y del útero, parte no especificada",False
12C,2010,"Tumor maligno del cuerpo del útero y del útero, parte no especificada",False
12C,2011,"Tumor maligno del cuerpo del útero y del útero, parte no especificada",False
12C,2012,"Tumor maligno del cuerpo del útero y del útero, parte no especificada",False
12C,2013,"Tumor maligno del cuerpo del útero y del útero, parte no especificada",False
12C,2014,"Tumor maligno del cuerpo del útero y del útero, parte no especificada",False
12C,2015,"Tumor maligno del cuerpo del útero y del útero, parte no especificada",False
12C,2016,"Tumor maligno del cuerpo del útero y del útero, parte no especificada",False
12C,2017,"Tumor maligno del cuerpo del útero y del útero, parte no especificada",False
12C,2018,"Tumor maligno del cuerpo del útero y del útero, parte no especificada",False
12C,2019,"Tumor maligno del cuerpo del útero y del útero, parte no especificada",False
12C,2020,"Tumor maligno del cuerpo del útero y del útero, parte no especificada",False
12C,2021,"Tumor maligno del cuerpo del útero y del útero, parte no especificada",False
12C,2022,"Tumor maligno del cuerpo del útero y del útero, parte no especificada",False
12C,2023,"Tumor maligno del cuerpo del útero y del útero, parte no especificada",False
12C,2024,"Tumor maligno del cuerpo del útero y del útero, parte no especificada",False
12D,2005,Tumor maligno del ovario,
12D,2006,Tumor maligno del ovario,False
12D,2007,Tumor maligno del ovario,False
12D,2008,Tumor maligno del ovario,False
12D,2009,Tumor maligno del ovario,False
12D,2010,Tumor maligno del ovario,False
12D,2011,Tumor maligno del ovario,False
12D,2012,Tumor maligno del ovario,False
12D,2013,Tumor maligno del ovario,False
12D,2014,Tumor maligno del ovario,False
12D,2015,Tumor maligno del ovario,False
12D,2016,Tumor maligno del ovario,False
12D,2017,Tumor maligno del ovario,False
12D,2018,Tumor maligno del ovario,False
12D,2019,Tumor maligno del ovario,False
12D,2020,Tumor maligno del ovario,False
12D,2021,Tumor maligno del ovario,False
12D,2022,Tumor maligno del ovario,False
12D,2023,Tumor maligno del ovario,False
12D,2024,Tumor maligno del ovario,False
12E,2005,Tumor maligno de otros órganos genitales femeninos y de los no especificados,
12E,2006,Tumor maligno de otros órganos genitales femeninos y de los no especificados,False
12E,2007,Tumor maligno de otros órganos genitales femeninos y de los no especificados,False
12E,2008,Tumor maligno de otros órganos genitales femeninos y de los no especificados,False
12E,2009,Tumor maligno de otros órganos genitales femeninos y de los no especificados,False
12E,2010,Tumor maligno de otros órganos genitales femeninos y de los no especificados,False
12E,2011,Tumor maligno de otros órganos genitales femeninos y de los no especificados,False
12E,2012,Tumor maligno de otros órganos genitales femeninos y de los no especificados,False
12E,2013,Tumor maligno de otros órganos genitales femeninos y de los no especificados,False
12E,2014,Tumor maligno de otros órganos genitales femeninos y de los no especificados,False
12E,2015,Tumor maligno de otros órganos genitales femeninos y de los no especificados,False
12E,2016,Tumor maligno de otros órganos genitales femeninos y de los no especificados,False
12E,2017,Tumor maligno de otros órganos genitales femeninos y de los no especificados,False
12E,2018,Tumor maligno de otros órganos genitales femeninos y de los no especificados,False
12E,2019,Tumor maligno de otros órganos genitales femeninos y de los no especificados,False
12E,2020,Tumor maligno de otros órganos genitales femeninos y de los no especificados,False
12E,2021,Tumor maligno de otros órganos genitales femeninos y de los no especificados,False
12E,2022,Tumor maligno de otros órganos genitales femeninos y de los no especificados,False
12E,2023,Tumor maligno de otros órganos genitales femeninos y de los no especificados,False
12E,2024,Tumor maligno de otros órganos genitales femeninos y de los no especificados,False
12F,2005,Tumor maligno de la próstata,
12F,2006,Tumor maligno de la próstata,False
12F,2007,Tumor maligno de la próstata,False
12F,2008,Tumor maligno de la próstata,False
12F,2009,Tumor maligno de la próstata,False
12F,2010,Tumor maligno de la próstata,False
12F,2011,Tumor maligno de la próstata,False
12F,2012,Tumor maligno de la próstata,False
12F,2013,Tumor maligno de la próstata,False
12F,2014,Tumor maligno de la próstata,False
12F,2015,Tumor maligno de la próstata,False
12F,2016,Tumor maligno de la próstata,False
12F,2017,Tumor maligno de la próstata,False
12F,2018,Tumor maligno de la próstata,False
12F,2019,Tumor maligno de la próstata,False
12F,2020,Tumor maligno de la próstata,False
12F,2021,Tumor maligno de la próstata,False
12F,2022,Tumor maligno de la próstata,False
12F,2023,Tumor maligno de la próstata,False
12F,2024,Tumor maligno de la próstata,False
12G,2005,Tumor maligno del testículo,
12G,2006,Tumor maligno del testículo,False
12G,2007,Tumor maligno del testículo,False
12G,2008,Tumor maligno del testículo,False
12G,2009,Tumor maligno del testículo,False
12G,2010,Tumor maligno del testículo,False
12G,2011,Tumor maligno del testículo,False
12G,2012,Tumor maligno del testículo,False
12G,2013,Tumor maligno del testículo,False
12G,2014,Tumor maligno del testículo,False
12G,2015,Tumor maligno del testículo,False
12G,2016,Tumor maligno del testículo,False
12G,2017,Tumor maligno del testículo,False
12G,2018,Tumor maligno del testículo,False
12G,2019,Tumor maligno del testículo,False
12G,2020,Tumor maligno del testículo,False
12G,2021,Tumor maligno del testículo,False
12G,2022,Tumor maligno del testículo,False
12G,2023,Tumor maligno del testículo,False
12G,2024,Tumor maligno del testículo,False
12H,2005,Tumor maligno de la vejiga urinaria,
12H,2006,Tumor maligno de la vejiga urinaria,False
12H,2007,Tumor maligno de la vejiga urinaria,False
12H,2008,Tumor maligno de la vejiga urinaria,False
12H,2009,Tumor maligno de la vejiga urinaria,False
12H,2010,Tumor maligno de la vejiga urinaria,False
12H,2011,Tumor maligno de la vejiga urinaria,False
12H,2012,Tumor maligno de la vejiga urinaria,False
12H,2013,Tumor maligno de la vejiga urinaria,False
12H,2014,Tumor maligno de la vejiga urinaria,False
12H,2015,Tumor maligno de la vejiga urinaria,False
12H,2016,Tumor maligno de la vejiga urinaria,False
12H,2017,Tumor maligno de la vejiga urinaria,False
12H,2018,Tumor maligno de la vejiga urinaria,False
12H,2019,Tumor maligno de la vejiga urinaria,False
12H,2020,Tumor maligno de la vejiga urinaria,False
12H,2021,Tumor maligno de la vejiga urinaria,False
12H,2022,Tumor maligno de la vejiga urinaria,False
12H,2023,Tumor maligno de la vejiga urinaria,False
12H,2024,Tumor maligno de la vejiga urinaria,False
12I,2005,Otros tumores malignos de los órganos genitales masculinos,
12I,2006,Otros tumores malignos de los órganos genitales masculinos,False
12I,2007,Otros tumores malignos de los órganos genitales masculinos,False
12I,2008,Otros tumores malignos de los órganos genitales masculinos,False
12I,2009,Otros tumores malignos de los órganos genitales masculinos,False
12I,2010,Otros tumores malignos de los órganos genitales masculinos,False
12I,2011,Otros tumores malignos de los órganos genitales masculinos,False
12I,2012,Otros tumores malignos de los órganos genitales masculinos,False
12I,2013,Otros tumores malignos de los órganos genitales masculinos,False
12I,2014,Otros tumores malignos de los órganos genitales masculinos,False
12I,2015,Otros tumores malignos de los órganos genitales masculinos,False
12I,2016,Otros tumores malignos de los órganos genitales masculinos,False
12I,2017,Otros tumores malignos de los órganos genitales masculinos,False
12I,2018,Otros tumores malignos de los órganos genitales masculinos,False
12I,2019,Otros tumores malignos de los órganos genitales masculinos,False
12I,2020,Otros tumores malignos de los órganos genitales masculinos,False
12I,2021,Otros tumores malignos de los órganos genitales masculinos,False
12I,2022,Otros tumores malignos de los órganos genitales masculinos,False
12I,2023,Otros tumores malignos de los órganos genitales masculinos,False
12I,2024,Otros tumores malignos de los órganos genitales masculinos,False
12J,2005,Otros tumores malignos de las vías  urinarias,
12J,2006,Otros tumores malignos de las vías  urinarias,False
12J,2007,Otros tumores malignos de las vías  urinarias,False
12J,2008,Otros tumores malignos de las vías  urinarias,False
12J,2009,Otros tumores malignos de las vías  urinarias,False
12J,2010,Otros tumores malignos de las vías  urinarias,False
12J,2011,Otros tumores malignos de las vías  urinarias,False
12J,2012,Otros tumores malignos de las vías  urinarias,False
12J,2013,Otros tumores malignos de las vías  urinarias,False
12J,2014,Otros tumores malignos de las vías  urinarias,False
12J,2015,Otros tumores malignos de las vías  urinarias,False
12J,2016,Otros tumores malignos de las vías  urinarias,False
12J,2017,Otros tumores malignos de las vías  urinarias,False
12J,2018,Otros tumores malignos de las vías  urinarias,False
12J,2019,Otros tumores malignos de las vías  urinarias,False
12J,2020,Otros tumores malignos de las vías  urinarias,False
12J,2021,Otros tumores malignos de las vías  urinarias,False
12J,2022,Otros tumores malignos de las vías  urinarias,False
12J,2023,Otros tumores malignos de las vías  urinarias,False
12J,2024,Otros tumores malignos de las vías  urinarias,False
12K,2005,Tumor maligno de la vulva y de la vagina,
12K,2006,Tumor maligno de la vulva y de la vagina,False
12K,2007,Tumor maligno de la vulva y de la vagina,False
12K,2008,Tumor maligno de la vulva y de la vagina,False
12K,2009,Tumor maligno de la vulva y de la vagina,False
12K,2010,Tumor maligno de la vulva y de la vagina,False
12K,2011,Tumor maligno de la vulva y de la vagina,False
12K,2012,Tumor maligno de la vulva y de la vagina,False
12K,2013,Tumor maligno de la vulva y de la vagina,False
12K,2014,Tumor maligno de la vulva y de la vagina,False
12K,2015,Tumor maligno de la vulva y de la vagina,False
12K,2016,Tumor maligno de la vulva y de la vagina,False
12K,2017,Tumor maligno de la vulva y de la vagina,False
12K,2018,Tumor maligno de la vulva y de la vagina,False
12K,2019,Tumor maligno de la vulva y de la vagina,False
12K,2020,Tumor maligno de la vulva y de la vagina,False
12K,2021,Tumor maligno de la vulva y de la vagina,False
12K,2022,Tumor maligno de la vulva y de la vagina,False
12K,2023,Tumor maligno de la vulva y de la vagina,False
12K,2024,Tumor maligno de la vulva y de la vagina,False
13,2005,Tumores malignos de otros sitios y de los no especificados,
13,2006,Tumores malignos de otros sitios y de los no especificados,False
13,2007,Tumores malignos de otros sitios y de los no especificados,False
13,2008,Tumores malignos de otros sitios y de los no especificados,False
13,2009,Tumores malignos de otros sitios y de los no especificados,False
13,2010,Tumores malignos de otros sitios y de los no especificados,False
13,2011,Tumores malignos de otros sitios y de los no especificados,False
13,2012,Tumores malignos de otros sitios y de los no especificados,False
13,2013,Tumores malignos de otros sitios y de los no especificados,False
13,2014,Tumores malignos de otros sitios y de los no especificados,False
13,2015,Tumores malignos de otros sitios y de los no especificados,False
13,2016,Tumores malignos de otros sitios y de los no especificados,False
13,2017,Tumores malignos de otros sitios y de los no especificados,False
13,2018,Tumores malignos de otros sitios y de los no especificados,False
13,2019,Tumores malignos de otros sitios y de los no especificados,False
13,2020,Tumores malignos de otros sitios y de los no especificados,False
13,2021,Tumores malignos de otros sitios y de los no especificados,False
13,2022,Tumores malignos de otros sitios y de los no especificados,False
13,2023,Tumores malignos de otros sitios y de los no especificados,False
13,2024,Tumores malignos de otros sitios y de los no especificados,False
13A,2005,Tumor maligno del encéfalo,
13A,2006,Tumor maligno del encéfalo,False
13A,2007,Tumor maligno del encéfalo,False
13A,2008,Tumor maligno del encéfalo,False
13A,2009,Tumor maligno del encéfalo,False
13A,2010,Tumor maligno del encéfalo,False
13A,2011,Tumor maligno del encéfalo,False
13A,2012,Tumor maligno del encéfalo,False
13A,2013,Tumor maligno del encéfalo,False
13A,2014,Tumor maligno del encéfalo,False
13A,2015,Tumor maligno del encéfalo,False
13A,2016,Tumor maligno del encéfalo,False
13A,2017,Tumor maligno del encéfalo,False
13A,2018,Tumor maligno del encéfalo,False
13A,2019,Tumor maligno del encéfalo,False
13A,2020,Tumor maligno del encéfalo,False
13A,2021,Tumor maligno del encéfalo,False
13A,2022,Tumor maligno del encéfalo,False
13A,2023,Tumor maligno del encéfalo,False
13A,2024,Tumor maligno del encéfalo,False
13B,2005,Tumor maligno de las meninges y de otras partes del sistema nervioso central,
13B,2006,Tumor maligno de las meninges y de otras partes del sistema nervioso central,False
13B,2007,Tumor maligno de las meninges y de otras partes del sistema nervioso central,False
13B,2008,Tumor maligno de las meninges y de otras partes del sistema nervioso central,False
13B,2009,Tumor maligno de las meninges y de otras partes del sistema nervioso central,False
13B,2010,Tumor maligno de las meninges y de otras partes del sistema nervioso central,False
13B,2011,Tumor maligno de las meninges y de otras partes del sistema nervioso central,False
13B,2012,Tumor maligno de las meninges y de otras partes del sistema nervioso central,False
13B,2013,Tumor maligno de las meninges y de otras partes del sistema nervioso central,False
13B,2014,Tumor maligno de las meninges y de otras partes del sistema nervioso central,False
13B,2015,Tumor maligno de las meninges y de otras partes del sistema nervioso central,False
13B,2016,Tumor maligno de las meninges y de otras partes del sistema nervioso central,False
13B,2017,Tumor maligno de las meninges y de otras partes del sistema nervioso central,False
13B,2018,Tumor maligno de las meninges y de otras partes del sistema nervioso central,False
13B,2019,Tumor maligno de las meninges y de otras partes del sistema nervioso central,False
13B,2020,Tumor maligno de las meninges y de otras partes del sistema nervioso central,False
13B,2021,Tumor maligno de las meninges y de otras partes del sistema nervioso central,False
13B,2022,Tumor maligno de las meninges y de otras partes del sistema nervioso central,False
13B,2023,Tumor maligno de las meninges y de otras partes del sistema nervioso central,False
13B,2024,Tumor maligno de las meninges y de otras partes del sistema nervioso central,False
13C,2005,Tumores malignos del ojo y sus anexos,
13C,2006,Tumores malignos del ojo y sus anexos,False
13C,2007,Tumores malignos del ojo y sus anexos,False
13C,2008,Tumores malignos del ojo y sus anexos,False
13C,2009,Tumores malignos del ojo y sus anexos,False
13C,2010,Tumores malignos del ojo y sus anexos,False
13C,2011,Tumores malignos del ojo y sus anexos,False
13C,2012,Tumores malignos del ojo y sus anexos,False
13C,2013,Tumores malignos del ojo y sus anexos,False
13C,2014,Tumores malignos del ojo y sus anexos,False
13C,2015,Tumores malignos del ojo y sus anexos,False
13C,2016,Tumores malignos del ojo y sus anexos,False
13C,2017,Tumores malignos del ojo y sus anexos,False
13C,2018,Tumores malignos del ojo y sus anexos,False
13C,2019,Tumores malignos del ojo y sus anexos,False
13C,2020,Tumores malignos del ojo y sus anexos,False
13C,2021,Tumores malignos del ojo y sus anexos,False
13C,2022,Tumores malignos del ojo y sus anexos,False
13C,2023,Tumores malignos del ojo y sus anexos,False
13C,2024,Tumores malignos del ojo y sus anexos,False
13Z,2005,Los demás tumores malignos de otros sitios y los no especificados,
13Z,2006,Los demás tumores malignos de otros sitios y los no especificados,False
13Z,2007,Los demás tumores malignos de otros sitios y los no especificados,False
13Z,2008,Los demás tumores malignos de otros sitios y los no especificados,False
13Z,2009,Los demás tumores malignos de otros sitios y los no especificados,False
13Z,2010,Los demás tumores malignos de otros sitios y los no especificados,False
13Z,2011,Los demás tumores malignos de otros sitios y los no especificados,False
13Z,2012,Los demás tumores malignos de otros sitios y los no especificados,False
13Z,2013,Los demás tumores malignos de otros sitios y los no especificados,False
13Z,2014,Los demás tumores malignos de otros sitios y los no especificados,False
13Z,2015,Los demás tumores malignos de otros sitios y los no especificados,False
13Z,2016,Los demás tumores malignos de otros sitios y los no especificados,False
13Z,2017,Los demás tumores malignos de otros sitios y los no especificados,False
13Z,2018,Los demás tumores malignos de otros sitios y los no especificados,False
13Z,2019,Los demás tumores malignos de otros sitios y los no especificados,False
13Z,2020,Los demás tumores malignos de otros sitios y los no especificados,False
13Z,2021,Los demás tumores malignos de otros sitios y los no especificados,False
13Z,2022,Los demás tumores malignos de otros sitios y los no especificados,False
13Z,2023,Los demás tumores malignos de otros sitios y los no especificados,False
13Z,2024,Los demás tumores malignos de otros sitios y los no especificados,False
14,2005,"Tumores malignos del tejido linfático, de los órganos hematopoyéticos y tejidos afines",
14,2006,"Tumores malignos del tejido linfático, de los órganos hematopoyéticos y tejidos afines",False
14,2007,"Tumores malignos del tejido linfático, de los órganos hematopoyéticos y tejidos afines",False
14,2008,"Tumores malignos del tejido linfático, de los órganos hematopoyéticos y tejidos afines",False
14,2009,"Tumores malignos del tejido linfático, de los órganos hematopoyéticos y tejidos afines",False
14,2010,"Tumores malignos del tejido linfático, de los órganos hematopoyéticos y tejidos afines",False
14,2011,"Tumores malignos del tejido linfático, de los órganos hematopoyéticos y tejidos afines",False
14,2012,"Tumores malignos del tejido linfático, de los órganos hematopoyéticos y tejidos afines",False
14,2013,"Tumores malignos del tejido linfático, de los órganos hematopoyéticos y tejidos afines",False
14,2014,"Tumores malignos del tejido linfático, de los órganos hematopoyéticos y tejidos afines",False
14,2015,"Tumores malignos del tejido linfático, de los órganos hematopoyéticos y tejidos afines",False
14,2016,"Tumores malignos del tejido linfático, de los órganos hematopoyéticos y tejidos afines",False
14,2017,"Tumores malignos del tejido linfático, de los órganos hematopoyéticos y tejidos afines",False
14,2018,"Tumores malignos del tejido linfático, de los órganos hematopoyéticos y tejidos afines",False
14,2019,"Tumores malignos del tejido linfático, de los órganos hematopoyéticos y tejidos afines",False
14,2020,"Tumores malignos del tejido linfático, de los órganos hematopoyéticos y tejidos afines",False
14,2021,"Tumores malignos del tejido linfático, de los órganos hematopoyéticos y tejidos afines",False
14,2022,"Tumores malignos del tejido linfático, de los órganos hematopoyéticos y tejidos afines",False
14,2023,"Tumores malignos del tejido linfático, de los órganos hematopoyéticos y tejidos afines",False
14,2024,"Tumores malignos del tejido linfático, de los órganos hematopoyéticos y tejidos afines",False
14A,2005,Enfermedad de Hodgkin,
14A,2006,Enfermedad de Hodgkin,False
14A,2007,Enfermedad de Hodgkin,False
14A,2008,Enfermedad de Hodgkin,False
14A,2009,Enfermedad de Hodgkin,False
14A,2010,Enfermedad de Hodgkin,False
14A,2011,Enfermedad de Hodgkin,False
14A,2012,Enfermedad de Hodgkin,False
14A,2013,Enfermedad de Hodgkin,False
14A,2014,Enfermedad de Hodgkin,False
14A,2015,Enfermedad de Hodgkin,False
14A,2016,Enfermedad de Hodgkin,False
14A,2017,Enfermedad de Hodgkin,False
14A,2018,Enfermedad de Hodgkin,False
14A,2019,Enfermedad de Hodgkin,False
14A,2020,Enfermedad de Hodgkin,False
14A,2021,Enfermedad de Hodgkin,False
14A,2022,Enfermedad de Hodgkin,False
14A,2023,Enfermedad de Hodgkin,False
14A,2024,Enfermedad de Hodgkin,False
14B,2005,Linfoma no Hodgkin,
14B,2006,Linfoma no Hodgkin,False
14B,2007,Linfoma no Hodgkin,False
14B,2008,Linfoma no Hodgkin,False
14B,2009,Linfoma no Hodgkin,False
14B,2010,Linfoma no Hodgkin,False
14B,2011,Linfoma no Hodgkin,False
14B,2012,Linfoma no Hodgkin,False
14B,2013,Linfoma no Hodgkin,False
14B,2014,Linfoma no Hodgkin,False
14B,2015,Linfoma no Hodgkin,False
14B,2016,Linfoma no Hodgkin,False
14B,2017,Linfoma no Hodgkin,False
14B,2018,Linfoma no Hodgkin,False
14B,2019,Linfoma no Hodgkin,False
14B,2020,Linfoma no Hodgkin,False
14B,2021,Linfoma no Hodgkin,False
14B,2022,Linfoma no Hodgkin,False
14B,2023,Linfoma no Hodgkin,False
14B,2024,Linfoma no Hodgkin,False
14C,2005,Mieloma múltiple y tumores malignos de células plasmáticas,
14C,2006,Mieloma múltiple y tumores malignos de células plasmáticas,False
14C,2007,Mieloma múltiple y tumores malignos de células plasmáticas,False
14C,2008,Mieloma múltiple y tumores malignos de células plasmáticas,False
14C,2009,Mieloma múltiple y tumores malignos de células plasmáticas,False
14C,2010,Mieloma múltiple y tumores malignos de células plasmáticas,False
14C,2011,Mieloma múltiple y tumores malignos de células plasmáticas,False
14C,2012,Mieloma múltiple y tumores malignos de células plasmáticas,False
14C,2013,Mieloma múltiple y tumores malignos de células plasmáticas,False
14C,2014,Mieloma múltiple y tumores malignos de células plasmáticas,False
14C,2015,Mieloma múltiple y tumores malignos de células plasmáticas,False
14C,2016,Mieloma múltiple y tumores malignos de células plasmáticas,False
14C,2017,Mieloma múltiple y tumores malignos de células plasmáticas,False
14C,2018,Mieloma múltiple y tumores malignos de células plasmáticas,False
14C,2019,Mieloma múltiple y tumores malignos de células plasmáticas,False
14C,2020,Mieloma múltiple y tumores malignos de células plasmáticas,False
14C,2021,Mieloma múltiple y tumores malignos de células plasmáticas,False
14C,2022,Mieloma múltiple y tumores malignos de células plasmáticas,False
14C,2023,Mieloma múltiple y tumores malignos de células plasmáticas,False
14C,2024,Mieloma múltiple y tumores malignos de células plasmáticas,False
14D,2005,Leucemias,
14D,2006,Leucemias,False
14D,2007,Leucemias,False
14D,2008,Leucemias,False
14D,2009,Leucemias,False
14D,2010,Leucemias,False
14D,2011,Leucemias,False
14D,2012,Leucemias,False
14D,2013,Leucemias,False
14D,2014,Leucemias,False
14D,2015,Leucemias,False
14D,2016,Leucemias,False
14D,2017,Leucemias,False
14D,2018,Leucemias,False
14D,2019,Leucemias,False
14D,2020,Leucemias,False
14D,2021,Leucemias,False
14D,2022,Leucemias,False
14D,2023,Leucemias,False
14D,2024,Leucemias,False
14Z,2005,"Los demás tumores malignos del tejido linfático, órganos hematopoyéticos y tejidos afines",
14Z,2006,"Los demás tumores malignos del tejido linfático, órganos hematopoyéticos y tejidos afines",False
14Z,2007,"Los demás tumores malignos del tejido linfático, órganos hematopoyéticos y tejidos afines",False
14Z,2008,"Los demás tumores malignos del tejido linfático, órganos hematopoyéticos y tejidos afines",False
14Z,2009,"Los demás tumores malignos del tejido linfático, órganos hematopoyéticos y tejidos afines",False
14Z,2010,"Los demás tumores malignos del tejido linfático, órganos hematopoyéticos y tejidos afines",False
14Z,2011,"Los demás tumores malignos del tejido linfático, órganos hematopoyéticos y tejidos afines",False
14Z,2012,"Los demás tumores malignos del tejido linfático, órganos hematopoyéticos y tejidos afines",False
14Z,2013,"Los demás tumores malignos del tejido linfático, órganos hematopoyéticos y tejidos afines",False
14Z,2014,"Los demás tumores malignos del tejido linfático, órganos hematopoyéticos y tejidos afines",False
14Z,2015,"Los demás tumores malignos del tejido linfático, órganos hematopoyéticos y tejidos afines",False
14Z,2016,"Los demás tumores malignos del tejido linfático, órganos hematopoyéticos y tejidos afines",False
14Z,2017,"Los demás tumores malignos del tejido linfático, órganos hematopoyéticos y tejidos afines",False
14Z,2018,"Los demás tumores malignos del tejido linfático, órganos hematopoyéticos y tejidos afines",False
14Z,2019,"Los demás tumores malignos del tejido linfático, órganos hematopoyéticos y tejidos afines",False
14Z,2020,"Los demás tumores malignos del tejido linfático, órganos hematopoyéticos y tejidos afines",False
14Z,2021,"Los demás tumores malignos del tejido linfático, órganos hematopoyéticos y tejidos afines",False
14Z,2022,"Los demás tumores malignos del tejido linfático, órganos hematopoyéticos y tejidos afines",False
14Z,2023,"Los demás tumores malignos del tejido linfático, órganos hematopoyéticos y tejidos afines",False
14Z,2024,"Los demás tumores malignos del tejido linfático, órganos hematopoyéticos y tejidos afines",False
15,2005,Tumores malignos (primarios) de sitios múltiples independientes,
15,2006,Tumores malignos (primarios) de sitios múltiples independientes,False
15,2007,Tumores malignos (primarios) de sitios múltiples independientes,False
15,2008,Tumores malignos (primarios) de sitios múltiples independientes,False
15,2009,Tumores malignos (primarios) de sitios múltiples independientes,False
15,2010,Tumores malignos (primarios) de sitios múltiples independientes,False
15,2011,Tumores malignos (primarios) de sitios múltiples independientes,False
15,2012,Tumores malignos (primarios) de sitios múltiples independientes,False
15,2013,Tumores malignos (primarios) de sitios múltiples independientes,False
15,2014,Tumores malignos (primarios) de sitios múltiples independientes,False
15,2015,Tumores malignos (primarios) de sitios múltiples independientes,False
15,2016,Tumores malignos (primarios) de sitios múltiples independientes,False
15,2017,Tumores malignos (primarios) de sitios múltiples independientes,False
15,2018,Tumores malignos (primarios) de sitios múltiples independientes,False
15,2019,Tumores malignos (primarios) de sitios múltiples independientes,False
15,2020,Tumores malignos (primarios) de sitios múltiples independientes,False
15,2021,Tumores malignos (primarios) de sitios múltiples independientes,False
15,2022,Tumores malignos (primarios) de sitios múltiples independientes,False
15,2023,Tumores malignos (primarios) de sitios múltiples independientes,False
15,2024,Tumores malignos (primarios) de sitios múltiples independientes,False
16,2005,Tumores in situ,
16,2006,Tumores in situ,False
16,2007,Tumores in situ,False
16,2008,Tumores in situ,False
16,2009,Tumores in situ,False
16,2010,Tumores in situ,False
16,2011,Tumores in situ,False
16,2012,Tumores in situ,False
16,2013,Tumores in situ,False
16,2014,Tumores in situ,False
16,2015,Tumores in situ,False
16,2016,Tumores in situ,False
16,2017,Tumores in situ,False
16,2018,Tumores in situ,False
16,2019,Tumores in situ,False
16,2020,Tumores in situ,False
16,2021,Tumores in situ,False
16,2022,Tumores in situ,False
16,2023,Tumores in situ,False
16,2024,Tumores in situ,False
16A,2005,Carcinoma in situ del cuello del útero,
16A,2006,Carcinoma in situ del cuello del útero,False
16A,2007,Carcinoma in situ del cuello del útero,False
16A,2008,Carcinoma in situ del cuello del útero,False
16A,2009,Carcinoma in situ del cuello del útero,False
16A,2010,Carcinoma in situ del cuello del útero,False
16A,2011,Carcinoma in situ del cuello del útero,False
16A,2012,Carcinoma in situ del cuello del útero,False
16A,2013,Carcinoma in situ del cuello del útero,False
16A,2014,Carcinoma in situ del cuello del útero,False
16A,2015,Carcinoma in situ del cuello del útero,False
16A,2016,Carcinoma in situ del cuello del útero,False
16A,2017,Carcinoma in situ del cuello del útero,False
16A,2018,Carcinoma in situ del cuello del útero,False
16A,2019,Carcinoma in situ del cuello del útero,False
16A,2020,Carcinoma in situ del cuello del útero,False
16A,2021,Carcinoma in situ del cuello del útero,False
16A,2022,Carcinoma in situ del cuello del útero,False
16A,2023,Carcinoma in situ del cuello del útero,False
16A,2024,Carcinoma in situ del cuello del útero,False
16Z,2005,Las demás tumores in situ,
16Z,2006,Las demás tumores in situ,False
16Z,2007,Las demás tumores in situ,False
16Z,2008,Las demás tumores in situ,False
16Z,2009,Las demás tumores in situ,False
16Z,2010,Las demás tumores in situ,False
16Z,2011,Las demás tumores in situ,False
16Z,2012,Las demás tumores in situ,False
16Z,2013,Las demás tumores in situ,False
16Z,2014,Las demás tumores in situ,False
16Z,2015,Las demás tumores in situ,False
16Z,2016,Las demás tumores in situ,False
16Z,2017,Las demás tumores in situ,False
16Z,2018,Las demás tumores in situ,False
16Z,2019,Las demás tumores in situ,False
16Z,2020,Las demás tumores in situ,False
16Z,2021,Las demás tumores in situ,False
16Z,2022,Las demás tumores in situ,False
16Z,2023,Las demás tumores in situ,False
16Z,2024,Las demás tumores in situ,False
17,2005,Tumores Benignos,
17,2006,Tumores Benignos,False
17,2007,Tumores Benignos,False
17,2008,Tumores Benignos,False
17,2009,Tumores Benignos,False
17,2010,Tumores Benignos,False
17,2011,Tumores Benignos,False
17,2012,Tumores Benignos,False
17,2013,Tumores Benignos,False
17,2014,Tumores Benignos,False
17,2015,Tumores Benignos,False
17,2016,Tumores Benignos,False
17,2017,Tumores Benignos,False
17,2018,Tumores Benignos,False
17,2019,Tumores Benignos,False
17,2020,Tumores Benignos,False
17,2021,Tumores Benignos,False
17,2022,Tumores Benignos,False
17,2023,Tumores Benignos,False
17,2024,Tumores Benignos,False
17A,2005,Tumores benignos de la piel,
17A,2006,Tumores benignos de la piel,False
17A,2007,Tumores benignos de la piel,False
17A,2008,Tumores benignos de la piel,False
17A,2009,Tumores benignos de la piel,False
17A,2010,Tumores benignos de la piel,False
17A,2011,Tumores benignos de la piel,False
17A,2012,Tumores benignos de la piel,False
17A,2013,Tumores benignos de la piel,False
17A,2014,Tumores benignos de la piel,False
17A,2015,Tumores benignos de la piel,False
17A,2016,Tumores benignos de la piel,False
17A,2017,Tumores benignos de la piel,False
17A,2018,Tumores benignos de la piel,False
17A,2019,Tumores benignos de la piel,False
17A,2020,Tumores benignos de la piel,False
17A,2021,Tumores benignos de la piel,False
17A,2022,Tumores benignos de la piel,False
17A,2023,Tumores benignos de la piel,False
17A,2024,Tumores benignos de la piel,False
17B,2005,Tumor benigno de la mama,
17B,2006,Tumor benigno de la mama,False
17B,2007,Tumor benigno de la mama,False
17B,2008,Tumor benigno de la mama,False
17B,2009,Tumor benigno de la mama,False
17B,2010,Tumor benigno de la mama,False
17B,2011,Tumor benigno de la mama,False
17B,2012,Tumor benigno de la mama,False
17B,2013,Tumor benigno de la mama,False
17B,2014,Tumor benigno de la mama,False
17B,2015,Tumor benigno de la mama,False
17B,2016,Tumor benigno de la mama,False
17B,2017,Tumor benigno de la mama,False
17B,2018,Tumor benigno de la mama,False
17B,2019,Tumor benigno de la mama,False
17B,2020,Tumor benigno de la mama,False
17B,2021,Tumor benigno de la mama,False
17B,2022,Tumor benigno de la mama,False
17B,2023,Tumor benigno de la mama,False
17B,2024,Tumor benigno de la mama,False
17C,2005,Leiomioma uterino,
17C,2006,Leiomioma uterino,False
17C,2007,Leiomioma uterino,False
17C,2008,Leiomioma uterino,False
17C,2009,Leiomioma uterino,False
17C,2010,Leiomioma uterino,False
17C,2011,Leiomioma uterino,False
17C,2012,Leiomioma uterino,False
17C,2013,Leiomioma uterino,False
17C,2014,Leiomioma uterino,False
17C,2015,Leiomioma uterino,False
17C,2016,Leiomioma uterino,False
17C,2017,Leiomioma uterino,False
17C,2018,Leiomioma uterino,False
17C,2019,Leiomioma uterino,False
17C,2020,Leiomioma uterino,False
17C,2021,Leiomioma uterino,False
17C,2022,Leiomioma uterino,False
17C,2023,Leiomioma uterino,False
17C,2024,Leiomioma uterino,False
17D,2005,Tumor benigno del ovario,
17D,2006,Tumor benigno del ovario,False
17D,2007,Tumor benigno del ovario,False
17D,2008,Tumor benigno del ovario,False
17D,2009,Tumor benigno del ovario,False
17D,2010,Tumor benigno del ovario,False
17D,2011,Tumor benigno del ovario,False
17D,2012,Tumor benigno del ovario,False
17D,2013,Tumor benigno del ovario,False
17D,2014,Tumor benigno del ovario,False
17D,2015,Tumor benigno del ovario,False
17D,2016,Tumor benigno del ovario,False
17D,2017,Tumor benigno del ovario,False
17D,2018,Tumor benigno del ovario,False
17D,2019,Tumor benigno del ovario,False
17D,2020,Tumor benigno del ovario,False
17D,2021,Tumor benigno del ovario,False
17D,2022,Tumor benigno del ovario,False
17D,2023,Tumor benigno del ovario,False
17D,2024,Tumor benigno del ovario,False
17E,2005,Tumor benigno de los órganos urinarios,
17E,2006,Tumor benigno de los órganos urinarios,False
17E,2007,Tumor benigno de los órganos urinarios,False
17E,2008,Tumor benigno de los órganos urinarios,False
17E,2009,Tumor benigno de los órganos urinarios,False
17E,2010,Tumor benigno de los órganos urinarios,False
17E,2011,Tumor benigno de los órganos urinarios,False
17E,2012,Tumor benigno de los órganos urinarios,False
17E,2013,Tumor benigno de los órganos urinarios,False
17E,2014,Tumor benigno de los órganos urinarios,False
17E,2015,Tumor benigno de los órganos urinarios,False
17E,2016,Tumor benigno de los órganos urinarios,False
17E,2017,Tumor benigno de los órganos urinarios,False
17E,2018,Tumor benigno de los órganos urinarios,False
17E,2019,Tumor benigno de los órganos urinarios,False
17E,2020,Tumor benigno de los órganos urinarios,False
17E,2021,Tumor benigno de los órganos urinarios,False
17E,2022,Tumor benigno de los órganos urinarios,False
17E,2023,Tumor benigno de los órganos urinarios,False
17E,2024,Tumor benigno de los órganos urinarios,False
17F,2005,Tumor benigno del encéfalo y de otras partes del sistema nervioso central,
17F,2006,Tumor benigno del encéfalo y de otras partes del sistema nervioso central,False
17F,2007,Tumor benigno del encéfalo y de otras partes del sistema nervioso central,False
17F,2008,Tumor benigno del encéfalo y de otras partes del sistema nervioso central,False
17F,2009,Tumor benigno del encéfalo y de otras partes del sistema nervioso central,False
17F,2010,Tumor benigno del encéfalo y de otras partes del sistema nervioso central,False
17F,2011,Tumor benigno del encéfalo y de otras partes del sistema nervioso central,False
17F,2012,Tumor benigno del encéfalo y de otras partes del sistema nervioso central,False
17F,2013,Tumor benigno del encéfalo y de otras partes del sistema nervioso central,False
17F,2014,Tumor benigno del encéfalo y de otras partes del sistema nervioso central,False
17F,2015,Tumor benigno del encéfalo y de otras partes del sistema nervioso central,False
17F,2016,Tumor benigno del encéfalo y de otras partes del sistema nervioso central,False
17F,2017,Tumor benigno del encéfalo y de otras partes del sistema nervioso central,False
17F,2018,Tumor benigno del encéfalo y de otras partes del sistema nervioso central,False
17F,2019,Tumor benigno del encéfalo y de otras partes del sistema nervioso central,False
17F,2020,Tumor benigno del encéfalo y de otras partes del sistema nervioso central,False
17F,2021,Tumor benigno del encéfalo y de otras partes del sistema nervioso central,False
17F,2022,Tumor benigno del encéfalo y de otras partes del sistema nervioso central,False
17F,2023,Tumor benigno del encéfalo y de otras partes del sistema nervioso central,False
17F,2024,Tumor benigno del encéfalo y de otras partes del sistema nervioso central,False
17G,2005,Tumor benigno de la glándula tiroides,
17G,2006,Tumor benigno de la glándula tiroides,False
17G,2007,Tumor benigno de la glándula tiroides,False
17G,2008,Tumor benigno de la glándula tiroides,False
17G,2009,Tumor benigno de la glándula tiroides,False
17G,2010,Tumor benigno de la glándula tiroides,False
17G,2011,Tumor benigno de la glándula tiroides,False
17G,2012,Tumor benigno de la glándula tiroides,False
17G,2013,Tumor benigno de la glándula tiroides,False
17G,2014,Tumor benigno de la glándula tiroides,False
17G,2015,Tumor benigno de la glándula tiroides,False
17G,2016,Tumor benigno de la glándula tiroides,False
17G,2017,Tumor benigno de la glándula tiroides,False
17G,2018,Tumor benigno de la glándula tiroides,False
17G,2019,Tumor benigno de la glándula tiroides,False
17G,2020,Tumor benigno de la glándula tiroides,False
17G,2021,Tumor benigno de la glándula tiroides,False
17G,2022,Tumor benigno de la glándula tiroides,False
17G,2023,Tumor benigno de la glándula tiroides,False
17G,2024,Tumor benigno de la glándula tiroides,False
17Z,2005,Los demás tumores benignos,
17Z,2006,Los demás tumores benignos,False
17Z,2007,Los demás tumores benignos,False
17Z,2008,Los demás tumores benignos,False
17Z,2009,Los demás tumores benignos,False
17Z,2010,Los demás tumores benignos,False
17Z,2011,Los demás tumores benignos,False
17Z,2012,Los demás tumores benignos,False
17Z,2013,Los demás tumores benignos,False
17Z,2014,Los demás tumores benignos,False
17Z,2015,Los demás tumores benignos,False
17Z,2016,Los demás tumores benignos,False
17Z,2017,Los demás tumores benignos,False
17Z,2018,Los demás tumores benignos,False
17Z,2019,Los demás tumores benignos,False
17Z,2020,Los demás tumores benignos,False
17Z,2021,Los demás tumores benignos,False
17Z,2022,Los demás tumores benignos,False
17Z,2023,Los demás tumores benignos,False
17Z,2024,Los demás tumores benignos,False
18,2005,Tumores de comportamiento incierto o desconocido,
18,2006,Tumores de comportamiento incierto o desconocido,False
18,2007,Tumores de comportamiento incierto o desconocido,False
18,2008,Tumores de comportamiento incierto o desconocido,False
18,2009,Tumores de comportamiento incierto o desconocido,False
18,2010,Tumores de comportamiento incierto o desconocido,False
18,2011,Tumores de comportamiento incierto o desconocido,False
18,2012,Tumores de comportamiento incierto o desconocido,False
18,2013,Tumores de comportamiento incierto o desconocido,False
18,2014,Tumores de comportamiento incierto o desconocido,False
18,2015,Tumores de comportamiento incierto o desconocido,False
18,2016,Tumores de comportamiento incierto o desconocido,False
18,2017,Tumores de comportamiento incierto o desconocido,False
18,2018,Tumores de comportamiento incierto o desconocido,False
18,2019,Tumores de comportamiento incierto o desconocido,False
18,2020,Tumores de comportamiento incierto o desconocido,False
18,2021,Tumores de comportamiento incierto o desconocido,False
18,2022,Tumores de comportamiento incierto o desconocido,False
18,2023,Tumores de comportamiento incierto o desconocido,False
18,2024,Tumores de comportamiento incierto o desconocido,False
19,2005,"Enfermedades de la sangre y de los órganos hematopoyéticos, y ciertos trastornos que afectan el mecanismo de la inmunidad",
19,2006,"Enfermedades de la sangre y de los órganos hematopoyéticos, y ciertos trastornos que afectan el mecanismo de la inmunidad",False
19,2007,"Enfermedades de la sangre y de los órganos hematopoyéticos, y ciertos trastornos que afectan el mecanismo de la inmunidad",False
19,2008,"Enfermedades de la sangre y de los órganos hematopoyéticos, y ciertos trastornos que afectan el mecanismo de la inmunidad",False
19,2009,"Enfermedades de la sangre y de los órganos hematopoyéticos, y ciertos trastornos que afectan el mecanismo de la inmunidad",False
19,2010,"Enfermedades de la sangre y de los órganos hematopoyéticos, y ciertos trastornos que afectan el mecanismo de la inmunidad",False
19,2011,"Enfermedades de la sangre y de los órganos hematopoyéticos, y ciertos trastornos que afectan el mecanismo de la inmunidad",False
19,2012,"Enfermedades de la sangre y de los órganos hematopoyéticos, y ciertos trastornos que afectan el mecanismo de la inmunidad",False
19,2013,"Enfermedades de la sangre y de los órganos hematopoyéticos, y ciertos trastornos que afectan el mecanismo de la inmunidad",False
19,2014,"Enfermedades de la sangre y de los órganos hematopoyéticos, y ciertos trastornos que afectan el mecanismo de la inmunidad",False
19,2015,"Enfermedades de la sangre y de los órganos hematopoyéticos, y ciertos trastornos que afectan el mecanismo de la inmunidad",False
19,2016,"Enfermedades de la sangre y de los órganos hematopoyéticos, y ciertos trastornos que afectan el mecanismo de la inmunidad",False
19,2017,"Enfermedades de la sangre y de los órganos hematopoyéticos, y ciertos trastornos que afectan el mecanismo de la inmunidad",False
19,2018,"Enfermedades de la sangre y de los órganos hematopoyéticos, y ciertos trastornos que afectan el mecanismo de la inmunidad",False
19,2019,"Enfermedades de la sangre y de los órganos hematopoyéticos, y ciertos trastornos que afectan el mecanismo de la inmunidad",False
19,2020,"Enfermedades de la sangre y de los órganos hematopoyéticos, y ciertos trastornos que afectan el mecanismo de la inmunidad",False
19,2021,"Enfermedades de la sangre y de los órganos hematopoyéticos, y ciertos trastornos que afectan el mecanismo de la inmunidad",False
19,2022,"Enfermedades de la sangre y de los órganos hematopoyéticos, y ciertos trastornos que afectan el mecanismo de la inmunidad",False
19,2023,"Enfermedades de la sangre y de los órganos hematopoyéticos, y ciertos trastornos que afectan el mecanismo de la inmunidad",False
19,2024,"Enfermedades de la sangre y de los órganos hematopoyéticos, y ciertos trastornos que afectan el mecanismo de la inmunidad",False
19A,2005,Anemias por deficiencia de hierro,
19A,2006,Anemias por deficiencia de hierro,False
19A,2007,Anemias por deficiencia de hierro,False
19A,2008,Anemias por deficiencia de hierro,False
19A,2009,Anemias por deficiencia de hierro,False
19A,2010,Anemias por deficiencia de hierro,False
19A,2011,Anemias por deficiencia de hierro,False
19A,2012,Anemias por deficiencia de hierro,False
19A,2013,Anemias por deficiencia de hierro,False
19A,2014,Anemias por deficiencia de hierro,False
19A,2015,Anemias por deficiencia de hierro,False
19A,2016,Anemias por deficiencia de hierro,False
19A,2017,Anemias por deficiencia de hierro,False
19A,2018,Anemias por deficiencia de hierro,False
19A,2019,Anemias por deficiencia de hierro,False
19A,2020,Anemias por deficiencia de hierro,False
19A,2021,Anemias por deficiencia de hierro,False
19A,2022,Anemias por deficiencia de hierro,False
19A,2023,Anemias por deficiencia de hierro,False
19A,2024,Anemias por deficiencia de hierro,False
19B,2005,Otras anemias,
19B,2006,Otras anemias,False
19B,2007,Otras anemias,False
19B,2008,Otras anemias,False
19B,2009,Otras anemias,False
19B,2010,Otras anemias,False
19B,2011,Otras anemias,False
19B,2012,Otras anemias,False
19B,2013,Otras anemias,False
19B,2014,Otras anemias,False
19B,2015,Otras anemias,False
19B,2016,Otras anemias,False
19B,2017,Otras anemias,False
19B,2018,Otras anemias,False
19B,2019,Otras anemias,False
19B,2020,Otras anemias,False
19B,2021,Otras anemias,False
19B,2022,Otras anemias,False
19B,2023,Otras anemias,False
19B,2024,Otras anemias,False
19C,2005,Ciertos trastornos que afectan el mecanismo de la inmunidad,
19C,2006,Ciertos trastornos que afectan el mecanismo de la inmunidad,False
19C,2007,Ciertos trastornos que afectan el mecanismo de la inmunidad,False
19C,2008,Ciertos trastornos que afectan el mecanismo de la inmunidad,False
19C,2009,Ciertos trastornos que afectan el mecanismo de la inmunidad,False
19C,2010,Ciertos trastornos que afectan el mecanismo de la inmunidad,False
19C,2011,Ciertos trastornos que afectan el mecanismo de la inmunidad,False
19C,2012,Ciertos trastornos que afectan el mecanismo de la inmunidad,False
19C,2013,Ciertos trastornos que afectan el mecanismo de la inmunidad,False
19C,2014,Ciertos trastornos que afectan el mecanismo de la inmunidad,False
19C,2015,Ciertos trastornos que afectan el mecanismo de la inmunidad,False
19C,2016,Ciertos trastornos que afectan el mecanismo de la inmunidad,False
19C,2017,Ciertos trastornos que afectan el mecanismo de la inmunidad,False
19C,2018,Ciertos trastornos que afectan el mecanismo de la inmunidad,False
19C,2019,Ciertos trastornos que afectan el mecanismo de la inmunidad,False
19C,2020,Ciertos trastornos que afectan el mecanismo de la inmunidad,False
19C,2021,Ciertos trastornos que afectan el mecanismo de la inmunidad,False
19C,2022,Ciertos trastornos que afectan el mecanismo de la inmunidad,False
19C,2023,Ciertos trastornos que afectan el mecanismo de la inmunidad,False
19C,2024,Ciertos trastornos que afectan el mecanismo de la inmunidad,False
19Z,2005,"Las demás enfermedades de la sangre, órganos hematopoyéticos y trastornos de la inmunidad",
19Z,2006,"Las demás enfermedades de la sangre, órganos hematopoyéticos y trastornos de la inmunidad",False
19Z,2007,"Las demás enfermedades de la sangre, órganos hematopoyéticos y trastornos de la inmunidad",False
19Z,2008,"Las demás enfermedades de la sangre, órganos hematopoyéticos y trastornos de la inmunidad",False
19Z,2009,"Las demás enfermedades de la sangre, órganos hematopoyéticos y trastornos de la inmunidad",False
19Z,2010,"Las demás enfermedades de la sangre, órganos hematopoyéticos y trastornos de la inmunidad",False
19Z,2011,"Las demás enfermedades de la sangre, órganos hematopoyéticos y trastornos de la inmunidad",False
19Z,2012,"Las demás enfermedades de la sangre, órganos hematopoyéticos y trastornos de la inmunidad",False
19Z,2013,"Las demás enfermedades de la sangre, órganos hematopoyéticos y trastornos de la inmunidad",False
19Z,2014,"Las demás enfermedades de la sangre, órganos hematopoyéticos y trastornos de la inmunidad",False
19Z,2015,"Las demás enfermedades de la sangre, órganos hematopoyéticos y trastornos de la inmunidad",False
19Z,2016,"Las demás enfermedades de la sangre, órganos hematopoyéticos y trastornos de la inmunidad",False
19Z,2017,"Las demás enfermedades de la sangre, órganos hematopoyéticos y trastornos de la inmunidad",False
19Z,2018,"Las demás enfermedades de la sangre, órganos hematopoyéticos y trastornos de la inmunidad",False
19Z,2019,"Las demás enfermedades de la sangre, órganos hematopoyéticos y trastornos de la inmunidad",False
19Z,2020,"Las demás enfermedades de la sangre, órganos hematopoyéticos y trastornos de la inmunidad",False
19Z,2021,"Las demás enfermedades de la sangre, órganos hematopoyéticos y trastornos de la inmunidad",False
19Z,2022,"Las demás enfermedades de la sangre, órganos hematopoyéticos y trastornos de la inmunidad",False
19Z,2023,"Las demás enfermedades de la sangre, órganos hematopoyéticos y trastornos de la inmunidad",False
19Z,2024,"Las demás enfermedades de la sangre, órganos hematopoyéticos y trastornos de la inmunidad",False
20,2005,Enfermedades endocrinas y metabólicas,
20,2006,Enfermedades endocrinas y metabólicas,False
20,2007,Enfermedades endocrinas y metabólicas,False
20,2008,Enfermedades endocrinas y metabólicas,False
20,2009,Enfermedades endocrinas y metabólicas,False
20,2010,Enfermedades endocrinas y metabólicas,False
20,2011,Enfermedades endocrinas y metabólicas,False
20,2012,Enfermedades endocrinas y metabólicas,False
20,2013,Enfermedades endocrinas y metabólicas,False
20,2014,Enfermedades endocrinas y metabólicas,False
20,2015,Enfermedades endocrinas y metabólicas,False
20,2016,Enfermedades endocrinas y metabólicas,False
20,2017,Enfermedades endocrinas y metabólicas,False
20,2018,Enfermedades endocrinas y metabólicas,False
20,2019,Enfermedades endocrinas y metabólicas,False
20,2020,Enfermedades endocrinas y metabólicas,False
20,2021,Enfermedades endocrinas y metabólicas,False
20,2022,Enfermedades endocrinas y metabólicas,False
20,2023,Enfermedades endocrinas y metabólicas,False
20,2024,Enfermedades endocrinas y metabólicas,False
20A,2005,Trastornos tiroideos relacionados con la deficiencia de yodo,
20A,2006,Trastornos tiroideos relacionados con la deficiencia de yodo,False
20A,2007,Trastornos tiroideos relacionados con la deficiencia de yodo,False
20A,2008,Trastornos tiroideos relacionados con la deficiencia de yodo,False
20A,2009,Trastornos tiroideos relacionados con la deficiencia de yodo,False
20A,2010,Trastornos tiroideos relacionados con la deficiencia de yodo,False
20A,2011,Trastornos tiroideos relacionados con la deficiencia de yodo,False
20A,2012,Trastornos tiroideos relacionados con la deficiencia de yodo,False
20A,2013,Trastornos tiroideos relacionados con la deficiencia de yodo,False
20A,2014,Trastornos tiroideos relacionados con la deficiencia de yodo,False
20A,2015,Trastornos tiroideos relacionados con la deficiencia de yodo,False
20A,2016,Trastornos tiroideos relacionados con la deficiencia de yodo,False
20A,2017,Trastornos tiroideos relacionados con la deficiencia de yodo,False
20A,2018,Trastornos tiroideos relacionados con la deficiencia de yodo,False
20A,2019,Trastornos tiroideos relacionados con la deficiencia de yodo,False
20A,2020,Trastornos tiroideos relacionados con la deficiencia de yodo,False
20A,2021,Trastornos tiroideos relacionados con la deficiencia de yodo,False
20A,2022,Trastornos tiroideos relacionados con la deficiencia de yodo,False
20A,2023,Trastornos tiroideos relacionados con la deficiencia de yodo,False
20A,2024,Trastornos tiroideos relacionados con la deficiencia de yodo,False
20B,2005,Tirotoxicosis,
20B,2006,Tirotoxicosis,False
20B,2007,Tirotoxicosis,False
20B,2008,Tirotoxicosis,False
20B,2009,Tirotoxicosis,False
20B,2010,Tirotoxicosis,False
20B,2011,Tirotoxicosis,False
20B,2012,Tirotoxicosis,False
20B,2013,Tirotoxicosis,False
20B,2014,Tirotoxicosis,False
20B,2015,Tirotoxicosis,False
20B,2016,Tirotoxicosis,False
20B,2017,Tirotoxicosis,False
20B,2018,Tirotoxicosis,False
20B,2019,Tirotoxicosis,False
20B,2020,Tirotoxicosis,False
20B,2021,Tirotoxicosis,False
20B,2022,Tirotoxicosis,False
20B,2023,Tirotoxicosis,False
20B,2024,Tirotoxicosis,False
20C,2005,Otros trastornos de la tiroides,
20C,2006,Otros trastornos de la tiroides,False
20C,2007,Otros trastornos de la tiroides,False
20C,2008,Otros trastornos de la tiroides,False
20C,2009,Otros trastornos de la tiroides,False
20C,2010,Otros trastornos de la tiroides,False
20C,2011,Otros trastornos de la tiroides,False
20C,2012,Otros trastornos de la tiroides,False
20C,2013,Otros trastornos de la tiroides,False
20C,2014,Otros trastornos de la tiroides,False
20C,2015,Otros trastornos de la tiroides,False
20C,2016,Otros trastornos de la tiroides,False
20C,2017,Otros trastornos de la tiroides,False
20C,2018,Otros trastornos de la tiroides,False
20C,2019,Otros trastornos de la tiroides,False
20C,2020,Otros trastornos de la tiroides,False
20C,2021,Otros trastornos de la tiroides,False
20C,2022,Otros trastornos de la tiroides,False
20C,2023,Otros trastornos de la tiroides,False
20C,2024,Otros trastornos de la tiroides,False
20D,2005,Diabetes mellitus,
20D,2006,Diabetes mellitus,False
20D,2007,Diabetes mellitus,False
20D,2008,Diabetes mellitus,False
20D,2009,Diabetes mellitus,False
20D,2010,Diabetes mellitus,False
20D,2011,Diabetes mellitus,False
20D,2012,Diabetes mellitus,False
20D,2013,Diabetes mellitus,False
20D,2014,Diabetes mellitus,False
20D,2015,Diabetes mellitus,False
20D,2016,Diabetes mellitus,False
20D,2017,Diabetes mellitus,False
20D,2018,Diabetes mellitus,False
20D,2019,Diabetes mellitus,False
20D,2020,Diabetes mellitus,False
20D,2021,Diabetes mellitus,False
20D,2022,Diabetes mellitus,False
20D,2023,Diabetes mellitus,False
20D,2024,Diabetes mellitus,False
20E,2005,"Trastornos del metabolismo, de las lipoproteínas y otras lipidemias",
20E,2006,"Trastornos del metabolismo, de las lipoproteínas y otras lipidemias",False
20E,2007,"Trastornos del metabolismo, de las lipoproteínas y otras lipidemias",False
20E,2008,"Trastornos del metabolismo, de las lipoproteínas y otras lipidemias",False
20E,2009,"Trastornos del metabolismo, de las lipoproteínas y otras lipidemias",False
20E,2010,"Trastornos del metabolismo, de las lipoproteínas y otras lipidemias",False
20E,2011,"Trastornos del metabolismo, de las lipoproteínas y otras lipidemias",False
20E,2012,"Trastornos del metabolismo, de las lipoproteínas y otras lipidemias",False
20E,2013,"Trastornos del metabolismo, de las lipoproteínas y otras lipidemias",False
20E,2014,"Trastornos del metabolismo, de las lipoproteínas y otras lipidemias",False
20E,2015,"Trastornos del metabolismo, de las lipoproteínas y otras lipidemias",False
20E,2016,"Trastornos del metabolismo, de las lipoproteínas y otras lipidemias",False
20E,2017,"Trastornos del metabolismo, de las lipoproteínas y otras lipidemias",False
20E,2018,"Trastornos del metabolismo, de las lipoproteínas y otras lipidemias",False
20E,2019,"Trastornos del metabolismo, de las lipoproteínas y otras lipidemias",False
20E,2020,"Trastornos del metabolismo, de las lipoproteínas y otras lipidemias",False
20E,2021,"Trastornos del metabolismo, de las lipoproteínas y otras lipidemias",False
20E,2022,"Trastornos del metabolismo, de las lipoproteínas y otras lipidemias",False
20E,2023,"Trastornos del metabolismo, de las lipoproteínas y otras lipidemias",False
20E,2024,"Trastornos del metabolismo, de las lipoproteínas y otras lipidemias",False
20F,2005,Obesidad,
20F,2006,Obesidad,False
20F,2007,Obesidad,False
20F,2008,Obesidad,False
20F,2009,Obesidad,False
20F,2010,Obesidad,False
20F,2011,Obesidad,False
20F,2012,Obesidad,False
20F,2013,Obesidad,False
20F,2014,Obesidad,False
20F,2015,Obesidad,False
20F,2016,Obesidad,False
20F,2017,Obesidad,False
20F,2018,Obesidad,False
20F,2019,Obesidad,False
20F,2020,Obesidad,False
20F,2021,Obesidad,False
20F,2022,Obesidad,False
20F,2023,Obesidad,False
20F,2024,Obesidad,False
20G,2005,Depleción del volumen,
20G,2006,Depleción del volumen,False
20G,2007,Depleción del volumen,False
20G,2008,Depleción del volumen,False
20G,2009,Depleción del volumen,False
20G,2010,Depleción del volumen,False
20G,2011,Depleción del volumen,False
20G,2012,Depleción del volumen,False
20G,2013,Depleción del volumen,False
20G,2014,Depleción del volumen,False
20G,2015,Depleción del volumen,False
20G,2016,Depleción del volumen,False
20G,2017,Depleción del volumen,False
20G,2018,Depleción del volumen,False
20G,2019,Depleción del volumen,False
20G,2020,Depleción del volumen,False
20G,2021,Depleción del volumen,False
20G,2022,Depleción del volumen,False
20G,2023,Depleción del volumen,False
20G,2024,Depleción del volumen,False
20H,2005,Secuelas de hiperalimentación,
20H,2006,Secuelas de hiperalimentación,False
20H,2007,Secuelas de hiperalimentación,False
20H,2008,Secuelas de hiperalimentación,False
20H,2009,Secuelas de hiperalimentación,False
20H,2010,Secuelas de hiperalimentación,False
20H,2011,Secuelas de hiperalimentación,False
20H,2012,Secuelas de hiperalimentación,False
20H,2013,Secuelas de hiperalimentación,False
20H,2014,Secuelas de hiperalimentación,False
20H,2015,Secuelas de hiperalimentación,False
20H,2016,Secuelas de hiperalimentación,False
20H,2017,Secuelas de hiperalimentación,False
20H,2018,Secuelas de hiperalimentación,False
20H,2019,Secuelas de hiperalimentación,False
20H,2020,Secuelas de hiperalimentación,False
20H,2021,Secuelas de hiperalimentación,False
20H,2022,Secuelas de hiperalimentación,False
20H,2023,Secuelas de hiperalimentación,False
20H,2024,Secuelas de hiperalimentación,False
20Z,2005,Las demás enfermedades endocrinas y metabólicas,
20Z,2006,Las demás enfermedades endocrinas y metabólicas,False
20Z,2007,Las demás enfermedades endocrinas y metabólicas,False
20Z,2008,Las demás enfermedades endocrinas y metabólicas,False
20Z,2009,Las demás enfermedades endocrinas y metabólicas,False
20Z,2010,Las demás enfermedades endocrinas y metabólicas,False
20Z,2011,Las demás enfermedades endocrinas y metabólicas,False
20Z,2012,Las demás enfermedades endocrinas y metabólicas,False
20Z,2013,Las demás enfermedades endocrinas y metabólicas,False
20Z,2014,Las demás enfermedades endocrinas y metabólicas,False
20Z,2015,Las demás enfermedades endocrinas y metabólicas,False
20Z,2016,Las demás enfermedades endocrinas y metabólicas,False
20Z,2017,Las demás enfermedades endocrinas y metabólicas,False
20Z,2018,Las demás enfermedades endocrinas y metabólicas,False
20Z,2019,Las demás enfermedades endocrinas y metabólicas,False
20Z,2020,Las demás enfermedades endocrinas y metabólicas,False
20Z,2021,Las demás enfermedades endocrinas y metabólicas,False
20Z,2022,Las demás enfermedades endocrinas y metabólicas,False
20Z,2023,Las demás enfermedades endocrinas y metabólicas,False
20Z,2024,Las demás enfermedades endocrinas y metabólicas,False
21,2005,Desnutrición y otras deficiencias nutricionales,
21,2006,Desnutrición y otras deficiencias nutricionales,False
21,2007,Desnutrición y otras deficiencias nutricionales,False
21,2008,Desnutrición y otras deficiencias nutricionales,False
21,2009,Desnutrición y otras deficiencias nutricionales,False
21,2010,Desnutrición y otras deficiencias nutricionales,False
21,2011,Desnutrición y otras deficiencias nutricionales,False
21,2012,Desnutrición y otras deficiencias nutricionales,False
21,2013,Desnutrición y otras deficiencias nutricionales,False
21,2014,Desnutrición y otras deficiencias nutricionales,False
21,2015,Desnutrición y otras deficiencias nutricionales,False
21,2016,Desnutrición y otras deficiencias nutricionales,False
21,2017,Desnutrición y otras deficiencias nutricionales,False
21,2018,Desnutrición y otras deficiencias nutricionales,False
21,2019,Desnutrición y otras deficiencias nutricionales,False
21,2020,Desnutrición y otras deficiencias nutricionales,False
21,2021,Desnutrición y otras deficiencias nutricionales,False
21,2022,Desnutrición y otras deficiencias nutricionales,False
21,2023,Desnutrición y otras deficiencias nutricionales,False
21,2024,Desnutrición y otras deficiencias nutricionales,False
21A,2005,Kwashiorkor,
21A,2006,Kwashiorkor,False
21A,2007,Kwashiorkor,False
21A,2008,Kwashiorkor,False
21A,2009,Kwashiorkor,False
21A,2010,Kwashiorkor,False
21A,2011,Kwashiorkor,False
21A,2012,Kwashiorkor,False
21A,2013,Kwashiorkor,False
21A,2014,Kwashiorkor,False
21A,2015,Kwashiorkor,False
21A,2016,Kwashiorkor,False
21A,2017,Kwashiorkor,False
21A,2018,Kwashiorkor,False
21A,2019,Kwashiorkor,False
21A,2020,Kwashiorkor,False
21A,2021,Kwashiorkor,False
21A,2022,Kwashiorkor,False
21A,2023,Kwashiorkor,False
21A,2024,Kwashiorkor,False
21B,2005,Marasmo nutricional,
21B,2006,Marasmo nutricional,False
21B,2007,Marasmo nutricional,False
21B,2008,Marasmo nutricional,False
21B,2009,Marasmo nutricional,False
21B,2010,Marasmo nutricional,False
21B,2011,Marasmo nutricional,False
21B,2012,Marasmo nutricional,False
21B,2013,Marasmo nutricional,False
21B,2014,Marasmo nutricional,False
21B,2015,Marasmo nutricional,False
21B,2016,Marasmo nutricional,False
21B,2017,Marasmo nutricional,False
21B,2018,Marasmo nutricional,False
21B,2019,Marasmo nutricional,False
21B,2020,Marasmo nutricional,False
21B,2021,Marasmo nutricional,False
21B,2022,Marasmo nutricional,False
21B,2023,Marasmo nutricional,False
21B,2024,Marasmo nutricional,False
21C,2005,Otras desnutriciones proteinocalóricas,
21C,2006,Otras desnutriciones proteinocalóricas,False
21C,2007,Otras desnutriciones proteinocalóricas,False
21C,2008,Otras desnutriciones proteinocalóricas,False
21C,2009,Otras desnutriciones proteinocalóricas,False
21C,2010,Otras desnutriciones proteinocalóricas,False
21C,2011,Otras desnutriciones proteinocalóricas,False
21C,2012,Otras desnutriciones proteinocalóricas,False
21C,2013,Otras desnutriciones proteinocalóricas,False
21C,2014,Otras desnutriciones proteinocalóricas,False
21C,2015,Otras desnutriciones proteinocalóricas,False
21C,2016,Otras desnutriciones proteinocalóricas,False
21C,2017,Otras desnutriciones proteinocalóricas,False
21C,2018,Otras desnutriciones proteinocalóricas,False
21C,2019,Otras desnutriciones proteinocalóricas,False
21C,2020,Otras desnutriciones proteinocalóricas,False
21C,2021,Otras desnutriciones proteinocalóricas,False
21C,2022,Otras desnutriciones proteinocalóricas,False
21C,2023,Otras desnutriciones proteinocalóricas,False
21C,2024,Otras desnutriciones proteinocalóricas,False
21D,2005,Deficiencia de vitamina A,
21D,2006,Deficiencia de vitamina A,False
21D,2007,Deficiencia de vitamina A,False
21D,2008,Deficiencia de vitamina A,False
21D,2009,Deficiencia de vitamina A,False
21D,2010,Deficiencia de vitamina A,False
21D,2011,Deficiencia de vitamina A,False
21D,2012,Deficiencia de vitamina A,False
21D,2013,Deficiencia de vitamina A,False
21D,2014,Deficiencia de vitamina A,False
21D,2015,Deficiencia de vitamina A,False
21D,2016,Deficiencia de vitamina A,False
21D,2017,Deficiencia de vitamina A,False
21D,2018,Deficiencia de vitamina A,False
21D,2019,Deficiencia de vitamina A,False
21D,2020,Deficiencia de vitamina A,False
21D,2021,Deficiencia de vitamina A,False
21D,2022,Deficiencia de vitamina A,False
21D,2023,Deficiencia de vitamina A,False
21D,2024,Deficiencia de vitamina A,False
21E,2005,Otras deficiencias vitamínicas,
21E,2006,Otras deficiencias vitamínicas,False
21E,2007,Otras deficiencias vitamínicas,False
21E,2008,Otras deficiencias vitamínicas,False
21E,2009,Otras deficiencias vitamínicas,False
21E,2010,Otras deficiencias vitamínicas,False
21E,2011,Otras deficiencias vitamínicas,False
21E,2012,Otras deficiencias vitamínicas,False
21E,2013,Otras deficiencias vitamínicas,False
21E,2014,Otras deficiencias vitamínicas,False
21E,2015,Otras deficiencias vitamínicas,False
21E,2016,Otras deficiencias vitamínicas,False
21E,2017,Otras deficiencias vitamínicas,False
21E,2018,Otras deficiencias vitamínicas,False
21E,2019,Otras deficiencias vitamínicas,False
21E,2020,Otras deficiencias vitamínicas,False
21E,2021,Otras deficiencias vitamínicas,False
21E,2022,Otras deficiencias vitamínicas,False
21E,2023,Otras deficiencias vitamínicas,False
21E,2024,Otras deficiencias vitamínicas,False
21F,2005,Secuelas de la desnutrición y otras deficiencias nutricionales,
21F,2006,Secuelas de la desnutrición y otras deficiencias nutricionales,False
21F,2007,Secuelas de la desnutrición y otras deficiencias nutricionales,False
21F,2008,Secuelas de la desnutrición y otras deficiencias nutricionales,False
21F,2009,Secuelas de la desnutrición y otras deficiencias nutricionales,False
21F,2010,Secuelas de la desnutrición y otras deficiencias nutricionales,False
21F,2011,Secuelas de la desnutrición y otras deficiencias nutricionales,False
21F,2012,Secuelas de la desnutrición y otras deficiencias nutricionales,False
21F,2013,Secuelas de la desnutrición y otras deficiencias nutricionales,False
21F,2014,Secuelas de la desnutrición y otras deficiencias nutricionales,False
21F,2015,Secuelas de la desnutrición y otras deficiencias nutricionales,False
21F,2016,Secuelas de la desnutrición y otras deficiencias nutricionales,False
21F,2017,Secuelas de la desnutrición y otras deficiencias nutricionales,False
21F,2018,Secuelas de la desnutrición y otras deficiencias nutricionales,False
21F,2019,Secuelas de la desnutrición y otras deficiencias nutricionales,False
21F,2020,Secuelas de la desnutrición y otras deficiencias nutricionales,False
21F,2021,Secuelas de la desnutrición y otras deficiencias nutricionales,False
21F,2022,Secuelas de la desnutrición y otras deficiencias nutricionales,False
21F,2023,Secuelas de la desnutrición y otras deficiencias nutricionales,False
21F,2024,Secuelas de la desnutrición y otras deficiencias nutricionales,False
21Z,2005,Las demás deficiencias nutricionales,
21Z,2006,Las demás deficiencias nutricionales,False
21Z,2007,Las demás deficiencias nutricionales,False
21Z,2008,Las demás deficiencias nutricionales,False
21Z,2009,Las demás deficiencias nutricionales,False
21Z,2010,Las demás deficiencias nutricionales,False
21Z,2011,Las demás deficiencias nutricionales,False
21Z,2012,Las demás deficiencias nutricionales,False
21Z,2013,Las demás deficiencias nutricionales,False
21Z,2014,Las demás deficiencias nutricionales,False
21Z,2015,Las demás deficiencias nutricionales,False
21Z,2016,Las demás deficiencias nutricionales,False
21Z,2017,Las demás deficiencias nutricionales,False
21Z,2018,Las demás deficiencias nutricionales,False
21Z,2019,Las demás deficiencias nutricionales,False
21Z,2020,Las demás deficiencias nutricionales,False
21Z,2021,Las demás deficiencias nutricionales,False
21Z,2022,Las demás deficiencias nutricionales,False
21Z,2023,Las demás deficiencias nutricionales,False
21Z,2024,Las demás deficiencias nutricionales,False
22,2005,Trastornos mentales y del comportamiento,
22,2006,Trastornos mentales y del comportamiento,False
22,2007,Trastornos mentales y del comportamiento,False
22,2008,Trastornos mentales y del comportamiento,False
22,2009,Trastornos mentales y del comportamiento,False
22,2010,Trastornos mentales y del comportamiento,False
22,2011,Trastornos mentales y del comportamiento,False
22,2012,Trastornos mentales y del comportamiento,False
22,2013,Trastornos mentales y del comportamiento,False
22,2014,Trastornos mentales y del comportamiento,False
22,2015,Trastornos mentales y del comportamiento,False
22,2016,Trastornos mentales y del comportamiento,False
22,2017,Trastornos mentales y del comportamiento,False
22,2018,Trastornos mentales y del comportamiento,False
22,2019,Trastornos mentales y del comportamiento,False
22,2020,Trastornos mentales y del comportamiento,False
22,2021,Trastornos mentales y del comportamiento,False
22,2022,Trastornos mentales y del comportamiento,False
22,2023,Trastornos mentales y del comportamiento,False
22,2024,Trastornos mentales y del comportamiento,False
22A,2005,Demencia,
22A,2006,Demencia,False
22A,2007,Demencia,False
22A,2008,Demencia,False
22A,2009,Demencia,False
22A,2010,Demencia,False
22A,2011,Demencia,False
22A,2012,Demencia,False
22A,2013,Demencia,False
22A,2014,Demencia,False
22A,2015,Demencia,False
22A,2016,Demencia,False
22A,2017,Demencia,False
22A,2018,Demencia,False
22A,2019,Demencia,False
22A,2020,Demencia,False
22A,2021,Demencia,False
22A,2022,Demencia,False
22A,2023,Demencia,False
22A,2024,Demencia,False
22B,2005,Otros trastornos mentales y del comportamiento debidos al uso del alcohol,
22B,2006,Otros trastornos mentales y del comportamiento debidos al uso del alcohol,False
22B,2007,Otros trastornos mentales y del comportamiento debidos al uso del alcohol,False
22B,2008,Otros trastornos mentales y del comportamiento debidos al uso del alcohol,False
22B,2009,Otros trastornos mentales y del comportamiento debidos al uso del alcohol,False
22B,2010,Otros trastornos mentales y del comportamiento debidos al uso del alcohol,False
22B,2011,Otros trastornos mentales y del comportamiento debidos al uso del alcohol,False
22B,2012,Otros trastornos mentales y del comportamiento debidos al uso del alcohol,False
22B,2013,Otros trastornos mentales y del comportamiento debidos al uso del alcohol,False
22B,2014,Otros trastornos mentales y del comportamiento debidos al uso del alcohol,False
22B,2015,Otros trastornos mentales y del comportamiento debidos al uso del alcohol,False
22B,2016,Otros trastornos mentales y del comportamiento debidos al uso del alcohol,False
22B,2017,Otros trastornos mentales y del comportamiento debidos al uso del alcohol,False
22B,2018,Otros trastornos mentales y del comportamiento debidos al uso del alcohol,False
22B,2019,Otros trastornos mentales y del comportamiento debidos al uso del alcohol,False
22B,2020,Otros trastornos mentales y del comportamiento debidos al uso del alcohol,False
22B,2021,Otros trastornos mentales y del comportamiento debidos al uso del alcohol,False
22B,2022,Otros trastornos mentales y del comportamiento debidos al uso del alcohol,False
22B,2023,Otros trastornos mentales y del comportamiento debidos al uso del alcohol,False
22B,2024,Otros trastornos mentales y del comportamiento debidos al uso del alcohol,False
22C,2005,Síndrome de dependencia del alcohol,
22C,2006,Síndrome de dependencia del alcohol,False
22C,2007,Síndrome de dependencia del alcohol,False
22C,2008,Síndrome de dependencia del alcohol,False
22C,2009,Síndrome de dependencia del alcohol,False
22C,2010,Síndrome de dependencia del alcohol,False
22C,2011,Síndrome de dependencia del alcohol,False
22C,2012,Síndrome de dependencia del alcohol,False
22C,2013,Síndrome de dependencia del alcohol,False
22C,2014,Síndrome de dependencia del alcohol,False
22C,2015,Síndrome de dependencia del alcohol,False
22C,2016,Síndrome de dependencia del alcohol,False
22C,2017,Síndrome de dependencia del alcohol,False
22C,2018,Síndrome de dependencia del alcohol,False
22C,2019,Síndrome de dependencia del alcohol,False
22C,2020,Síndrome de dependencia del alcohol,False
22C,2021,Síndrome de dependencia del alcohol,False
22C,2022,Síndrome de dependencia del alcohol,False
22C,2023,Síndrome de dependencia del alcohol,False
22C,2024,Síndrome de dependencia del alcohol,False
22D,2005,Trastornos mentales y del comportamiento debidos al uso de otras sustancias psicoactivas,
22D,2006,Trastornos mentales y del comportamiento debidos al uso de otras sustancias psicoactivas,False
22D,2007,Trastornos mentales y del comportamiento debidos al uso de otras sustancias psicoactivas,False
22D,2008,Trastornos mentales y del comportamiento debidos al uso de otras sustancias psicoactivas,False
22D,2009,Trastornos mentales y del comportamiento debidos al uso de otras sustancias psicoactivas,False
22D,2010,Trastornos mentales y del comportamiento debidos al uso de otras sustancias psicoactivas,False
22D,2011,Trastornos mentales y del comportamiento debidos al uso de otras sustancias psicoactivas,False
22D,2012,Trastornos mentales y del comportamiento debidos al uso de otras sustancias psicoactivas,False
22D,2013,Trastornos mentales y del comportamiento debidos al uso de otras sustancias psicoactivas,False
22D,2014,Trastornos mentales y del comportamiento debidos al uso de otras sustancias psicoactivas,False
22D,2015,Trastornos mentales y del comportamiento debidos al uso de otras sustancias psicoactivas,False
22D,2016,Trastornos mentales y del comportamiento debidos al uso de otras sustancias psicoactivas,False
22D,2017,Trastornos mentales y del comportamiento debidos al uso de otras sustancias psicoactivas,False
22D,2018,Trastornos mentales y del comportamiento debidos al uso de otras sustancias psicoactivas,False
22D,2019,Trastornos mentales y del comportamiento debidos al uso de otras sustancias psicoactivas,False
22D,2020,Trastornos mentales y del comportamiento debidos al uso de otras sustancias psicoactivas,False
22D,2021,Trastornos mentales y del comportamiento debidos al uso de otras sustancias psicoactivas,False
22D,2022,Trastornos mentales y del comportamiento debidos al uso de otras sustancias psicoactivas,False
22D,2023,Trastornos mentales y del comportamiento debidos al uso de otras sustancias psicoactivas,False
22D,2024,Trastornos mentales y del comportamiento debidos al uso de otras sustancias psicoactivas,False
22E,2005,"Esquizofrenia, trastornos esquizotípicos y trastornos delirantes",
22E,2006,"Esquizofrenia, trastornos esquizotípicos y trastornos delirantes",False
22E,2007,"Esquizofrenia, trastornos esquizotípicos y trastornos delirantes",False
22E,2008,"Esquizofrenia, trastornos esquizotípicos y trastornos delirantes",False
22E,2009,"Esquizofrenia, trastornos esquizotípicos y trastornos delirantes",False
22E,2010,"Esquizofrenia, trastornos esquizotípicos y trastornos delirantes",False
22E,2011,"Esquizofrenia, trastornos esquizotípicos y trastornos delirantes",False
22E,2012,"Esquizofrenia, trastornos esquizotípicos y trastornos delirantes",False
22E,2013,"Esquizofrenia, trastornos esquizotípicos y trastornos delirantes",False
22E,2014,"Esquizofrenia, trastornos esquizotípicos y trastornos delirantes",False
22E,2015,"Esquizofrenia, trastornos esquizotípicos y trastornos delirantes",False
22E,2016,"Esquizofrenia, trastornos esquizotípicos y trastornos delirantes",False
22E,2017,"Esquizofrenia, trastornos esquizotípicos y trastornos delirantes",False
22E,2018,"Esquizofrenia, trastornos esquizotípicos y trastornos delirantes",False
22E,2019,"Esquizofrenia, trastornos esquizotípicos y trastornos delirantes",False
22E,2020,"Esquizofrenia, trastornos esquizotípicos y trastornos delirantes",False
22E,2021,"Esquizofrenia, trastornos esquizotípicos y trastornos delirantes",False
22E,2022,"Esquizofrenia, trastornos esquizotípicos y trastornos delirantes",False
22E,2023,"Esquizofrenia, trastornos esquizotípicos y trastornos delirantes",False
22E,2024,"Esquizofrenia, trastornos esquizotípicos y trastornos delirantes",False
22F,2005,Trastornos del humor,
22F,2006,Trastornos del humor,False
22F,2007,Trastornos del humor,False
22F,2008,Trastornos del humor,False
22F,2009,Trastornos del humor,False
22F,2010,Trastornos del humor,False
22F,2011,Trastornos del humor,False
22F,2012,Trastornos del humor,False
22F,2013,Trastornos del humor,False
22F,2014,Trastornos del humor,False
22F,2015,Trastornos del humor,False
22F,2016,Trastornos del humor,False
22F,2017,Trastornos del humor,False
22F,2018,Trastornos del humor,False
22F,2019,Trastornos del humor,False
22F,2020,Trastornos del humor,False
22F,2021,Trastornos del humor,False
22F,2022,Trastornos del humor,False
22F,2023,Trastornos del humor,False
22F,2024,Trastornos del humor,False
22G,2005,"Trastornos neuróticos, trastornos relacionados con el estrés y trastornos somatomorfos",
22G,2006,"Trastornos neuróticos, trastornos relacionados con el estrés y trastornos somatomorfos",False
22G,2007,"Trastornos neuróticos, trastornos relacionados con el estrés y trastornos somatomorfos",False
22G,2008,"Trastornos neuróticos, trastornos relacionados con el estrés y trastornos somatomorfos",False
22G,2009,"Trastornos neuróticos, trastornos relacionados con el estrés y trastornos somatomorfos",False
22G,2010,"Trastornos neuróticos, trastornos relacionados con el estrés y trastornos somatomorfos",False
22G,2011,"Trastornos neuróticos, trastornos relacionados con el estrés y trastornos somatomorfos",False
22G,2012,"Trastornos neuróticos, trastornos relacionados con el estrés y trastornos somatomorfos",False
22G,2013,"Trastornos neuróticos, trastornos relacionados con el estrés y trastornos somatomorfos",False
22G,2014,"Trastornos neuróticos, trastornos relacionados con el estrés y trastornos somatomorfos",False
22G,2015,"Trastornos neuróticos, trastornos relacionados con el estrés y trastornos somatomorfos",False
22G,2016,"Trastornos neuróticos, trastornos relacionados con el estrés y trastornos somatomorfos",False
22G,2017,"Trastornos neuróticos, trastornos relacionados con el estrés y trastornos somatomorfos",False
22G,2018,"Trastornos neuróticos, trastornos relacionados con el estrés y trastornos somatomorfos",False
22G,2019,"Trastornos neuróticos, trastornos relacionados con el estrés y trastornos somatomorfos",False
22G,2020,"Trastornos neuróticos, trastornos relacionados con el estrés y trastornos somatomorfos",False
22G,2021,"Trastornos neuróticos, trastornos relacionados con el estrés y trastornos somatomorfos",False
22G,2022,"Trastornos neuróticos, trastornos relacionados con el estrés y trastornos somatomorfos",False
22G,2023,"Trastornos neuróticos, trastornos relacionados con el estrés y trastornos somatomorfos",False
22G,2024,"Trastornos neuróticos, trastornos relacionados con el estrés y trastornos somatomorfos",False
22H,2005,Síndromes del comportamiento asociados con alteraciones fisiológicas y factores físicos,
22H,2006,Síndromes del comportamiento asociados con alteraciones fisiológicas y factores físicos,False
22H,2007,Síndromes del comportamiento asociados con alteraciones fisiológicas y factores físicos,False
22H,2008,Síndromes del comportamiento asociados con alteraciones fisiológicas y factores físicos,False
22H,2009,Síndromes del comportamiento asociados con alteraciones fisiológicas y factores físicos,False
22H,2010,Síndromes del comportamiento asociados con alteraciones fisiológicas y factores físicos,False
22H,2011,Síndromes del comportamiento asociados con alteraciones fisiológicas y factores físicos,False
22H,2012,Síndromes del comportamiento asociados con alteraciones fisiológicas y factores físicos,False
22H,2013,Síndromes del comportamiento asociados con alteraciones fisiológicas y factores físicos,False
22H,2014,Síndromes del comportamiento asociados con alteraciones fisiológicas y factores físicos,False
22H,2015,Síndromes del comportamiento asociados con alteraciones fisiológicas y factores físicos,False
22H,2016,Síndromes del comportamiento asociados con alteraciones fisiológicas y factores físicos,False
22H,2017,Síndromes del comportamiento asociados con alteraciones fisiológicas y factores físicos,False
22H,2018,Síndromes del comportamiento asociados con alteraciones fisiológicas y factores físicos,False
22H,2019,Síndromes del comportamiento asociados con alteraciones fisiológicas y factores físicos,False
22H,2020,Síndromes del comportamiento asociados con alteraciones fisiológicas y factores físicos,False
22H,2021,Síndromes del comportamiento asociados con alteraciones fisiológicas y factores físicos,False
22H,2022,Síndromes del comportamiento asociados con alteraciones fisiológicas y factores físicos,False
22H,2023,Síndromes del comportamiento asociados con alteraciones fisiológicas y factores físicos,False
22H,2024,Síndromes del comportamiento asociados con alteraciones fisiológicas y factores físicos,False
22I,2005,Retraso mental,
22I,2006,Retraso mental,False
22I,2007,Retraso mental,False
22I,2008,Retraso mental,False
22I,2009,Retraso mental,False
22I,2010,Retraso mental,False
22I,2011,Retraso mental,False
22I,2012,Retraso mental,False
22I,2013,Retraso mental,False
22I,2014,Retraso mental,False
22I,2015,Retraso mental,False
22I,2016,Retraso mental,False
22I,2017,Retraso mental,False
22I,2018,Retraso mental,False
22I,2019,Retraso mental,False
22I,2020,Retraso mental,False
22I,2021,Retraso mental,False
22I,2022,Retraso mental,False
22I,2023,Retraso mental,False
22I,2024,Retraso mental,False
22Z,2005,Los demás trastornos mentales y del comportamiento,
22Z,2006,Los demás trastornos mentales y del comportamiento,False
22Z,2007,Los demás trastornos mentales y del comportamiento,False
22Z,2008,Los demás trastornos mentales y del comportamiento,False
22Z,2009,Los demás trastornos mentales y del comportamiento,False
22Z,2010,Los demás trastornos mentales y del comportamiento,False
22Z,2011,Los demás trastornos mentales y del comportamiento,False
22Z,2012,Los demás trastornos mentales y del comportamiento,False
22Z,2013,Los demás trastornos mentales y del comportamiento,False
22Z,2014,Los demás trastornos mentales y del comportamiento,False
22Z,2015,Los demás trastornos mentales y del comportamiento,False
22Z,2016,Los demás trastornos mentales y del comportamiento,False
22Z,2017,Los demás trastornos mentales y del comportamiento,False
22Z,2018,Los demás trastornos mentales y del comportamiento,False
22Z,2019,Los demás trastornos mentales y del comportamiento,False
22Z,2020,Los demás trastornos mentales y del comportamiento,False
22Z,2021,Los demás trastornos mentales y del comportamiento,False
22Z,2022,Los demás trastornos mentales y del comportamiento,False
22Z,2023,Los demás trastornos mentales y del comportamiento,False
22Z,2024,Los demás trastornos mentales y del comportamiento,False
23,2005,Enfermedades del sistema nervioso,
23,2006,Enfermedades del sistema nervioso,False
23,2007,Enfermedades del sistema nervioso,False
23,2008,Enfermedades del sistema nervioso,False
23,2009,Enfermedades del sistema nervioso,False
23,2010,Enfermedades del sistema nervioso,False
23,2011,Enfermedades del sistema nervioso,False
23,2012,Enfermedades del sistema nervioso,False
23,2013,Enfermedades del sistema nervioso,False
23,2014,Enfermedades del sistema nervioso,False
23,2015,Enfermedades del sistema nervioso,False
23,2016,Enfermedades del sistema nervioso,False
23,2017,Enfermedades del sistema nervioso,False
23,2018,Enfermedades del sistema nervioso,False
23,2019,Enfermedades del sistema nervioso,False
23,2020,Enfermedades del sistema nervioso,False
23,2021,Enfermedades del sistema nervioso,False
23,2022,Enfermedades del sistema nervioso,False
23,2023,Enfermedades del sistema nervioso,False
23,2024,Enfermedades del sistema nervioso,False
23A,2005,Meningitis,
23A,2006,Meningitis,False
23A,2007,Meningitis,False
23A,2008,Meningitis,False
23A,2009,Meningitis,False
23A,2010,Meningitis,False
23A,2011,Meningitis,False
23A,2012,Meningitis,False
23A,2013,Meningitis,False
23A,2014,Meningitis,False
23A,2015,Meningitis,False
23A,2016,Meningitis,False
23A,2017,Meningitis,False
23A,2018,Meningitis,False
23A,2019,Meningitis,False
23A,2020,Meningitis,False
23A,2021,Meningitis,False
23A,2022,Meningitis,False
23A,2023,Meningitis,False
23A,2024,Meningitis,False
23B,2005,Otras enfermedades inflamatorias del sistema nervioso central,
23B,2006,Otras enfermedades inflamatorias del sistema nervioso central,False
23B,2007,Otras enfermedades inflamatorias del sistema nervioso central,False
23B,2008,Otras enfermedades inflamatorias del sistema nervioso central,False
23B,2009,Otras enfermedades inflamatorias del sistema nervioso central,False
23B,2010,Otras enfermedades inflamatorias del sistema nervioso central,False
23B,2011,Otras enfermedades inflamatorias del sistema nervioso central,False
23B,2012,Otras enfermedades inflamatorias del sistema nervioso central,False
23B,2013,Otras enfermedades inflamatorias del sistema nervioso central,False
23B,2014,Otras enfermedades inflamatorias del sistema nervioso central,False
23B,2015,Otras enfermedades inflamatorias del sistema nervioso central,False
23B,2016,Otras enfermedades inflamatorias del sistema nervioso central,False
23B,2017,Otras enfermedades inflamatorias del sistema nervioso central,False
23B,2018,Otras enfermedades inflamatorias del sistema nervioso central,False
23B,2019,Otras enfermedades inflamatorias del sistema nervioso central,False
23B,2020,Otras enfermedades inflamatorias del sistema nervioso central,False
23B,2021,Otras enfermedades inflamatorias del sistema nervioso central,False
23B,2022,Otras enfermedades inflamatorias del sistema nervioso central,False
23B,2023,Otras enfermedades inflamatorias del sistema nervioso central,False
23B,2024,Otras enfermedades inflamatorias del sistema nervioso central,False
23C,2005,Enfermedad de Parkinson,
23C,2006,Enfermedad de Parkinson,False
23C,2007,Enfermedad de Parkinson,False
23C,2008,Enfermedad de Parkinson,False
23C,2009,Enfermedad de Parkinson,False
23C,2010,Enfermedad de Parkinson,False
23C,2011,Enfermedad de Parkinson,False
23C,2012,Enfermedad de Parkinson,False
23C,2013,Enfermedad de Parkinson,False
23C,2014,Enfermedad de Parkinson,False
23C,2015,Enfermedad de Parkinson,False
23C,2016,Enfermedad de Parkinson,False
23C,2017,Enfermedad de Parkinson,False
23C,2018,Enfermedad de Parkinson,False
23C,2019,Enfermedad de Parkinson,False
23C,2020,Enfermedad de Parkinson,False
23C,2021,Enfermedad de Parkinson,False
23C,2022,Enfermedad de Parkinson,False
23C,2023,Enfermedad de Parkinson,False
23C,2024,Enfermedad de Parkinson,False
23D,2005,Enfermedad de Alzheimer,
23D,2006,Enfermedad de Alzheimer,False
23D,2007,Enfermedad de Alzheimer,False
23D,2008,Enfermedad de Alzheimer,False
23D,2009,Enfermedad de Alzheimer,False
23D,2010,Enfermedad de Alzheimer,False
23D,2011,Enfermedad de Alzheimer,False
23D,2012,Enfermedad de Alzheimer,False
23D,2013,Enfermedad de Alzheimer,False
23D,2014,Enfermedad de Alzheimer,False
23D,2015,Enfermedad de Alzheimer,False
23D,2016,Enfermedad de Alzheimer,False
23D,2017,Enfermedad de Alzheimer,False
23D,2018,Enfermedad de Alzheimer,False
23D,2019,Enfermedad de Alzheimer,False
23D,2020,Enfermedad de Alzheimer,False
23D,2021,Enfermedad de Alzheimer,False
23D,2022,Enfermedad de Alzheimer,False
23D,2023,Enfermedad de Alzheimer,False
23D,2024,Enfermedad de Alzheimer,False
23E,2005,Esclerosis múltiple,
23E,2006,Esclerosis múltiple,False
23E,2007,Esclerosis múltiple,False
23E,2008,Esclerosis múltiple,False
23E,2009,Esclerosis múltiple,False
23E,2010,Esclerosis múltiple,False
23E,2011,Esclerosis múltiple,False
23E,2012,Esclerosis múltiple,False
23E,2013,Esclerosis múltiple,False
23E,2014,Esclerosis múltiple,False
23E,2015,Esclerosis múltiple,False
23E,2016,Esclerosis múltiple,False
23E,2017,Esclerosis múltiple,False
23E,2018,Esclerosis múltiple,False
23E,2019,Esclerosis múltiple,False
23E,2020,Esclerosis múltiple,False
23E,2021,Esclerosis múltiple,False
23E,2022,Esclerosis múltiple,False
23E,2023,Esclerosis múltiple,False
23E,2024,Esclerosis múltiple,False
23F,2005,Parálisis cerebral y otros síndromes paralíticos,
23F,2006,Parálisis cerebral y otros síndromes paralíticos,False
23F,2007,Parálisis cerebral y otros síndromes paralíticos,False
23F,2008,Parálisis cerebral y otros síndromes paralíticos,False
23F,2009,Parálisis cerebral y otros síndromes paralíticos,False
23F,2010,Parálisis cerebral y otros síndromes paralíticos,False
23F,2011,Parálisis cerebral y otros síndromes paralíticos,False
23F,2012,Parálisis cerebral y otros síndromes paralíticos,False
23F,2013,Parálisis cerebral y otros síndromes paralíticos,False
23F,2014,Parálisis cerebral y otros síndromes paralíticos,False
23F,2015,Parálisis cerebral y otros síndromes paralíticos,False
23F,2016,Parálisis cerebral y otros síndromes paralíticos,False
23F,2017,Parálisis cerebral y otros síndromes paralíticos,False
23F,2018,Parálisis cerebral y otros síndromes paralíticos,False
23F,2019,Parálisis cerebral y otros síndromes paralíticos,False
23F,2020,Parálisis cerebral y otros síndromes paralíticos,False
23F,2021,Parálisis cerebral y otros síndromes paralíticos,False
23F,2022,Parálisis cerebral y otros síndromes paralíticos,False
23F,2023,Parálisis cerebral y otros síndromes paralíticos,False
23F,2024,Parálisis cerebral y otros síndromes paralíticos,False
23G,2005,Epilepsia,
23G,2006,Epilepsia,False
23G,2007,Epilepsia,False
23G,2008,Epilepsia,False
23G,2009,Epilepsia,False
23G,2010,Epilepsia,False
23G,2011,Epilepsia,False
23G,2012,Epilepsia,False
23G,2013,Epilepsia,False
23G,2014,Epilepsia,False
23G,2015,Epilepsia,False
23G,2016,Epilepsia,False
23G,2017,Epilepsia,False
23G,2018,Epilepsia,False
23G,2019,Epilepsia,False
23G,2020,Epilepsia,False
23G,2021,Epilepsia,False
23G,2022,Epilepsia,False
23G,2023,Epilepsia,False
23G,2024,Epilepsia,False
23H,2005,Migraña y otros síndromes de cefalea,
23H,2006,Migraña y otros síndromes de cefalea,False
23H,2007,Migraña y otros síndromes de cefalea,False
23H,2008,Migraña y otros síndromes de cefalea,False
23H,2009,Migraña y otros síndromes de cefalea,False
23H,2010,Migraña y otros síndromes de cefalea,False
23H,2011,Migraña y otros síndromes de cefalea,False
23H,2012,Migraña y otros síndromes de cefalea,False
23H,2013,Migraña y otros síndromes de cefalea,False
23H,2014,Migraña y otros síndromes de cefalea,False
23H,2015,Migraña y otros síndromes de cefalea,False
23H,2016,Migraña y otros síndromes de cefalea,False
23H,2017,Migraña y otros síndromes de cefalea,False
23H,2018,Migraña y otros síndromes de cefalea,False
23H,2019,Migraña y otros síndromes de cefalea,False
23H,2020,Migraña y otros síndromes de cefalea,False
23H,2021,Migraña y otros síndromes de cefalea,False
23H,2022,Migraña y otros síndromes de cefalea,False
23H,2023,Migraña y otros síndromes de cefalea,False
23H,2024,Migraña y otros síndromes de cefalea,False
23I,2005,Ataques de isquemia cerebral transitoria y síndromes afines,
23I,2006,Ataques de isquemia cerebral transitoria y síndromes afines,False
23I,2007,Ataques de isquemia cerebral transitoria y síndromes afines,False
23I,2008,Ataques de isquemia cerebral transitoria y síndromes afines,False
23I,2009,Ataques de isquemia cerebral transitoria y síndromes afines,False
23I,2010,Ataques de isquemia cerebral transitoria y síndromes afines,False
23I,2011,Ataques de isquemia cerebral transitoria y síndromes afines,False
23I,2012,Ataques de isquemia cerebral transitoria y síndromes afines,False
23I,2013,Ataques de isquemia cerebral transitoria y síndromes afines,False
23I,2014,Ataques de isquemia cerebral transitoria y síndromes afines,False
23I,2015,Ataques de isquemia cerebral transitoria y síndromes afines,False
23I,2016,Ataques de isquemia cerebral transitoria y síndromes afines,False
23I,2017,Ataques de isquemia cerebral transitoria y síndromes afines,False
23I,2018,Ataques de isquemia cerebral transitoria y síndromes afines,False
23I,2019,Ataques de isquemia cerebral transitoria y síndromes afines,False
23I,2020,Ataques de isquemia cerebral transitoria y síndromes afines,False
23I,2021,Ataques de isquemia cerebral transitoria y síndromes afines,False
23I,2022,Ataques de isquemia cerebral transitoria y síndromes afines,False
23I,2023,Ataques de isquemia cerebral transitoria y síndromes afines,False
23I,2024,Ataques de isquemia cerebral transitoria y síndromes afines,False
23J,2005,"Trastornos de los nervios, de las raíces y de los plexos nerviosos",
23J,2006,"Trastornos de los nervios, de las raíces y de los plexos nerviosos",False
23J,2007,"Trastornos de los nervios, de las raíces y de los plexos nerviosos",False
23J,2008,"Trastornos de los nervios, de las raíces y de los plexos nerviosos",False
23J,2009,"Trastornos de los nervios, de las raíces y de los plexos nerviosos",False
23J,2010,"Trastornos de los nervios, de las raíces y de los plexos nerviosos",False
23J,2011,"Trastornos de los nervios, de las raíces y de los plexos nerviosos",False
23J,2012,"Trastornos de los nervios, de las raíces y de los plexos nerviosos",False
23J,2013,"Trastornos de los nervios, de las raíces y de los plexos nerviosos",False
23J,2014,"Trastornos de los nervios, de las raíces y de los plexos nerviosos",False
23J,2015,"Trastornos de los nervios, de las raíces y de los plexos nerviosos",False
23J,2016,"Trastornos de los nervios, de las raíces y de los plexos nerviosos",False
23J,2017,"Trastornos de los nervios, de las raíces y de los plexos nerviosos",False
23J,2018,"Trastornos de los nervios, de las raíces y de los plexos nerviosos",False
23J,2019,"Trastornos de los nervios, de las raíces y de los plexos nerviosos",False
23J,2020,"Trastornos de los nervios, de las raíces y de los plexos nerviosos",False
23J,2021,"Trastornos de los nervios, de las raíces y de los plexos nerviosos",False
23J,2022,"Trastornos de los nervios, de las raíces y de los plexos nerviosos",False
23J,2023,"Trastornos de los nervios, de las raíces y de los plexos nerviosos",False
23J,2024,"Trastornos de los nervios, de las raíces y de los plexos nerviosos",False
23Z,2005,Las demás enfermedades del sistema nervioso,
23Z,2006,Las demás enfermedades del sistema nervioso,False
23Z,2007,Las demás enfermedades del sistema nervioso,False
23Z,2008,Las demás enfermedades del sistema nervioso,False
23Z,2009,Las demás enfermedades del sistema nervioso,False
23Z,2010,Las demás enfermedades del sistema nervioso,False
23Z,2011,Las demás enfermedades del sistema nervioso,False
23Z,2012,Las demás enfermedades del sistema nervioso,False
23Z,2013,Las demás enfermedades del sistema nervioso,False
23Z,2014,Las demás enfermedades del sistema nervioso,False
23Z,2015,Las demás enfermedades del sistema nervioso,False
23Z,2016,Las demás enfermedades del sistema nervioso,False
23Z,2017,Las demás enfermedades del sistema nervioso,False
23Z,2018,Las demás enfermedades del sistema nervioso,False
23Z,2019,Las demás enfermedades del sistema nervioso,False
23Z,2020,Las demás enfermedades del sistema nervioso,False
23Z,2021,Las demás enfermedades del sistema nervioso,False
23Z,2022,Las demás enfermedades del sistema nervioso,False
23Z,2023,Las demás enfermedades del sistema nervioso,False
23Z,2024,Las demás enfermedades del sistema nervioso,False
24,2005,Enfermedades del ojo y sus anexos,
24,2006,Enfermedades del ojo y sus anexos,False
24,2007,Enfermedades del ojo y sus anexos,False
24,2008,Enfermedades del ojo y sus anexos,False
24,2009,Enfermedades del ojo y sus anexos,False
24,2010,Enfermedades del ojo y sus anexos,False
24,2011,Enfermedades del ojo y sus anexos,False
24,2012,Enfermedades del ojo y sus anexos,False
24,2013,Enfermedades del ojo y sus anexos,False
24,2014,Enfermedades del ojo y sus anexos,False
24,2015,Enfermedades del ojo y sus anexos,False
24,2016,Enfermedades del ojo y sus anexos,False
24,2017,Enfermedades del ojo y sus anexos,False
24,2018,Enfermedades del ojo y sus anexos,False
24,2019,Enfermedades del ojo y sus anexos,False
24,2020,Enfermedades del ojo y sus anexos,False
24,2021,Enfermedades del ojo y sus anexos,False
24,2022,Enfermedades del ojo y sus anexos,False
24,2023,Enfermedades del ojo y sus anexos,False
24,2024,Enfermedades del ojo y sus anexos,False
24A,2005,Inflamaciones del párpado,
24A,2006,Inflamaciones del párpado,False
24A,2007,Inflamaciones del párpado,False
24A,2008,Inflamaciones del párpado,False
24A,2009,Inflamaciones del párpado,False
24A,2010,Inflamaciones del párpado,False
24A,2011,Inflamaciones del párpado,False
24A,2012,Inflamaciones del párpado,False
24A,2013,Inflamaciones del párpado,False
24A,2014,Inflamaciones del párpado,False
24A,2015,Inflamaciones del párpado,False
24A,2016,Inflamaciones del párpado,False
24A,2017,Inflamaciones del párpado,False
24A,2018,Inflamaciones del párpado,False
24A,2019,Inflamaciones del párpado,False
24A,2020,Inflamaciones del párpado,False
24A,2021,Inflamaciones del párpado,False
24A,2022,Inflamaciones del párpado,False
24A,2023,Inflamaciones del párpado,False
24A,2024,Inflamaciones del párpado,False
24B,2005,"Trastornos de la esclerótica, queratitis y otros trastornos de la córnea",
24B,2006,"Trastornos de la esclerótica, queratitis y otros trastornos de la córnea",False
24B,2007,"Trastornos de la esclerótica, queratitis y otros trastornos de la córnea",False
24B,2008,"Trastornos de la esclerótica, queratitis y otros trastornos de la córnea",False
24B,2009,"Trastornos de la esclerótica, queratitis y otros trastornos de la córnea",False
24B,2010,"Trastornos de la esclerótica, queratitis y otros trastornos de la córnea",False
24B,2011,"Trastornos de la esclerótica, queratitis y otros trastornos de la córnea",False
24B,2012,"Trastornos de la esclerótica, queratitis y otros trastornos de la córnea",False
24B,2013,"Trastornos de la esclerótica, queratitis y otros trastornos de la córnea",False
24B,2014,"Trastornos de la esclerótica, queratitis y otros trastornos de la córnea",False
24B,2015,"Trastornos de la esclerótica, queratitis y otros trastornos de la córnea",False
24B,2016,"Trastornos de la esclerótica, queratitis y otros trastornos de la córnea",False
24B,2017,"Trastornos de la esclerótica, queratitis y otros trastornos de la córnea",False
24B,2018,"Trastornos de la esclerótica, queratitis y otros trastornos de la córnea",False
24B,2019,"Trastornos de la esclerótica, queratitis y otros trastornos de la córnea",False
24B,2020,"Trastornos de la esclerótica, queratitis y otros trastornos de la córnea",False
24B,2021,"Trastornos de la esclerótica, queratitis y otros trastornos de la córnea",False
24B,2022,"Trastornos de la esclerótica, queratitis y otros trastornos de la córnea",False
24B,2023,"Trastornos de la esclerótica, queratitis y otros trastornos de la córnea",False
24B,2024,"Trastornos de la esclerótica, queratitis y otros trastornos de la córnea",False
24C,2005,Glaucoma,
24C,2006,Glaucoma,False
24C,2007,Glaucoma,False
24C,2008,Glaucoma,False
24C,2009,Glaucoma,False
24C,2010,Glaucoma,False
24C,2011,Glaucoma,False
24C,2012,Glaucoma,False
24C,2013,Glaucoma,False
24C,2014,Glaucoma,False
24C,2015,Glaucoma,False
24C,2016,Glaucoma,False
24C,2017,Glaucoma,False
24C,2018,Glaucoma,False
24C,2019,Glaucoma,False
24C,2020,Glaucoma,False
24C,2021,Glaucoma,False
24C,2022,Glaucoma,False
24C,2023,Glaucoma,False
24C,2024,Glaucoma,False
24D,2005,Cataratas,
24D,2006,Cataratas,False
24D,2007,Cataratas,False
24D,2008,Cataratas,False
24D,2009,Cataratas,False
24D,2010,Cataratas,False
24D,2011,Cataratas,False
24D,2012,Cataratas,False
24D,2013,Cataratas,False
24D,2014,Cataratas,False
24D,2015,Cataratas,False
24D,2016,Cataratas,False
24D,2017,Cataratas,False
24D,2018,Cataratas,False
24D,2019,Cataratas,False
24D,2020,Cataratas,False
24D,2021,Cataratas,False
24D,2022,Cataratas,False
24D,2023,Cataratas,False
24D,2024,Cataratas,False
24E,2005,Otros trastornos del cristalino,
24E,2006,Otros trastornos del cristalino,False
24E,2007,Otros trastornos del cristalino,False
24E,2008,Otros trastornos del cristalino,False
24E,2009,Otros trastornos del cristalino,False
24E,2010,Otros trastornos del cristalino,False
24E,2011,Otros trastornos del cristalino,False
24E,2012,Otros trastornos del cristalino,False
24E,2013,Otros trastornos del cristalino,False
24E,2014,Otros trastornos del cristalino,False
24E,2015,Otros trastornos del cristalino,False
24E,2016,Otros trastornos del cristalino,False
24E,2017,Otros trastornos del cristalino,False
24E,2018,Otros trastornos del cristalino,False
24E,2019,Otros trastornos del cristalino,False
24E,2020,Otros trastornos del cristalino,False
24E,2021,Otros trastornos del cristalino,False
24E,2022,Otros trastornos del cristalino,False
24E,2023,Otros trastornos del cristalino,False
24E,2024,Otros trastornos del cristalino,False
24F,2005,Desprendimiento y desgarro de la retina,
24F,2006,Desprendimiento y desgarro de la retina,False
24F,2007,Desprendimiento y desgarro de la retina,False
24F,2008,Desprendimiento y desgarro de la retina,False
24F,2009,Desprendimiento y desgarro de la retina,False
24F,2010,Desprendimiento y desgarro de la retina,False
24F,2011,Desprendimiento y desgarro de la retina,False
24F,2012,Desprendimiento y desgarro de la retina,False
24F,2013,Desprendimiento y desgarro de la retina,False
24F,2014,Desprendimiento y desgarro de la retina,False
24F,2015,Desprendimiento y desgarro de la retina,False
24F,2016,Desprendimiento y desgarro de la retina,False
24F,2017,Desprendimiento y desgarro de la retina,False
24F,2018,Desprendimiento y desgarro de la retina,False
24F,2019,Desprendimiento y desgarro de la retina,False
24F,2020,Desprendimiento y desgarro de la retina,False
24F,2021,Desprendimiento y desgarro de la retina,False
24F,2022,Desprendimiento y desgarro de la retina,False
24F,2023,Desprendimiento y desgarro de la retina,False
24F,2024,Desprendimiento y desgarro de la retina,False
24G,2005,Ceguera y disminución de la agudeza visual,
24G,2006,Ceguera y disminución de la agudeza visual,False
24G,2007,Ceguera y disminución de la agudeza visual,False
24G,2008,Ceguera y disminución de la agudeza visual,False
24G,2009,Ceguera y disminución de la agudeza visual,False
24G,2010,Ceguera y disminución de la agudeza visual,False
24G,2011,Ceguera y disminución de la agudeza visual,False
24G,2012,Ceguera y disminución de la agudeza visual,False
24G,2013,Ceguera y disminución de la agudeza visual,False
24G,2014,Ceguera y disminución de la agudeza visual,False
24G,2015,Ceguera y disminución de la agudeza visual,False
24G,2016,Ceguera y disminución de la agudeza visual,False
24G,2017,Ceguera y disminución de la agudeza visual,False
24G,2018,Ceguera y disminución de la agudeza visual,False
24G,2019,Ceguera y disminución de la agudeza visual,False
24G,2020,Ceguera y disminución de la agudeza visual,False
24G,2021,Ceguera y disminución de la agudeza visual,False
24G,2022,Ceguera y disminución de la agudeza visual,False
24G,2023,Ceguera y disminución de la agudeza visual,False
24G,2024,Ceguera y disminución de la agudeza visual,False
24H,2005,Conjuntivitis,
24H,2006,Conjuntivitis,False
24H,2007,Conjuntivitis,False
24H,2008,Conjuntivitis,False
24H,2009,Conjuntivitis,False
24H,2010,Conjuntivitis,False
24H,2011,Conjuntivitis,False
24H,2012,Conjuntivitis,False
24H,2013,Conjuntivitis,False
24H,2014,Conjuntivitis,False
24H,2015,Conjuntivitis,False
24H,2016,Conjuntivitis,False
24H,2017,Conjuntivitis,False
24H,2018,Conjuntivitis,False
24H,2019,Conjuntivitis,False
24H,2020,Conjuntivitis,False
24H,2021,Conjuntivitis,False
24H,2022,Conjuntivitis,False
24H,2023,Conjuntivitis,False
24H,2024,Conjuntivitis,False
24I,2005,Otros trastornos de la conjuntiva,
24I,2006,Otros trastornos de la conjuntiva,False
24I,2007,Otros trastornos de la conjuntiva,False
24I,2008,Otros trastornos de la conjuntiva,False
24I,2009,Otros trastornos de la conjuntiva,False
24I,2010,Otros trastornos de la conjuntiva,False
24I,2011,Otros trastornos de la conjuntiva,False
24I,2012,Otros trastornos de la conjuntiva,False
24I,2013,Otros trastornos de la conjuntiva,False
24I,2014,Otros trastornos de la conjuntiva,False
24I,2015,Otros trastornos de la conjuntiva,False
24I,2016,Otros trastornos de la conjuntiva,False
24I,2017,Otros trastornos de la conjuntiva,False
24I,2018,Otros trastornos de la conjuntiva,False
24I,2019,Otros trastornos de la conjuntiva,False
24I,2020,Otros trastornos de la conjuntiva,False
24I,2021,Otros trastornos de la conjuntiva,False
24I,2022,Otros trastornos de la conjuntiva,False
24I,2023,Otros trastornos de la conjuntiva,False
24I,2024,Otros trastornos de la conjuntiva,False
24J,2005,Trastornos del aparato lagrimal,
24J,2006,Trastornos del aparato lagrimal,False
24J,2007,Trastornos del aparato lagrimal,False
24J,2008,Trastornos del aparato lagrimal,False
24J,2009,Trastornos del aparato lagrimal,False
24J,2010,Trastornos del aparato lagrimal,False
24J,2011,Trastornos del aparato lagrimal,False
24J,2012,Trastornos del aparato lagrimal,False
24J,2013,Trastornos del aparato lagrimal,False
24J,2014,Trastornos del aparato lagrimal,False
24J,2015,Trastornos del aparato lagrimal,False
24J,2016,Trastornos del aparato lagrimal,False
24J,2017,Trastornos del aparato lagrimal,False
24J,2018,Trastornos del aparato lagrimal,False
24J,2019,Trastornos del aparato lagrimal,False
24J,2020,Trastornos del aparato lagrimal,False
24J,2021,Trastornos del aparato lagrimal,False
24J,2022,Trastornos del aparato lagrimal,False
24J,2023,Trastornos del aparato lagrimal,False
24J,2024,Trastornos del aparato lagrimal,False
24K,2005,Estrabismos,
24K,2006,Estrabismos,False
24K,2007,Estrabismos,False
24K,2008,Estrabismos,False
24K,2009,Estrabismos,False
24K,2010,Estrabismos,False
24K,2011,Estrabismos,False
24K,2012,Estrabismos,False
24K,2013,Estrabismos,False
24K,2014,Estrabismos,False
24K,2015,Estrabismos,False
24K,2016,Estrabismos,False
24K,2017,Estrabismos,False
24K,2018,Estrabismos,False
24K,2019,Estrabismos,False
24K,2020,Estrabismos,False
24K,2021,Estrabismos,False
24K,2022,Estrabismos,False
24K,2023,Estrabismos,False
24K,2024,Estrabismos,False
24L,2005,Otros trastornos de los movimientos binoculares,
24L,2006,Otros trastornos de los movimientos binoculares,False
24L,2007,Otros trastornos de los movimientos binoculares,False
24L,2008,Otros trastornos de los movimientos binoculares,False
24L,2009,Otros trastornos de los movimientos binoculares,False
24L,2010,Otros trastornos de los movimientos binoculares,False
24L,2011,Otros trastornos de los movimientos binoculares,False
24L,2012,Otros trastornos de los movimientos binoculares,False
24L,2013,Otros trastornos de los movimientos binoculares,False
24L,2014,Otros trastornos de los movimientos binoculares,False
24L,2015,Otros trastornos de los movimientos binoculares,False
24L,2016,Otros trastornos de los movimientos binoculares,False
24L,2017,Otros trastornos de los movimientos binoculares,False
24L,2018,Otros trastornos de los movimientos binoculares,False
24L,2019,Otros trastornos de los movimientos binoculares,False
24L,2020,Otros trastornos de los movimientos binoculares,False
24L,2021,Otros trastornos de los movimientos binoculares,False
24L,2022,Otros trastornos de los movimientos binoculares,False
24L,2023,Otros trastornos de los movimientos binoculares,False
24L,2024,Otros trastornos de los movimientos binoculares,False
24M,2005,Trastornos de la acomodación y de la refracción,
24M,2006,Trastornos de la acomodación y de la refracción,False
24M,2007,Trastornos de la acomodación y de la refracción,False
24M,2008,Trastornos de la acomodación y de la refracción,False
24M,2009,Trastornos de la acomodación y de la refracción,False
24M,2010,Trastornos de la acomodación y de la refracción,False
24M,2011,Trastornos de la acomodación y de la refracción,False
24M,2012,Trastornos de la acomodación y de la refracción,False
24M,2013,Trastornos de la acomodación y de la refracción,False
24M,2014,Trastornos de la acomodación y de la refracción,False
24M,2015,Trastornos de la acomodación y de la refracción,False
24M,2016,Trastornos de la acomodación y de la refracción,False
24M,2017,Trastornos de la acomodación y de la refracción,False
24M,2018,Trastornos de la acomodación y de la refracción,False
24M,2019,Trastornos de la acomodación y de la refracción,False
24M,2020,Trastornos de la acomodación y de la refracción,False
24M,2021,Trastornos de la acomodación y de la refracción,False
24M,2022,Trastornos de la acomodación y de la refracción,False
24M,2023,Trastornos de la acomodación y de la refracción,False
24M,2024,Trastornos de la acomodación y de la refracción,False
24Z,2005,Las demás enfermedades del ojo y sus anexos,
24Z,2006,Las demás enfermedades del ojo y sus anexos,False
24Z,2007,Las demás enfermedades del ojo y sus anexos,False
24Z,2008,Las demás enfermedades del ojo y sus anexos,False
24Z,2009,Las demás enfermedades del ojo y sus anexos,False
24Z,2010,Las demás enfermedades del ojo y sus anexos,False
24Z,2011,Las demás enfermedades del ojo y sus anexos,False
24Z,2012,Las demás enfermedades del ojo y sus anexos,False
24Z,2013,Las demás enfermedades del ojo y sus anexos,False
24Z,2014,Las demás enfermedades del ojo y sus anexos,False
24Z,2015,Las demás enfermedades del ojo y sus anexos,False
24Z,2016,Las demás enfermedades del ojo y sus anexos,False
24Z,2017,Las demás enfermedades del ojo y sus anexos,False
24Z,2018,Las demás enfermedades del ojo y sus anexos,False
24Z,2019,Las demás enfermedades del ojo y sus anexos,False
24Z,2020,Las demás enfermedades del ojo y sus anexos,False
24Z,2021,Las demás enfermedades del ojo y sus anexos,False
24Z,2022,Las demás enfermedades del ojo y sus anexos,False
24Z,2023,Las demás enfermedades del ojo y sus anexos,False
24Z,2024,Las demás enfermedades del ojo y sus anexos,False
25,2005,Enfermedades del oído y de la apófisis mastoides,
25,2006,Enfermedades del oído y de la apófisis mastoides,False
25,2007,Enfermedades del oído y de la apófisis mastoides,False
25,2008,Enfermedades del oído y de la apófisis mastoides,False
25,2009,Enfermedades del oído y de la apófisis mastoides,False
25,2010,Enfermedades del oído y de la apófisis mastoides,False
25,2011,Enfermedades del oído y de la apófisis mastoides,False
25,2012,Enfermedades del oído y de la apófisis mastoides,False
25,2013,Enfermedades del oído y de la apófisis mastoides,False
25,2014,Enfermedades del oído y de la apófisis mastoides,False
25,2015,Enfermedades del oído y de la apófisis mastoides,False
25,2016,Enfermedades del oído y de la apófisis mastoides,False
25,2017,Enfermedades del oído y de la apófisis mastoides,False
25,2018,Enfermedades del oído y de la apófisis mastoides,False
25,2019,Enfermedades del oído y de la apófisis mastoides,False
25,2020,Enfermedades del oído y de la apófisis mastoides,False
25,2021,Enfermedades del oído y de la apófisis mastoides,False
25,2022,Enfermedades del oído y de la apófisis mastoides,False
25,2023,Enfermedades del oído y de la apófisis mastoides,False
25,2024,Enfermedades del oído y de la apófisis mastoides,False
25A,2005,"Otitis media, trastornos de la trompa de eustaquio y mastoiditis",
25A,2006,"Otitis media, trastornos de la trompa de eustaquio y mastoiditis",False
25A,2007,"Otitis media, trastornos de la trompa de eustaquio y mastoiditis",False
25A,2008,"Otitis media, trastornos de la trompa de eustaquio y mastoiditis",False
25A,2009,"Otitis media, trastornos de la trompa de eustaquio y mastoiditis",False
25A,2010,"Otitis media, trastornos de la trompa de eustaquio y mastoiditis",False
25A,2011,"Otitis media, trastornos de la trompa de eustaquio y mastoiditis",False
25A,2012,"Otitis media, trastornos de la trompa de eustaquio y mastoiditis",False
25A,2013,"Otitis media, trastornos de la trompa de eustaquio y mastoiditis",False
25A,2014,"Otitis media, trastornos de la trompa de eustaquio y mastoiditis",False
25A,2015,"Otitis media, trastornos de la trompa de eustaquio y mastoiditis",False
25A,2016,"Otitis media, trastornos de la trompa de eustaquio y mastoiditis",False
25A,2017,"Otitis media, trastornos de la trompa de eustaquio y mastoiditis",False
25A,2018,"Otitis media, trastornos de la trompa de eustaquio y mastoiditis",False
25A,2019,"Otitis media, trastornos de la trompa de eustaquio y mastoiditis",False
25A,2020,"Otitis media, trastornos de la trompa de eustaquio y mastoiditis",False
25A,2021,"Otitis media, trastornos de la trompa de eustaquio y mastoiditis",False
25A,2022,"Otitis media, trastornos de la trompa de eustaquio y mastoiditis",False
25A,2023,"Otitis media, trastornos de la trompa de eustaquio y mastoiditis",False
25A,2024,"Otitis media, trastornos de la trompa de eustaquio y mastoiditis",False
25B,2005,Otros trastornos del oído medio,
25B,2006,Otros trastornos del oído medio,False
25B,2007,Otros trastornos del oído medio,False
25B,2008,Otros trastornos del oído medio,False
25B,2009,Otros trastornos del oído medio,False
25B,2010,Otros trastornos del oído medio,False
25B,2011,Otros trastornos del oído medio,False
25B,2012,Otros trastornos del oído medio,False
25B,2013,Otros trastornos del oído medio,False
25B,2014,Otros trastornos del oído medio,False
25B,2015,Otros trastornos del oído medio,False
25B,2016,Otros trastornos del oído medio,False
25B,2017,Otros trastornos del oído medio,False
25B,2018,Otros trastornos del oído medio,False
25B,2019,Otros trastornos del oído medio,False
25B,2020,Otros trastornos del oído medio,False
25B,2021,Otros trastornos del oído medio,False
25B,2022,Otros trastornos del oído medio,False
25B,2023,Otros trastornos del oído medio,False
25B,2024,Otros trastornos del oído medio,False
25C,2005,Pérdida de la audición,
25C,2006,Pérdida de la audición,False
25C,2007,Pérdida de la audición,False
25C,2008,Pérdida de la audición,False
25C,2009,Pérdida de la audición,False
25C,2010,Pérdida de la audición,False
25C,2011,Pérdida de la audición,False
25C,2012,Pérdida de la audición,False
25C,2013,Pérdida de la audición,False
25C,2014,Pérdida de la audición,False
25C,2015,Pérdida de la audición,False
25C,2016,Pérdida de la audición,False
25C,2017,Pérdida de la audición,False
25C,2018,Pérdida de la audición,False
25C,2019,Pérdida de la audición,False
25C,2020,Pérdida de la audición,False
25C,2021,Pérdida de la audición,False
25C,2022,Pérdida de la audición,False
25C,2023,Pérdida de la audición,False
25C,2024,Pérdida de la audición,False
25Z,2005,Las demás enfermedades del oído y apófisis mastoides,
25Z,2006,Las demás enfermedades del oído y apófisis mastoides,False
25Z,2007,Las demás enfermedades del oído y apófisis mastoides,False
25Z,2008,Las demás enfermedades del oído y apófisis mastoides,False
25Z,2009,Las demás enfermedades del oído y apófisis mastoides,False
25Z,2010,Las demás enfermedades del oído y apófisis mastoides,False
25Z,2011,Las demás enfermedades del oído y apófisis mastoides,False
25Z,2012,Las demás enfermedades del oído y apófisis mastoides,False
25Z,2013,Las demás enfermedades del oído y apófisis mastoides,False
25Z,2014,Las demás enfermedades del oído y apófisis mastoides,False
25Z,2015,Las demás enfermedades del oído y apófisis mastoides,False
25Z,2016,Las demás enfermedades del oído y apófisis mastoides,False
25Z,2017,Las demás enfermedades del oído y apófisis mastoides,False
25Z,2018,Las demás enfermedades del oído y apófisis mastoides,False
25Z,2019,Las demás enfermedades del oído y apófisis mastoides,False
25Z,2020,Las demás enfermedades del oído y apófisis mastoides,False
25Z,2021,Las demás enfermedades del oído y apófisis mastoides,False
25Z,2022,Las demás enfermedades del oído y apófisis mastoides,False
25Z,2023,Las demás enfermedades del oído y apófisis mastoides,False
25Z,2024,Las demás enfermedades del oído y apófisis mastoides,False
26,2005,Fiebre reumática aguda y enfermedades cardíacas reumáticas crónicas,
26,2006,Fiebre reumática aguda y enfermedades cardíacas reumáticas crónicas,False
26,2007,Fiebre reumática aguda y enfermedades cardíacas reumáticas crónicas,False
26,2008,Fiebre reumática aguda y enfermedades cardíacas reumáticas crónicas,False
26,2009,Fiebre reumática aguda y enfermedades cardíacas reumáticas crónicas,False
26,2010,Fiebre reumática aguda y enfermedades cardíacas reumáticas crónicas,False
26,2011,Fiebre reumática aguda y enfermedades cardíacas reumáticas crónicas,False
26,2012,Fiebre reumática aguda y enfermedades cardíacas reumáticas crónicas,False
26,2013,Fiebre reumática aguda y enfermedades cardíacas reumáticas crónicas,False
26,2014,Fiebre reumática aguda y enfermedades cardíacas reumáticas crónicas,False
26,2015,Fiebre reumática aguda y enfermedades cardíacas reumáticas crónicas,False
26,2016,Fiebre reumática aguda y enfermedades cardíacas reumáticas crónicas,False
26,2017,Fiebre reumática aguda y enfermedades cardíacas reumáticas crónicas,False
26,2018,Fiebre reumática aguda y enfermedades cardíacas reumáticas crónicas,False
26,2019,Fiebre reumática aguda y enfermedades cardíacas reumáticas crónicas,False
26,2020,Fiebre reumática aguda y enfermedades cardíacas reumáticas crónicas,False
26,2021,Fiebre reumática aguda y enfermedades cardíacas reumáticas crónicas,False
26,2022,Fiebre reumática aguda y enfermedades cardíacas reumáticas crónicas,False
26,2023,Fiebre reumática aguda y enfermedades cardíacas reumáticas crónicas,False
26,2024,Fiebre reumática aguda y enfermedades cardíacas reumáticas crónicas,False
26A,2005,Fiebre reumática aguda,
26A,2006,Fiebre reumática aguda,False
26A,2007,Fiebre reumática aguda,False
26A,2008,Fiebre reumática aguda,False
26A,2009,Fiebre reumática aguda,False
26A,2010,Fiebre reumática aguda,False
26A,2011,Fiebre reumática aguda,False
26A,2012,Fiebre reumática aguda,False
26A,2013,Fiebre reumática aguda,False
26A,2014,Fiebre reumática aguda,False
26A,2015,Fiebre reumática aguda,False
26A,2016,Fiebre reumática aguda,False
26A,2017,Fiebre reumática aguda,False
26A,2018,Fiebre reumática aguda,False
26A,2019,Fiebre reumática aguda,False
26A,2020,Fiebre reumática aguda,False
26A,2021,Fiebre reumática aguda,False
26A,2022,Fiebre reumática aguda,False
26A,2023,Fiebre reumática aguda,False
26A,2024,Fiebre reumática aguda,False
26B,2005,Enfermedades reumáticas crónicas del corazón,
26B,2006,Enfermedades reumáticas crónicas del corazón,False
26B,2007,Enfermedades reumáticas crónicas del corazón,False
26B,2008,Enfermedades reumáticas crónicas del corazón,False
26B,2009,Enfermedades reumáticas crónicas del corazón,False
26B,2010,Enfermedades reumáticas crónicas del corazón,False
26B,2011,Enfermedades reumáticas crónicas del corazón,False
26B,2012,Enfermedades reumáticas crónicas del corazón,False
26B,2013,Enfermedades reumáticas crónicas del corazón,False
26B,2014,Enfermedades reumáticas crónicas del corazón,False
26B,2015,Enfermedades reumáticas crónicas del corazón,False
26B,2016,Enfermedades reumáticas crónicas del corazón,False
26B,2017,Enfermedades reumáticas crónicas del corazón,False
26B,2018,Enfermedades reumáticas crónicas del corazón,False
26B,2019,Enfermedades reumáticas crónicas del corazón,False
26B,2020,Enfermedades reumáticas crónicas del corazón,False
26B,2021,Enfermedades reumáticas crónicas del corazón,False
26B,2022,Enfermedades reumáticas crónicas del corazón,False
26B,2023,Enfermedades reumáticas crónicas del corazón,False
26B,2024,Enfermedades reumáticas crónicas del corazón,False
27,2005,Enfermedades hipertensivas,
27,2006,Enfermedades hipertensivas,False
27,2007,Enfermedades hipertensivas,False
27,2008,Enfermedades hipertensivas,False
27,2009,Enfermedades hipertensivas,False
27,2010,Enfermedades hipertensivas,False
27,2011,Enfermedades hipertensivas,False
27,2012,Enfermedades hipertensivas,False
27,2013,Enfermedades hipertensivas,False
27,2014,Enfermedades hipertensivas,False
27,2015,Enfermedades hipertensivas,False
27,2016,Enfermedades hipertensivas,False
27,2017,Enfermedades hipertensivas,False
27,2018,Enfermedades hipertensivas,False
27,2019,Enfermedades hipertensivas,False
27,2020,Enfermedades hipertensivas,False
27,2021,Enfermedades hipertensivas,False
27,2022,Enfermedades hipertensivas,False
27,2023,Enfermedades hipertensivas,False
27,2024,Enfermedades hipertensivas,False
27A,2005,Enfermedad cardíaca hipertensiva,
27A,2006,Enfermedad cardíaca hipertensiva,False
27A,2007,Enfermedad cardíaca hipertensiva,False
27A,2008,Enfermedad cardíaca hipertensiva,False
27A,2009,Enfermedad cardíaca hipertensiva,False
27A,2010,Enfermedad cardíaca hipertensiva,False
27A,2011,Enfermedad cardíaca hipertensiva,False
27A,2012,Enfermedad cardíaca hipertensiva,False
27A,2013,Enfermedad cardíaca hipertensiva,False
27A,2014,Enfermedad cardíaca hipertensiva,False
27A,2015,Enfermedad cardíaca hipertensiva,False
27A,2016,Enfermedad cardíaca hipertensiva,False
27A,2017,Enfermedad cardíaca hipertensiva,False
27A,2018,Enfermedad cardíaca hipertensiva,False
27A,2019,Enfermedad cardíaca hipertensiva,False
27A,2020,Enfermedad cardíaca hipertensiva,False
27A,2021,Enfermedad cardíaca hipertensiva,False
27A,2022,Enfermedad cardíaca hipertensiva,False
27A,2023,Enfermedad cardíaca hipertensiva,False
27A,2024,Enfermedad cardíaca hipertensiva,False
27B,2005,Hipertensión esencial,
27B,2006,Hipertensión esencial,False
27B,2007,Hipertensión esencial,False
27B,2008,Hipertensión esencial,False
27B,2009,Hipertensión esencial,False
27B,2010,Hipertensión esencial,False
27B,2011,Hipertensión esencial,False
27B,2012,Hipertensión esencial,False
27B,2013,Hipertensión esencial,False
27B,2014,Hipertensión esencial,False
27B,2015,Hipertensión esencial,False
27B,2016,Hipertensión esencial,False
27B,2017,Hipertensión esencial,False
27B,2018,Hipertensión esencial,False
27B,2019,Hipertensión esencial,False
27B,2020,Hipertensión esencial,False
27B,2021,Hipertensión esencial,False
27B,2022,Hipertensión esencial,False
27B,2023,Hipertensión esencial,False
27B,2024,Hipertensión esencial,False
27Z,2005,Las demás enfermedades hipertensivas,
27Z,2006,Las demás enfermedades hipertensivas,False
27Z,2007,Las demás enfermedades hipertensivas,False
27Z,2008,Las demás enfermedades hipertensivas,False
27Z,2009,Las demás enfermedades hipertensivas,False
27Z,2010,Las demás enfermedades hipertensivas,False
27Z,2011,Las demás enfermedades hipertensivas,False
27Z,2012,Las demás enfermedades hipertensivas,False
27Z,2013,Las demás enfermedades hipertensivas,False
27Z,2014,Las demás enfermedades hipertensivas,False
27Z,2015,Las demás enfermedades hipertensivas,False
27Z,2016,Las demás enfermedades hipertensivas,False
27Z,2017,Las demás enfermedades hipertensivas,False
27Z,2018,Las demás enfermedades hipertensivas,False
27Z,2019,Las demás enfermedades hipertensivas,False
27Z,2020,Las demás enfermedades hipertensivas,False
27Z,2021,Las demás enfermedades hipertensivas,False
27Z,2022,Las demás enfermedades hipertensivas,False
27Z,2023,Las demás enfermedades hipertensivas,False
27Z,2024,Las demás enfermedades hipertensivas,False
28,2005,Enfermedades isquémicas del corazón,
28,2006,Enfermedades isquémicas del corazón,False
28,2007,Enfermedades isquémicas del corazón,False
28,2008,Enfermedades isquémicas del corazón,False
28,2009,Enfermedades isquémicas del corazón,False
28,2010,Enfermedades isquémicas del corazón,False
28,2011,Enfermedades isquémicas del corazón,False
28,2012,Enfermedades isquémicas del corazón,False
28,2013,Enfermedades isquémicas del corazón,False
28,2014,Enfermedades isquémicas del corazón,False
28,2015,Enfermedades isquémicas del corazón,False
28,2016,Enfermedades isquémicas del corazón,False
28,2017,Enfermedades isquémicas del corazón,False
28,2018,Enfermedades isquémicas del corazón,False
28,2019,Enfermedades isquémicas del corazón,False
28,2020,Enfermedades isquémicas del corazón,False
28,2021,Enfermedades isquémicas del corazón,False
28,2022,Enfermedades isquémicas del corazón,False
28,2023,Enfermedades isquémicas del corazón,False
28,2024,Enfermedades isquémicas del corazón,False
28A,2005,Infarto agudo del miocardio,
28A,2006,Infarto agudo del miocardio,False
28A,2007,Infarto agudo del miocardio,False
28A,2008,Infarto agudo del miocardio,False
28A,2009,Infarto agudo del miocardio,False
28A,2010,Infarto agudo del miocardio,False
28A,2011,Infarto agudo del miocardio,False
28A,2012,Infarto agudo del miocardio,False
28A,2013,Infarto agudo del miocardio,False
28A,2014,Infarto agudo del miocardio,False
28A,2015,Infarto agudo del miocardio,False
28A,2016,Infarto agudo del miocardio,False
28A,2017,Infarto agudo del miocardio,False
28A,2018,Infarto agudo del miocardio,False
28A,2019,Infarto agudo del miocardio,False
28A,2020,Infarto agudo del miocardio,False
28A,2021,Infarto agudo del miocardio,False
28A,2022,Infarto agudo del miocardio,False
28A,2023,Infarto agudo del miocardio,False
28A,2024,Infarto agudo del miocardio,False
28Z,2005,Las demás enfermedades isquémicas del corazón,
28Z,2006,Las demás enfermedades isquémicas del corazón,False
28Z,2007,Las demás enfermedades isquémicas del corazón,False
28Z,2008,Las demás enfermedades isquémicas del corazón,False
28Z,2009,Las demás enfermedades isquémicas del corazón,False
28Z,2010,Las demás enfermedades isquémicas del corazón,False
28Z,2011,Las demás enfermedades isquémicas del corazón,False
28Z,2012,Las demás enfermedades isquémicas del corazón,False
28Z,2013,Las demás enfermedades isquémicas del corazón,False
28Z,2014,Las demás enfermedades isquémicas del corazón,False
28Z,2015,Las demás enfermedades isquémicas del corazón,False
28Z,2016,Las demás enfermedades isquémicas del corazón,False
28Z,2017,Las demás enfermedades isquémicas del corazón,False
28Z,2018,Las demás enfermedades isquémicas del corazón,False
28Z,2019,Las demás enfermedades isquémicas del corazón,False
28Z,2020,Las demás enfermedades isquémicas del corazón,False
28Z,2021,Las demás enfermedades isquémicas del corazón,False
28Z,2022,Las demás enfermedades isquémicas del corazón,False
28Z,2023,Las demás enfermedades isquémicas del corazón,False
28Z,2024,Las demás enfermedades isquémicas del corazón,False
29,2005,Enfermedades de la circulación pulmonar y otras enfermedades del corazón,
29,2006,Enfermedades de la circulación pulmonar y otras enfermedades del corazón,False
29,2007,Enfermedades de la circulación pulmonar y otras enfermedades del corazón,False
29,2008,Enfermedades de la circulación pulmonar y otras enfermedades del corazón,False
29,2009,Enfermedades de la circulación pulmonar y otras enfermedades del corazón,False
29,2010,Enfermedades de la circulación pulmonar y otras enfermedades del corazón,False
29,2011,Enfermedades de la circulación pulmonar y otras enfermedades del corazón,False
29,2012,Enfermedades de la circulación pulmonar y otras enfermedades del corazón,False
29,2013,Enfermedades de la circulación pulmonar y otras enfermedades del corazón,False
29,2014,Enfermedades de la circulación pulmonar y otras enfermedades del corazón,False
29,2015,Enfermedades de la circulación pulmonar y otras enfermedades del corazón,False
29,2016,Enfermedades de la circulación pulmonar y otras enfermedades del corazón,False
29,2017,Enfermedades de la circulación pulmonar y otras enfermedades del corazón,False
29,2018,Enfermedades de la circulación pulmonar y otras enfermedades del corazón,False
29,2019,Enfermedades de la circulación pulmonar y otras enfermedades del corazón,False
29,2020,Enfermedades de la circulación pulmonar y otras enfermedades del corazón,False
29,2021,Enfermedades de la circulación pulmonar y otras enfermedades del corazón,False
29,2022,Enfermedades de la circulación pulmonar y otras enfermedades del corazón,False
29,2023,Enfermedades de la circulación pulmonar y otras enfermedades del corazón,False
29,2024,Enfermedades de la circulación pulmonar y otras enfermedades del corazón,False
29A,2005,Embolia pulmonar,
29A,2006,Embolia pulmonar,False
29A,2007,Embolia pulmonar,False
29A,2008,Embolia pulmonar,False
29A,2009,Embolia pulmonar,False
29A,2010,Embolia pulmonar,False
29A,2011,Embolia pulmonar,False
29A,2012,Embolia pulmonar,False
29A,2013,Embolia pulmonar,False
29A,2014,Embolia pulmonar,False
29A,2015,Embolia pulmonar,False
29A,2016,Embolia pulmonar,False
29A,2017,Embolia pulmonar,False
29A,2018,Embolia pulmonar,False
29A,2019,Embolia pulmonar,False
29A,2020,Embolia pulmonar,False
29A,2021,Embolia pulmonar,False
29A,2022,Embolia pulmonar,False
29A,2023,Embolia pulmonar,False
29A,2024,Embolia pulmonar,False
29B,2005,Trastornos de la conducción y arritmias cardíacas,
29B,2006,Trastornos de la conducción y arritmias cardíacas,False
29B,2007,Trastornos de la conducción y arritmias cardíacas,False
29B,2008,Trastornos de la conducción y arritmias cardíacas,False
29B,2009,Trastornos de la conducción y arritmias cardíacas,False
29B,2010,Trastornos de la conducción y arritmias cardíacas,False
29B,2011,Trastornos de la conducción y arritmias cardíacas,False
29B,2012,Trastornos de la conducción y arritmias cardíacas,False
29B,2013,Trastornos de la conducción y arritmias cardíacas,False
29B,2014,Trastornos de la conducción y arritmias cardíacas,False
29B,2015,Trastornos de la conducción y arritmias cardíacas,False
29B,2016,Trastornos de la conducción y arritmias cardíacas,False
29B,2017,Trastornos de la conducción y arritmias cardíacas,False
29B,2018,Trastornos de la conducción y arritmias cardíacas,False
29B,2019,Trastornos de la conducción y arritmias cardíacas,False
29B,2020,Trastornos de la conducción y arritmias cardíacas,False
29B,2021,Trastornos de la conducción y arritmias cardíacas,False
29B,2022,Trastornos de la conducción y arritmias cardíacas,False
29B,2023,Trastornos de la conducción y arritmias cardíacas,False
29B,2024,Trastornos de la conducción y arritmias cardíacas,False
29C,2005,Paro cardíaco,
29C,2006,Paro cardíaco,False
29C,2007,Paro cardíaco,False
29C,2008,Paro cardíaco,False
29C,2009,Paro cardíaco,False
29C,2010,Paro cardíaco,False
29C,2011,Paro cardíaco,False
29C,2012,Paro cardíaco,False
29C,2013,Paro cardíaco,False
29C,2014,Paro cardíaco,False
29C,2015,Paro cardíaco,False
29C,2016,Paro cardíaco,False
29C,2017,Paro cardíaco,False
29C,2018,Paro cardíaco,False
29C,2019,Paro cardíaco,False
29C,2020,Paro cardíaco,False
29C,2021,Paro cardíaco,False
29C,2022,Paro cardíaco,False
29C,2023,Paro cardíaco,False
29C,2024,Paro cardíaco,False
29D,2005,Insuficiencia cardíaca,
29D,2006,Insuficiencia cardíaca,False
29D,2007,Insuficiencia cardíaca,False
29D,2008,Insuficiencia cardíaca,False
29D,2009,Insuficiencia cardíaca,False
29D,2010,Insuficiencia cardíaca,False
29D,2011,Insuficiencia cardíaca,False
29D,2012,Insuficiencia cardíaca,False
29D,2013,Insuficiencia cardíaca,False
29D,2014,Insuficiencia cardíaca,False
29D,2015,Insuficiencia cardíaca,False
29D,2016,Insuficiencia cardíaca,False
29D,2017,Insuficiencia cardíaca,False
29D,2018,Insuficiencia cardíaca,False
29D,2019,Insuficiencia cardíaca,False
29D,2020,Insuficiencia cardíaca,False
29D,2021,Insuficiencia cardíaca,False
29D,2022,Insuficiencia cardíaca,False
29D,2023,Insuficiencia cardíaca,False
29D,2024,Insuficiencia cardíaca,False
29Z,2005,Las demás enfermedades de la circulación pulmonar y otras enfermedades del corazón,
29Z,2006,Las demás enfermedades de la circulación pulmonar y otras enfermedades del corazón,False
29Z,2007,Las demás enfermedades de la circulación pulmonar y otras enfermedades del corazón,False
29Z,2008,Las demás enfermedades de la circulación pulmonar y otras enfermedades del corazón,False
29Z,2009,Las demás enfermedades de la circulación pulmonar y otras enfermedades del corazón,False
29Z,2010,Las demás enfermedades de la circulación pulmonar y otras enfermedades del corazón,False
29Z,2011,Las demás enfermedades de la circulación pulmonar y otras enfermedades del corazón,False
29Z,2012,Las demás enfermedades de la circulación pulmonar y otras enfermedades del corazón,False
29Z,2013,Las demás enfermedades de la circulación pulmonar y otras enfermedades del corazón,False
29Z,2014,Las demás enfermedades de la circulación pulmonar y otras enfermedades del corazón,False
29Z,2015,Las demás enfermedades de la circulación pulmonar y otras enfermedades del corazón,False
29Z,2016,Las demás enfermedades de la circulación pulmonar y otras enfermedades del corazón,False
29Z,2017,Las demás enfermedades de la circulación pulmonar y otras enfermedades del corazón,False
29Z,2018,Las demás enfermedades de la circulación pulmonar y otras enfermedades del corazón,False
29Z,2019,Las demás enfermedades de la circulación pulmonar y otras enfermedades del corazón,False
29Z,2020,Las demás enfermedades de la circulación pulmonar y otras enfermedades del corazón,False
29Z,2021,Las demás enfermedades de la circulación pulmonar y otras enfermedades del corazón,False
29Z,2022,Las demás enfermedades de la circulación pulmonar y otras enfermedades del corazón,False
29Z,2023,Las demás enfermedades de la circulación pulmonar y otras enfermedades del corazón,False
29Z,2024,Las demás enfermedades de la circulación pulmonar y otras enfermedades del corazón,False
30,2005,Enfermedades cerebrovasculares,
30,2006,Enfermedades cerebrovasculares,False
30,2007,Enfermedades cerebrovasculares,False
30,2008,Enfermedades cerebrovasculares,False
30,2009,Enfermedades cerebrovasculares,False
30,2010,Enfermedades cerebrovasculares,False
30,2011,Enfermedades cerebrovasculares,False
30,2012,Enfermedades cerebrovasculares,False
30,2013,Enfermedades cerebrovasculares,False
30,2014,Enfermedades cerebrovasculares,False
30,2015,Enfermedades cerebrovasculares,False
30,2016,Enfermedades cerebrovasculares,False
30,2017,Enfermedades cerebrovasculares,False
30,2018,Enfermedades cerebrovasculares,False
30,2019,Enfermedades cerebrovasculares,False
30,2020,Enfermedades cerebrovasculares,False
30,2021,Enfermedades cerebrovasculares,False
30,2022,Enfermedades cerebrovasculares,False
30,2023,Enfermedades cerebrovasculares,False
30,2024,Enfermedades cerebrovasculares,False
30A,2005,Hemorragia subaracnoidea,
30A,2006,Hemorragia subaracnoidea,False
30A,2007,Hemorragia subaracnoidea,False
30A,2008,Hemorragia subaracnoidea,False
30A,2009,Hemorragia subaracnoidea,False
30A,2010,Hemorragia subaracnoidea,False
30A,2011,Hemorragia subaracnoidea,False
30A,2012,Hemorragia subaracnoidea,False
30A,2013,Hemorragia subaracnoidea,False
30A,2014,Hemorragia subaracnoidea,False
30A,2015,Hemorragia subaracnoidea,False
30A,2016,Hemorragia subaracnoidea,False
30A,2017,Hemorragia subaracnoidea,False
30A,2018,Hemorragia subaracnoidea,False
30A,2019,Hemorragia subaracnoidea,False
30A,2020,Hemorragia subaracnoidea,False
30A,2021,Hemorragia subaracnoidea,False
30A,2022,Hemorragia subaracnoidea,False
30A,2023,Hemorragia subaracnoidea,False
30A,2024,Hemorragia subaracnoidea,False
30B,2005,Hemorragia intraencefálica y otras hemorragias intracraneales no traumáticas,
30B,2006,Hemorragia intraencefálica y otras hemorragias intracraneales no traumáticas,False
30B,2007,Hemorragia intraencefálica y otras hemorragias intracraneales no traumáticas,False
30B,2008,Hemorragia intraencefálica y otras hemorragias intracraneales no traumáticas,False
30B,2009,Hemorragia intraencefálica y otras hemorragias intracraneales no traumáticas,False
30B,2010,Hemorragia intraencefálica y otras hemorragias intracraneales no traumáticas,False
30B,2011,Hemorragia intraencefálica y otras hemorragias intracraneales no traumáticas,False
30B,2012,Hemorragia intraencefálica y otras hemorragias intracraneales no traumáticas,False
30B,2013,Hemorragia intraencefálica y otras hemorragias intracraneales no traumáticas,False
30B,2014,Hemorragia intraencefálica y otras hemorragias intracraneales no traumáticas,False
30B,2015,Hemorragia intraencefálica y otras hemorragias intracraneales no traumáticas,False
30B,2016,Hemorragia intraencefálica y otras hemorragias intracraneales no traumáticas,False
30B,2017,Hemorragia intraencefálica y otras hemorragias intracraneales no traumáticas,False
30B,2018,Hemorragia intraencefálica y otras hemorragias intracraneales no traumáticas,False
30B,2019,Hemorragia intraencefálica y otras hemorragias intracraneales no traumáticas,False
30B,2020,Hemorragia intraencefálica y otras hemorragias intracraneales no traumáticas,False
30B,2021,Hemorragia intraencefálica y otras hemorragias intracraneales no traumáticas,False
30B,2022,Hemorragia intraencefálica y otras hemorragias intracraneales no traumáticas,False
30B,2023,Hemorragia intraencefálica y otras hemorragias intracraneales no traumáticas,False
30B,2024,Hemorragia intraencefálica y otras hemorragias intracraneales no traumáticas,False
30C,2005,Infarto cerebral,
30C,2006,Infarto cerebral,False
30C,2007,Infarto cerebral,False
30C,2008,Infarto cerebral,False
30C,2009,Infarto cerebral,False
30C,2010,Infarto cerebral,False
30C,2011,Infarto cerebral,False
30C,2012,Infarto cerebral,False
30C,2013,Infarto cerebral,False
30C,2014,Infarto cerebral,False
30C,2015,Infarto cerebral,False
30C,2016,Infarto cerebral,False
30C,2017,Infarto cerebral,False
30C,2018,Infarto cerebral,False
30C,2019,Infarto cerebral,False
30C,2020,Infarto cerebral,False
30C,2021,Infarto cerebral,False
30C,2022,Infarto cerebral,False
30C,2023,Infarto cerebral,False
30C,2024,Infarto cerebral,False
30D,2005,Accidente vascular encefálico agudo no especificado como hemorrágico o isquémico,
30D,2006,Accidente vascular encefálico agudo no especificado como hemorrágico o isquémico,False
30D,2007,Accidente vascular encefálico agudo no especificado como hemorrágico o isquémico,False
30D,2008,Accidente vascular encefálico agudo no especificado como hemorrágico o isquémico,False
30D,2009,Accidente vascular encefálico agudo no especificado como hemorrágico o isquémico,False
30D,2010,Accidente vascular encefálico agudo no especificado como hemorrágico o isquémico,False
30D,2011,Accidente vascular encefálico agudo no especificado como hemorrágico o isquémico,False
30D,2012,Accidente vascular encefálico agudo no especificado como hemorrágico o isquémico,False
30D,2013,Accidente vascular encefálico agudo no especificado como hemorrágico o isquémico,False
30D,2014,Accidente vascular encefálico agudo no especificado como hemorrágico o isquémico,False
30D,2015,Accidente vascular encefálico agudo no especificado como hemorrágico o isquémico,False
30D,2016,Accidente vascular encefálico agudo no especificado como hemorrágico o isquémico,False
30D,2017,Accidente vascular encefálico agudo no especificado como hemorrágico o isquémico,False
30D,2018,Accidente vascular encefálico agudo no especificado como hemorrágico o isquémico,False
30D,2019,Accidente vascular encefálico agudo no especificado como hemorrágico o isquémico,False
30D,2020,Accidente vascular encefálico agudo no especificado como hemorrágico o isquémico,False
30D,2021,Accidente vascular encefálico agudo no especificado como hemorrágico o isquémico,False
30D,2022,Accidente vascular encefálico agudo no especificado como hemorrágico o isquémico,False
30D,2023,Accidente vascular encefálico agudo no especificado como hemorrágico o isquémico,False
30D,2024,Accidente vascular encefálico agudo no especificado como hemorrágico o isquémico,False
30E,2005,Aterosclerosis cerebral,
30E,2006,Aterosclerosis cerebral,False
30E,2007,Aterosclerosis cerebral,False
30E,2008,Aterosclerosis cerebral,False
30E,2009,Aterosclerosis cerebral,False
30E,2010,Aterosclerosis cerebral,False
30E,2011,Aterosclerosis cerebral,False
30E,2012,Aterosclerosis cerebral,False
30E,2013,Aterosclerosis cerebral,False
30E,2014,Aterosclerosis cerebral,False
30E,2015,Aterosclerosis cerebral,False
30E,2016,Aterosclerosis cerebral,False
30E,2017,Aterosclerosis cerebral,False
30E,2018,Aterosclerosis cerebral,False
30E,2019,Aterosclerosis cerebral,False
30E,2020,Aterosclerosis cerebral,False
30E,2021,Aterosclerosis cerebral,False
30E,2022,Aterosclerosis cerebral,False
30E,2023,Aterosclerosis cerebral,False
30E,2024,Aterosclerosis cerebral,False
30F,2005,Secuelas de enfermedad cerebrovascular,
30F,2006,Secuelas de enfermedad cerebrovascular,False
30F,2007,Secuelas de enfermedad cerebrovascular,False
30F,2008,Secuelas de enfermedad cerebrovascular,False
30F,2009,Secuelas de enfermedad cerebrovascular,False
30F,2010,Secuelas de enfermedad cerebrovascular,False
30F,2011,Secuelas de enfermedad cerebrovascular,False
30F,2012,Secuelas de enfermedad cerebrovascular,False
30F,2013,Secuelas de enfermedad cerebrovascular,False
30F,2014,Secuelas de enfermedad cerebrovascular,False
30F,2015,Secuelas de enfermedad cerebrovascular,False
30F,2016,Secuelas de enfermedad cerebrovascular,False
30F,2017,Secuelas de enfermedad cerebrovascular,False
30F,2018,Secuelas de enfermedad cerebrovascular,False
30F,2019,Secuelas de enfermedad cerebrovascular,False
30F,2020,Secuelas de enfermedad cerebrovascular,False
30F,2021,Secuelas de enfermedad cerebrovascular,False
30F,2022,Secuelas de enfermedad cerebrovascular,False
30F,2023,Secuelas de enfermedad cerebrovascular,False
30F,2024,Secuelas de enfermedad cerebrovascular,False
30Z,2005,Otras enfermedades cerebrovasculares,
30Z,2006,Otras enfermedades cerebrovasculares,False
30Z,2007,Otras enfermedades cerebrovasculares,False
30Z,2008,Otras enfermedades cerebrovasculares,False
30Z,2009,Otras enfermedades cerebrovasculares,False
30Z,2010,Otras enfermedades cerebrovasculares,False
30Z,2011,Otras enfermedades cerebrovasculares,False
30Z,2012,Otras enfermedades cerebrovasculares,False
30Z,2013,Otras enfermedades cerebrovasculares,False
30Z,2014,Otras enfermedades cerebrovasculares,False
30Z,2015,Otras enfermedades cerebrovasculares,False
30Z,2016,Otras enfermedades cerebrovasculares,False
30Z,2017,Otras enfermedades cerebrovasculares,False
30Z,2018,Otras enfermedades cerebrovasculares,False
30Z,2019,Otras enfermedades cerebrovasculares,False
30Z,2020,Otras enfermedades cerebrovasculares,False
30Z,2021,Otras enfermedades cerebrovasculares,False
30Z,2022,Otras enfermedades cerebrovasculares,False
30Z,2023,Otras enfermedades cerebrovasculares,False
30Z,2024,Otras enfermedades cerebrovasculares,False
31,2005,Otras enfermedades del aparato circulatorio,
31,2006,Otras enfermedades del aparato circulatorio,False
31,2007,Otras enfermedades del aparato circulatorio,False
31,2008,Otras enfermedades del aparato circulatorio,False
31,2009,Otras enfermedades del aparato circulatorio,False
31,2010,Otras enfermedades del aparato circulatorio,False
31,2011,Otras enfermedades del aparato circulatorio,False
31,2012,Otras enfermedades del aparato circulatorio,False
31,2013,Otras enfermedades del aparato circulatorio,False
31,2014,Otras enfermedades del aparato circulatorio,False
31,2015,Otras enfermedades del aparato circulatorio,False
31,2016,Otras enfermedades del aparato circulatorio,False
31,2017,Otras enfermedades del aparato circulatorio,False
31,2018,Otras enfermedades del aparato circulatorio,False
31,2019,Otras enfermedades del aparato circulatorio,False
31,2020,Otras enfermedades del aparato circulatorio,False
31,2021,Otras enfermedades del aparato circulatorio,False
31,2022,Otras enfermedades del aparato circulatorio,False
31,2023,Otras enfermedades del aparato circulatorio,False
31,2024,Otras enfermedades del aparato circulatorio,False
31A,2005,Aterosclerosis,
31A,2006,Aterosclerosis,False
31A,2007,Aterosclerosis,False
31A,2008,Aterosclerosis,False
31A,2009,Aterosclerosis,False
31A,2010,Aterosclerosis,False
31A,2011,Aterosclerosis,False
31A,2012,Aterosclerosis,False
31A,2013,Aterosclerosis,False
31A,2014,Aterosclerosis,False
31A,2015,Aterosclerosis,False
31A,2016,Aterosclerosis,False
31A,2017,Aterosclerosis,False
31A,2018,Aterosclerosis,False
31A,2019,Aterosclerosis,False
31A,2020,Aterosclerosis,False
31A,2021,Aterosclerosis,False
31A,2022,Aterosclerosis,False
31A,2023,Aterosclerosis,False
31A,2024,Aterosclerosis,False
31B,2005,Otras enfermedades vasculares periféricas,
31B,2006,Otras enfermedades vasculares periféricas,False
31B,2007,Otras enfermedades vasculares periféricas,False
31B,2008,Otras enfermedades vasculares periféricas,False
31B,2009,Otras enfermedades vasculares periféricas,False
31B,2010,Otras enfermedades vasculares periféricas,False
31B,2011,Otras enfermedades vasculares periféricas,False
31B,2012,Otras enfermedades vasculares periféricas,False
31B,2013,Otras enfermedades vasculares periféricas,False
31B,2014,Otras enfermedades vasculares periféricas,False
31B,2015,Otras enfermedades vasculares periféricas,False
31B,2016,Otras enfermedades vasculares periféricas,False
31B,2017,Otras enfermedades vasculares periféricas,False
31B,2018,Otras enfermedades vasculares periféricas,False
31B,2019,Otras enfermedades vasculares periféricas,False
31B,2020,Otras enfermedades vasculares periféricas,False
31B,2021,Otras enfermedades vasculares periféricas,False
31B,2022,Otras enfermedades vasculares periféricas,False
31B,2023,Otras enfermedades vasculares periféricas,False
31B,2024,Otras enfermedades vasculares periféricas,False
31C,2005,Embolia y trombosis arteriales,
31C,2006,Embolia y trombosis arteriales,False
31C,2007,Embolia y trombosis arteriales,False
31C,2008,Embolia y trombosis arteriales,False
31C,2009,Embolia y trombosis arteriales,False
31C,2010,Embolia y trombosis arteriales,False
31C,2011,Embolia y trombosis arteriales,False
31C,2012,Embolia y trombosis arteriales,False
31C,2013,Embolia y trombosis arteriales,False
31C,2014,Embolia y trombosis arteriales,False
31C,2015,Embolia y trombosis arteriales,False
31C,2016,Embolia y trombosis arteriales,False
31C,2017,Embolia y trombosis arteriales,False
31C,2018,Embolia y trombosis arteriales,False
31C,2019,Embolia y trombosis arteriales,False
31C,2020,Embolia y trombosis arteriales,False
31C,2021,Embolia y trombosis arteriales,False
31C,2022,Embolia y trombosis arteriales,False
31C,2023,Embolia y trombosis arteriales,False
31C,2024,Embolia y trombosis arteriales,False
31D,2005,"Otras enfermedades de las arterias, las arteriolas y los vasos capilares",
31D,2006,"Otras enfermedades de las arterias, las arteriolas y los vasos capilares",False
31D,2007,"Otras enfermedades de las arterias, las arteriolas y los vasos capilares",False
31D,2008,"Otras enfermedades de las arterias, las arteriolas y los vasos capilares",False
31D,2009,"Otras enfermedades de las arterias, las arteriolas y los vasos capilares",False
31D,2010,"Otras enfermedades de las arterias, las arteriolas y los vasos capilares",False
31D,2011,"Otras enfermedades de las arterias, las arteriolas y los vasos capilares",False
31D,2012,"Otras enfermedades de las arterias, las arteriolas y los vasos capilares",False
31D,2013,"Otras enfermedades de las arterias, las arteriolas y los vasos capilares",False
31D,2014,"Otras enfermedades de las arterias, las arteriolas y los vasos capilares",False
31D,2015,"Otras enfermedades de las arterias, las arteriolas y los vasos capilares",False
31D,2016,"Otras enfermedades de las arterias, las arteriolas y los vasos capilares",False
31D,2017,"Otras enfermedades de las arterias, las arteriolas y los vasos capilares",False
31D,2018,"Otras enfermedades de las arterias, las arteriolas y los vasos capilares",False
31D,2019,"Otras enfermedades de las arterias, las arteriolas y los vasos capilares",False
31D,2020,"Otras enfermedades de las arterias, las arteriolas y los vasos capilares",False
31D,2021,"Otras enfermedades de las arterias, las arteriolas y los vasos capilares",False
31D,2022,"Otras enfermedades de las arterias, las arteriolas y los vasos capilares",False
31D,2023,"Otras enfermedades de las arterias, las arteriolas y los vasos capilares",False
31D,2024,"Otras enfermedades de las arterias, las arteriolas y los vasos capilares",False
31E,2005,"Flebitis, tromboflebitis, embolias y trombosis venosas",
31E,2006,"Flebitis, tromboflebitis, embolias y trombosis venosas",False
31E,2007,"Flebitis, tromboflebitis, embolias y trombosis venosas",False
31E,2008,"Flebitis, tromboflebitis, embolias y trombosis venosas",False
31E,2009,"Flebitis, tromboflebitis, embolias y trombosis venosas",False
31E,2010,"Flebitis, tromboflebitis, embolias y trombosis venosas",False
31E,2011,"Flebitis, tromboflebitis, embolias y trombosis venosas",False
31E,2012,"Flebitis, tromboflebitis, embolias y trombosis venosas",False
31E,2013,"Flebitis, tromboflebitis, embolias y trombosis venosas",False
31E,2014,"Flebitis, tromboflebitis, embolias y trombosis venosas",False
31E,2015,"Flebitis, tromboflebitis, embolias y trombosis venosas",False
31E,2016,"Flebitis, tromboflebitis, embolias y trombosis venosas",False
31E,2017,"Flebitis, tromboflebitis, embolias y trombosis venosas",False
31E,2018,"Flebitis, tromboflebitis, embolias y trombosis venosas",False
31E,2019,"Flebitis, tromboflebitis, embolias y trombosis venosas",False
31E,2020,"Flebitis, tromboflebitis, embolias y trombosis venosas",False
31E,2021,"Flebitis, tromboflebitis, embolias y trombosis venosas",False
31E,2022,"Flebitis, tromboflebitis, embolias y trombosis venosas",False
31E,2023,"Flebitis, tromboflebitis, embolias y trombosis venosas",False
31E,2024,"Flebitis, tromboflebitis, embolias y trombosis venosas",False
31F,2005,Venas varicosas de los miembros inferiores,
31F,2006,Venas varicosas de los miembros inferiores,False
31F,2007,Venas varicosas de los miembros inferiores,False
31F,2008,Venas varicosas de los miembros inferiores,False
31F,2009,Venas varicosas de los miembros inferiores,False
31F,2010,Venas varicosas de los miembros inferiores,False
31F,2011,Venas varicosas de los miembros inferiores,False
31F,2012,Venas varicosas de los miembros inferiores,False
31F,2013,Venas varicosas de los miembros inferiores,False
31F,2014,Venas varicosas de los miembros inferiores,False
31F,2015,Venas varicosas de los miembros inferiores,False
31F,2016,Venas varicosas de los miembros inferiores,False
31F,2017,Venas varicosas de los miembros inferiores,False
31F,2018,Venas varicosas de los miembros inferiores,False
31F,2019,Venas varicosas de los miembros inferiores,False
31F,2020,Venas varicosas de los miembros inferiores,False
31F,2021,Venas varicosas de los miembros inferiores,False
31F,2022,Venas varicosas de los miembros inferiores,False
31F,2023,Venas varicosas de los miembros inferiores,False
31F,2024,Venas varicosas de los miembros inferiores,False
31G,2005,Hemorroides,
31G,2006,Hemorroides,False
31G,2007,Hemorroides,False
31G,2008,Hemorroides,False
31G,2009,Hemorroides,False
31G,2010,Hemorroides,False
31G,2011,Hemorroides,False
31G,2012,Hemorroides,False
31G,2013,Hemorroides,False
31G,2014,Hemorroides,False
31G,2015,Hemorroides,False
31G,2016,Hemorroides,False
31G,2017,Hemorroides,False
31G,2018,Hemorroides,False
31G,2019,Hemorroides,False
31G,2020,Hemorroides,False
31G,2021,Hemorroides,False
31G,2022,Hemorroides,False
31G,2023,Hemorroides,False
31G,2024,Hemorroides,False
31Z,2005,Las demás enfermedades del aparato circulatorio,
31Z,2006,Las demás enfermedades del aparato circulatorio,False
31Z,2007,Las demás enfermedades del aparato circulatorio,False
31Z,2008,Las demás enfermedades del aparato circulatorio,False
31Z,2009,Las demás enfermedades del aparato circulatorio,False
31Z,2010,Las demás enfermedades del aparato circulatorio,False
31Z,2011,Las demás enfermedades del aparato circulatorio,False
31Z,2012,Las demás enfermedades del aparato circulatorio,False
31Z,2013,Las demás enfermedades del aparato circulatorio,False
31Z,2014,Las demás enfermedades del aparato circulatorio,False
31Z,2015,Las demás enfermedades del aparato circulatorio,False
31Z,2016,Las demás enfermedades del aparato circulatorio,False
31Z,2017,Las demás enfermedades del aparato circulatorio,False
31Z,2018,Las demás enfermedades del aparato circulatorio,False
31Z,2019,Las demás enfermedades del aparato circulatorio,False
31Z,2020,Las demás enfermedades del aparato circulatorio,False
31Z,2021,Las demás enfermedades del aparato circulatorio,False
31Z,2022,Las demás enfermedades del aparato circulatorio,False
31Z,2023,Las demás enfermedades del aparato circulatorio,False
31Z,2024,Las demás enfermedades del aparato circulatorio,False
32,2005,Infecciones y otras enfermedades de las vías respiratorias superiores,
32,2006,Infecciones y otras enfermedades de las vías respiratorias superiores,False
32,2007,Infecciones y otras enfermedades de las vías respiratorias superiores,False
32,2008,Infecciones y otras enfermedades de las vías respiratorias superiores,False
32,2009,Infecciones y otras enfermedades de las vías respiratorias superiores,False
32,2010,Infecciones y otras enfermedades de las vías respiratorias superiores,False
32,2011,Infecciones y otras enfermedades de las vías respiratorias superiores,False
32,2012,Infecciones y otras enfermedades de las vías respiratorias superiores,False
32,2013,Infecciones y otras enfermedades de las vías respiratorias superiores,False
32,2014,Infecciones y otras enfermedades de las vías respiratorias superiores,False
32,2015,Infecciones y otras enfermedades de las vías respiratorias superiores,False
32,2016,Infecciones y otras enfermedades de las vías respiratorias superiores,False
32,2017,Infecciones y otras enfermedades de las vías respiratorias superiores,False
32,2018,Infecciones y otras enfermedades de las vías respiratorias superiores,False
32,2019,Infecciones y otras enfermedades de las vías respiratorias superiores,False
32,2020,Infecciones y otras enfermedades de las vías respiratorias superiores,False
32,2021,Infecciones y otras enfermedades de las vías respiratorias superiores,False
32,2022,Infecciones y otras enfermedades de las vías respiratorias superiores,False
32,2023,Infecciones y otras enfermedades de las vías respiratorias superiores,False
32,2024,Infecciones y otras enfermedades de las vías respiratorias superiores,False
32A,2005,Faringitis aguda,
32A,2006,Faringitis aguda,False
32A,2007,Faringitis aguda,False
32A,2008,Faringitis aguda,False
32A,2009,Faringitis aguda,False
32A,2010,Faringitis aguda,False
32A,2011,Faringitis aguda,False
32A,2012,Faringitis aguda,False
32A,2013,Faringitis aguda,False
32A,2014,Faringitis aguda,False
32A,2015,Faringitis aguda,False
32A,2016,Faringitis aguda,False
32A,2017,Faringitis aguda,False
32A,2018,Faringitis aguda,False
32A,2019,Faringitis aguda,False
32A,2020,Faringitis aguda,False
32A,2021,Faringitis aguda,False
32A,2022,Faringitis aguda,False
32A,2023,Faringitis aguda,False
32A,2024,Faringitis aguda,False
32B,2005,Amigdalitis aguda,
32B,2006,Amigdalitis aguda,False
32B,2007,Amigdalitis aguda,False
32B,2008,Amigdalitis aguda,False
32B,2009,Amigdalitis aguda,False
32B,2010,Amigdalitis aguda,False
32B,2011,Amigdalitis aguda,False
32B,2012,Amigdalitis aguda,False
32B,2013,Amigdalitis aguda,False
32B,2014,Amigdalitis aguda,False
32B,2015,Amigdalitis aguda,False
32B,2016,Amigdalitis aguda,False
32B,2017,Amigdalitis aguda,False
32B,2018,Amigdalitis aguda,False
32B,2019,Amigdalitis aguda,False
32B,2020,Amigdalitis aguda,False
32B,2021,Amigdalitis aguda,False
32B,2022,Amigdalitis aguda,False
32B,2023,Amigdalitis aguda,False
32B,2024,Amigdalitis aguda,False
32C,2005,Laringitis y traqueítis agudas,
32C,2006,Laringitis y traqueítis agudas,False
32C,2007,Laringitis y traqueítis agudas,False
32C,2008,Laringitis y traqueítis agudas,False
32C,2009,Laringitis y traqueítis agudas,False
32C,2010,Laringitis y traqueítis agudas,False
32C,2011,Laringitis y traqueítis agudas,False
32C,2012,Laringitis y traqueítis agudas,False
32C,2013,Laringitis y traqueítis agudas,False
32C,2014,Laringitis y traqueítis agudas,False
32C,2015,Laringitis y traqueítis agudas,False
32C,2016,Laringitis y traqueítis agudas,False
32C,2017,Laringitis y traqueítis agudas,False
32C,2018,Laringitis y traqueítis agudas,False
32C,2019,Laringitis y traqueítis agudas,False
32C,2020,Laringitis y traqueítis agudas,False
32C,2021,Laringitis y traqueítis agudas,False
32C,2022,Laringitis y traqueítis agudas,False
32C,2023,Laringitis y traqueítis agudas,False
32C,2024,Laringitis y traqueítis agudas,False
32D,2005,Otras infecciones agudas de las vías respiratorias superiores,
32D,2006,Otras infecciones agudas de las vías respiratorias superiores,False
32D,2007,Otras infecciones agudas de las vías respiratorias superiores,False
32D,2008,Otras infecciones agudas de las vías respiratorias superiores,False
32D,2009,Otras infecciones agudas de las vías respiratorias superiores,False
32D,2010,Otras infecciones agudas de las vías respiratorias superiores,False
32D,2011,Otras infecciones agudas de las vías respiratorias superiores,False
32D,2012,Otras infecciones agudas de las vías respiratorias superiores,False
32D,2013,Otras infecciones agudas de las vías respiratorias superiores,False
32D,2014,Otras infecciones agudas de las vías respiratorias superiores,False
32D,2015,Otras infecciones agudas de las vías respiratorias superiores,False
32D,2016,Otras infecciones agudas de las vías respiratorias superiores,False
32D,2017,Otras infecciones agudas de las vías respiratorias superiores,False
32D,2018,Otras infecciones agudas de las vías respiratorias superiores,False
32D,2019,Otras infecciones agudas de las vías respiratorias superiores,False
32D,2020,Otras infecciones agudas de las vías respiratorias superiores,False
32D,2021,Otras infecciones agudas de las vías respiratorias superiores,False
32D,2022,Otras infecciones agudas de las vías respiratorias superiores,False
32D,2023,Otras infecciones agudas de las vías respiratorias superiores,False
32D,2024,Otras infecciones agudas de las vías respiratorias superiores,False
32E,2005,Pólipo nasal y desviación del tabique nasal,
32E,2006,Pólipo nasal y desviación del tabique nasal,False
32E,2007,Pólipo nasal y desviación del tabique nasal,False
32E,2008,Pólipo nasal y desviación del tabique nasal,False
32E,2009,Pólipo nasal y desviación del tabique nasal,False
32E,2010,Pólipo nasal y desviación del tabique nasal,False
32E,2011,Pólipo nasal y desviación del tabique nasal,False
32E,2012,Pólipo nasal y desviación del tabique nasal,False
32E,2013,Pólipo nasal y desviación del tabique nasal,False
32E,2014,Pólipo nasal y desviación del tabique nasal,False
32E,2015,Pólipo nasal y desviación del tabique nasal,False
32E,2016,Pólipo nasal y desviación del tabique nasal,False
32E,2017,Pólipo nasal y desviación del tabique nasal,False
32E,2018,Pólipo nasal y desviación del tabique nasal,False
32E,2019,Pólipo nasal y desviación del tabique nasal,False
32E,2020,Pólipo nasal y desviación del tabique nasal,False
32E,2021,Pólipo nasal y desviación del tabique nasal,False
32E,2022,Pólipo nasal y desviación del tabique nasal,False
32E,2023,Pólipo nasal y desviación del tabique nasal,False
32E,2024,Pólipo nasal y desviación del tabique nasal,False
32F,2005,"Rinitis, rinofaringitis y faringitis crónicas",
32F,2006,"Rinitis, rinofaringitis y faringitis crónicas",False
32F,2007,"Rinitis, rinofaringitis y faringitis crónicas",False
32F,2008,"Rinitis, rinofaringitis y faringitis crónicas",False
32F,2009,"Rinitis, rinofaringitis y faringitis crónicas",False
32F,2010,"Rinitis, rinofaringitis y faringitis crónicas",False
32F,2011,"Rinitis, rinofaringitis y faringitis crónicas",False
32F,2012,"Rinitis, rinofaringitis y faringitis crónicas",False
32F,2013,"Rinitis, rinofaringitis y faringitis crónicas",False
32F,2014,"Rinitis, rinofaringitis y faringitis crónicas",False
32F,2015,"Rinitis, rinofaringitis y faringitis crónicas",False
32F,2016,"Rinitis, rinofaringitis y faringitis crónicas",False
32F,2017,"Rinitis, rinofaringitis y faringitis crónicas",False
32F,2018,"Rinitis, rinofaringitis y faringitis crónicas",False
32F,2019,"Rinitis, rinofaringitis y faringitis crónicas",False
32F,2020,"Rinitis, rinofaringitis y faringitis crónicas",False
32F,2021,"Rinitis, rinofaringitis y faringitis crónicas",False
32F,2022,"Rinitis, rinofaringitis y faringitis crónicas",False
32F,2023,"Rinitis, rinofaringitis y faringitis crónicas",False
32F,2024,"Rinitis, rinofaringitis y faringitis crónicas",False
32G,2005,Sinusitis crónica,
32G,2006,Sinusitis crónica,False
32G,2007,Sinusitis crónica,False
32G,2008,Sinusitis crónica,False
32G,2009,Sinusitis crónica,False
32G,2010,Sinusitis crónica,False
32G,2011,Sinusitis crónica,False
32G,2012,Sinusitis crónica,False
32G,2013,Sinusitis crónica,False
32G,2014,Sinusitis crónica,False
32G,2015,Sinusitis crónica,False
32G,2016,Sinusitis crónica,False
32G,2017,Sinusitis crónica,False
32G,2018,Sinusitis crónica,False
32G,2019,Sinusitis crónica,False
32G,2020,Sinusitis crónica,False
32G,2021,Sinusitis crónica,False
32G,2022,Sinusitis crónica,False
32G,2023,Sinusitis crónica,False
32G,2024,Sinusitis crónica,False
32H,2005,Enfermedades crónicas de las amígdalas y vegetaciones adenoides,
32H,2006,Enfermedades crónicas de las amígdalas y vegetaciones adenoides,False
32H,2007,Enfermedades crónicas de las amígdalas y vegetaciones adenoides,False
32H,2008,Enfermedades crónicas de las amígdalas y vegetaciones adenoides,False
32H,2009,Enfermedades crónicas de las amígdalas y vegetaciones adenoides,False
32H,2010,Enfermedades crónicas de las amígdalas y vegetaciones adenoides,False
32H,2011,Enfermedades crónicas de las amígdalas y vegetaciones adenoides,False
32H,2012,Enfermedades crónicas de las amígdalas y vegetaciones adenoides,False
32H,2013,Enfermedades crónicas de las amígdalas y vegetaciones adenoides,False
32H,2014,Enfermedades crónicas de las amígdalas y vegetaciones adenoides,False
32H,2015,Enfermedades crónicas de las amígdalas y vegetaciones adenoides,False
32H,2016,Enfermedades crónicas de las amígdalas y vegetaciones adenoides,False
32H,2017,Enfermedades crónicas de las amígdalas y vegetaciones adenoides,False
32H,2018,Enfermedades crónicas de las amígdalas y vegetaciones adenoides,False
32H,2019,Enfermedades crónicas de las amígdalas y vegetaciones adenoides,False
32H,2020,Enfermedades crónicas de las amígdalas y vegetaciones adenoides,False
32H,2021,Enfermedades crónicas de las amígdalas y vegetaciones adenoides,False
32H,2022,Enfermedades crónicas de las amígdalas y vegetaciones adenoides,False
32H,2023,Enfermedades crónicas de las amígdalas y vegetaciones adenoides,False
32H,2024,Enfermedades crónicas de las amígdalas y vegetaciones adenoides,False
32I,2005,Otros trastornos de la nariz y de los senos paranasales,
32I,2006,Otros trastornos de la nariz y de los senos paranasales,False
32I,2007,Otros trastornos de la nariz y de los senos paranasales,False
32I,2008,Otros trastornos de la nariz y de los senos paranasales,False
32I,2009,Otros trastornos de la nariz y de los senos paranasales,False
32I,2010,Otros trastornos de la nariz y de los senos paranasales,False
32I,2011,Otros trastornos de la nariz y de los senos paranasales,False
32I,2012,Otros trastornos de la nariz y de los senos paranasales,False
32I,2013,Otros trastornos de la nariz y de los senos paranasales,False
32I,2014,Otros trastornos de la nariz y de los senos paranasales,False
32I,2015,Otros trastornos de la nariz y de los senos paranasales,False
32I,2016,Otros trastornos de la nariz y de los senos paranasales,False
32I,2017,Otros trastornos de la nariz y de los senos paranasales,False
32I,2018,Otros trastornos de la nariz y de los senos paranasales,False
32I,2019,Otros trastornos de la nariz y de los senos paranasales,False
32I,2020,Otros trastornos de la nariz y de los senos paranasales,False
32I,2021,Otros trastornos de la nariz y de los senos paranasales,False
32I,2022,Otros trastornos de la nariz y de los senos paranasales,False
32I,2023,Otros trastornos de la nariz y de los senos paranasales,False
32I,2024,Otros trastornos de la nariz y de los senos paranasales,False
32Z,2005,Otras enfermedades de las vías respiratorias superiores,
32Z,2006,Otras enfermedades de las vías respiratorias superiores,False
32Z,2007,Otras enfermedades de las vías respiratorias superiores,False
32Z,2008,Otras enfermedades de las vías respiratorias superiores,False
32Z,2009,Otras enfermedades de las vías respiratorias superiores,False
32Z,2010,Otras enfermedades de las vías respiratorias superiores,False
32Z,2011,Otras enfermedades de las vías respiratorias superiores,False
32Z,2012,Otras enfermedades de las vías respiratorias superiores,False
32Z,2013,Otras enfermedades de las vías respiratorias superiores,False
32Z,2014,Otras enfermedades de las vías respiratorias superiores,False
32Z,2015,Otras enfermedades de las vías respiratorias superiores,False
32Z,2016,Otras enfermedades de las vías respiratorias superiores,False
32Z,2017,Otras enfermedades de las vías respiratorias superiores,False
32Z,2018,Otras enfermedades de las vías respiratorias superiores,False
32Z,2019,Otras enfermedades de las vías respiratorias superiores,False
32Z,2020,Otras enfermedades de las vías respiratorias superiores,False
32Z,2021,Otras enfermedades de las vías respiratorias superiores,False
32Z,2022,Otras enfermedades de las vías respiratorias superiores,False
32Z,2023,Otras enfermedades de las vías respiratorias superiores,False
32Z,2024,Otras enfermedades de las vías respiratorias superiores,False
33,2005,Otras enfermedades del aparato respiratorio,
33,2006,Otras enfermedades del aparato respiratorio,False
33,2007,Otras enfermedades del aparato respiratorio,False
33,2008,Otras enfermedades del aparato respiratorio,False
33,2009,Otras enfermedades del aparato respiratorio,False
33,2010,Otras enfermedades del aparato respiratorio,False
33,2011,Otras enfermedades del aparato respiratorio,False
33,2012,Otras enfermedades del aparato respiratorio,False
33,2013,Otras enfermedades del aparato respiratorio,False
33,2014,Otras enfermedades del aparato respiratorio,False
33,2015,Otras enfermedades del aparato respiratorio,False
33,2016,Otras enfermedades del aparato respiratorio,False
33,2017,Otras enfermedades del aparato respiratorio,False
33,2018,Otras enfermedades del aparato respiratorio,False
33,2019,Otras enfermedades del aparato respiratorio,False
33,2020,Otras enfermedades del aparato respiratorio,False
33,2021,Otras enfermedades del aparato respiratorio,False
33,2022,Otras enfermedades del aparato respiratorio,False
33,2023,Otras enfermedades del aparato respiratorio,False
33,2024,Otras enfermedades del aparato respiratorio,False
33A,2005,Bronquitis y bronquiolitis agudas,
33A,2006,Bronquitis y bronquiolitis agudas,False
33A,2007,Bronquitis y bronquiolitis agudas,False
33A,2008,Bronquitis y bronquiolitis agudas,False
33A,2009,Bronquitis y bronquiolitis agudas,False
33A,2010,Bronquitis y bronquiolitis agudas,False
33A,2011,Bronquitis y bronquiolitis agudas,False
33A,2012,Bronquitis y bronquiolitis agudas,False
33A,2013,Bronquitis y bronquiolitis agudas,False
33A,2014,Bronquitis y bronquiolitis agudas,False
33A,2015,Bronquitis y bronquiolitis agudas,False
33A,2016,Bronquitis y bronquiolitis agudas,False
33A,2017,Bronquitis y bronquiolitis agudas,False
33A,2018,Bronquitis y bronquiolitis agudas,False
33A,2019,Bronquitis y bronquiolitis agudas,False
33A,2020,Bronquitis y bronquiolitis agudas,False
33A,2021,Bronquitis y bronquiolitis agudas,False
33A,2022,Bronquitis y bronquiolitis agudas,False
33A,2023,Bronquitis y bronquiolitis agudas,False
33A,2024,Bronquitis y bronquiolitis agudas,False
33B,2005,Neumonía,
33B,2006,Neumonía,False
33B,2007,Neumonía,False
33B,2008,Neumonía,False
33B,2009,Neumonía,False
33B,2010,Neumonía,False
33B,2011,Neumonía,False
33B,2012,Neumonía,False
33B,2013,Neumonía,False
33B,2014,Neumonía,False
33B,2015,Neumonía,False
33B,2016,Neumonía,False
33B,2017,Neumonía,False
33B,2018,Neumonía,False
33B,2019,Neumonía,False
33B,2020,Neumonía,False
33B,2021,Neumonía,False
33B,2022,Neumonía,False
33B,2023,Neumonía,False
33B,2024,Neumonía,False
33C,2005,Influenza,
33C,2006,Influenza,False
33C,2007,Influenza,False
33C,2008,Influenza,False
33C,2009,Influenza,False
33C,2010,Influenza,False
33C,2011,Influenza,False
33C,2012,Influenza,False
33C,2013,Influenza,False
33C,2014,Influenza,False
33C,2015,Influenza,False
33C,2016,Influenza,False
33C,2017,Influenza,False
33C,2018,Influenza,False
33C,2019,Influenza,False
33C,2020,Influenza,False
33C,2021,Influenza,False
33C,2022,Influenza,False
33C,2023,Influenza,False
33C,2024,Influenza,False
33D,2005,Bronquitis crónica y la no especificada y enfisema,
33D,2006,Bronquitis crónica y la no especificada y enfisema,False
33D,2007,Bronquitis crónica y la no especificada y enfisema,False
33D,2008,Bronquitis crónica y la no especificada y enfisema,False
33D,2009,Bronquitis crónica y la no especificada y enfisema,False
33D,2010,Bronquitis crónica y la no especificada y enfisema,False
33D,2011,Bronquitis crónica y la no especificada y enfisema,False
33D,2012,Bronquitis crónica y la no especificada y enfisema,False
33D,2013,Bronquitis crónica y la no especificada y enfisema,False
33D,2014,Bronquitis crónica y la no especificada y enfisema,False
33D,2015,Bronquitis crónica y la no especificada y enfisema,False
33D,2016,Bronquitis crónica y la no especificada y enfisema,False
33D,2017,Bronquitis crónica y la no especificada y enfisema,False
33D,2018,Bronquitis crónica y la no especificada y enfisema,False
33D,2019,Bronquitis crónica y la no especificada y enfisema,False
33D,2020,Bronquitis crónica y la no especificada y enfisema,False
33D,2021,Bronquitis crónica y la no especificada y enfisema,False
33D,2022,Bronquitis crónica y la no especificada y enfisema,False
33D,2023,Bronquitis crónica y la no especificada y enfisema,False
33D,2024,Bronquitis crónica y la no especificada y enfisema,False
33E,2005,Asma,
33E,2006,Asma,False
33E,2007,Asma,False
33E,2008,Asma,False
33E,2009,Asma,False
33E,2010,Asma,False
33E,2011,Asma,False
33E,2012,Asma,False
33E,2013,Asma,False
33E,2014,Asma,False
33E,2015,Asma,False
33E,2016,Asma,False
33E,2017,Asma,False
33E,2018,Asma,False
33E,2019,Asma,False
33E,2020,Asma,False
33E,2021,Asma,False
33E,2022,Asma,False
33E,2023,Asma,False
33E,2024,Asma,False
33F,2005,Bronquiectasia,
33F,2006,Bronquiectasia,False
33F,2007,Bronquiectasia,False
33F,2008,Bronquiectasia,False
33F,2009,Bronquiectasia,False
33F,2010,Bronquiectasia,False
33F,2011,Bronquiectasia,False
33F,2012,Bronquiectasia,False
33F,2013,Bronquiectasia,False
33F,2014,Bronquiectasia,False
33F,2015,Bronquiectasia,False
33F,2016,Bronquiectasia,False
33F,2017,Bronquiectasia,False
33F,2018,Bronquiectasia,False
33F,2019,Bronquiectasia,False
33F,2020,Bronquiectasia,False
33F,2021,Bronquiectasia,False
33F,2022,Bronquiectasia,False
33F,2023,Bronquiectasia,False
33F,2024,Bronquiectasia,False
33G,2005,Enfermedades pulmonares obstructivas crónicas,
33G,2006,Enfermedades pulmonares obstructivas crónicas,False
33G,2007,Enfermedades pulmonares obstructivas crónicas,False
33G,2008,Enfermedades pulmonares obstructivas crónicas,False
33G,2009,Enfermedades pulmonares obstructivas crónicas,False
33G,2010,Enfermedades pulmonares obstructivas crónicas,False
33G,2011,Enfermedades pulmonares obstructivas crónicas,False
33G,2012,Enfermedades pulmonares obstructivas crónicas,False
33G,2013,Enfermedades pulmonares obstructivas crónicas,False
33G,2014,Enfermedades pulmonares obstructivas crónicas,False
33G,2015,Enfermedades pulmonares obstructivas crónicas,False
33G,2016,Enfermedades pulmonares obstructivas crónicas,False
33G,2017,Enfermedades pulmonares obstructivas crónicas,False
33G,2018,Enfermedades pulmonares obstructivas crónicas,False
33G,2019,Enfermedades pulmonares obstructivas crónicas,False
33G,2020,Enfermedades pulmonares obstructivas crónicas,False
33G,2021,Enfermedades pulmonares obstructivas crónicas,False
33G,2022,Enfermedades pulmonares obstructivas crónicas,False
33G,2023,Enfermedades pulmonares obstructivas crónicas,False
33G,2024,Enfermedades pulmonares obstructivas crónicas,False
33H,2005,Neumoconiosis,
33H,2006,Neumoconiosis,False
33H,2007,Neumoconiosis,False
33H,2008,Neumoconiosis,False
33H,2009,Neumoconiosis,False
33H,2010,Neumoconiosis,False
33H,2011,Neumoconiosis,False
33H,2012,Neumoconiosis,False
33H,2013,Neumoconiosis,False
33H,2014,Neumoconiosis,False
33H,2015,Neumoconiosis,False
33H,2016,Neumoconiosis,False
33H,2017,Neumoconiosis,False
33H,2018,Neumoconiosis,False
33H,2019,Neumoconiosis,False
33H,2020,Neumoconiosis,False
33H,2021,Neumoconiosis,False
33H,2022,Neumoconiosis,False
33H,2023,Neumoconiosis,False
33H,2024,Neumoconiosis,False
33I,2005,Otras enfermedades pulmonares debidas a agentes externos,
33I,2006,Otras enfermedades pulmonares debidas a agentes externos,False
33I,2007,Otras enfermedades pulmonares debidas a agentes externos,False
33I,2008,Otras enfermedades pulmonares debidas a agentes externos,False
33I,2009,Otras enfermedades pulmonares debidas a agentes externos,False
33I,2010,Otras enfermedades pulmonares debidas a agentes externos,False
33I,2011,Otras enfermedades pulmonares debidas a agentes externos,False
33I,2012,Otras enfermedades pulmonares debidas a agentes externos,False
33I,2013,Otras enfermedades pulmonares debidas a agentes externos,False
33I,2014,Otras enfermedades pulmonares debidas a agentes externos,False
33I,2015,Otras enfermedades pulmonares debidas a agentes externos,False
33I,2016,Otras enfermedades pulmonares debidas a agentes externos,False
33I,2017,Otras enfermedades pulmonares debidas a agentes externos,False
33I,2018,Otras enfermedades pulmonares debidas a agentes externos,False
33I,2019,Otras enfermedades pulmonares debidas a agentes externos,False
33I,2020,Otras enfermedades pulmonares debidas a agentes externos,False
33I,2021,Otras enfermedades pulmonares debidas a agentes externos,False
33I,2022,Otras enfermedades pulmonares debidas a agentes externos,False
33I,2023,Otras enfermedades pulmonares debidas a agentes externos,False
33I,2024,Otras enfermedades pulmonares debidas a agentes externos,False
33J,2005,Otras enfermedades de la pleura,
33J,2006,Otras enfermedades de la pleura,False
33J,2007,Otras enfermedades de la pleura,False
33J,2008,Otras enfermedades de la pleura,False
33J,2009,Otras enfermedades de la pleura,False
33J,2010,Otras enfermedades de la pleura,False
33J,2011,Otras enfermedades de la pleura,False
33J,2012,Otras enfermedades de la pleura,False
33J,2013,Otras enfermedades de la pleura,False
33J,2014,Otras enfermedades de la pleura,False
33J,2015,Otras enfermedades de la pleura,False
33J,2016,Otras enfermedades de la pleura,False
33J,2017,Otras enfermedades de la pleura,False
33J,2018,Otras enfermedades de la pleura,False
33J,2019,Otras enfermedades de la pleura,False
33J,2020,Otras enfermedades de la pleura,False
33J,2021,Otras enfermedades de la pleura,False
33J,2022,Otras enfermedades de la pleura,False
33J,2023,Otras enfermedades de la pleura,False
33J,2024,Otras enfermedades de la pleura,False
33K,2005,Infección aguda no especificada de las vías respiratorias inferiores,
33K,2006,Infección aguda no especificada de las vías respiratorias inferiores,False
33K,2007,Infección aguda no especificada de las vías respiratorias inferiores,False
33K,2008,Infección aguda no especificada de las vías respiratorias inferiores,False
33K,2009,Infección aguda no especificada de las vías respiratorias inferiores,False
33K,2010,Infección aguda no especificada de las vías respiratorias inferiores,False
33K,2011,Infección aguda no especificada de las vías respiratorias inferiores,False
33K,2012,Infección aguda no especificada de las vías respiratorias inferiores,False
33K,2013,Infección aguda no especificada de las vías respiratorias inferiores,False
33K,2014,Infección aguda no especificada de las vías respiratorias inferiores,False
33K,2015,Infección aguda no especificada de las vías respiratorias inferiores,False
33K,2016,Infección aguda no especificada de las vías respiratorias inferiores,False
33K,2017,Infección aguda no especificada de las vías respiratorias inferiores,False
33K,2018,Infección aguda no especificada de las vías respiratorias inferiores,False
33K,2019,Infección aguda no especificada de las vías respiratorias inferiores,False
33K,2020,Infección aguda no especificada de las vías respiratorias inferiores,False
33K,2021,Infección aguda no especificada de las vías respiratorias inferiores,False
33K,2022,Infección aguda no especificada de las vías respiratorias inferiores,False
33K,2023,Infección aguda no especificada de las vías respiratorias inferiores,False
33K,2024,Infección aguda no especificada de las vías respiratorias inferiores,False
33Z,2005,Las demás enfermedades del aparato respiratorio,
33Z,2006,Las demás enfermedades del aparato respiratorio,False
33Z,2007,Las demás enfermedades del aparato respiratorio,False
33Z,2008,Las demás enfermedades del aparato respiratorio,False
33Z,2009,Las demás enfermedades del aparato respiratorio,False
33Z,2010,Las demás enfermedades del aparato respiratorio,False
33Z,2011,Las demás enfermedades del aparato respiratorio,False
33Z,2012,Las demás enfermedades del aparato respiratorio,False
33Z,2013,Las demás enfermedades del aparato respiratorio,False
33Z,2014,Las demás enfermedades del aparato respiratorio,False
33Z,2015,Las demás enfermedades del aparato respiratorio,False
33Z,2016,Las demás enfermedades del aparato respiratorio,False
33Z,2017,Las demás enfermedades del aparato respiratorio,False
33Z,2018,Las demás enfermedades del aparato respiratorio,False
33Z,2019,Las demás enfermedades del aparato respiratorio,False
33Z,2020,Las demás enfermedades del aparato respiratorio,False
33Z,2021,Las demás enfermedades del aparato respiratorio,False
33Z,2022,Las demás enfermedades del aparato respiratorio,False
33Z,2023,Las demás enfermedades del aparato respiratorio,False
33Z,2024,Las demás enfermedades del aparato respiratorio,False
34,2005,"Enfermedades de la cavidad bucal, de las glándulas salivales y de los maxilares",
34,2006,"Enfermedades de la cavidad bucal, de las glándulas salivales y de los maxilares",False
34,2007,"Enfermedades de la cavidad bucal, de las glándulas salivales y de los maxilares",False
34,2008,"Enfermedades de la cavidad bucal, de las glándulas salivales y de los maxilares",False
34,2009,"Enfermedades de la cavidad bucal, de las glándulas salivales y de los maxilares",False
34,2010,"Enfermedades de la cavidad bucal, de las glándulas salivales y de los maxilares",False
34,2011,"Enfermedades de la cavidad bucal, de las glándulas salivales y de los maxilares",False
34,2012,"Enfermedades de la cavidad bucal, de las glándulas salivales y de los maxilares",False
34,2013,"Enfermedades de la cavidad bucal, de las glándulas salivales y de los maxilares",False
34,2014,"Enfermedades de la cavidad bucal, de las glándulas salivales y de los maxilares",False
34,2015,"Enfermedades de la cavidad bucal, de las glándulas salivales y de los maxilares",False
34,2016,"Enfermedades de la cavidad bucal, de las glándulas salivales y de los maxilares",False
34,2017,"Enfermedades de la cavidad bucal, de las glándulas salivales y de los maxilares",False
34,2018,"Enfermedades de la cavidad bucal, de las glándulas salivales y de los maxilares",False
34,2019,"Enfermedades de la cavidad bucal, de las glándulas salivales y de los maxilares",False
34,2020,"Enfermedades de la cavidad bucal, de las glándulas salivales y de los maxilares",False
34,2021,"Enfermedades de la cavidad bucal, de las glándulas salivales y de los maxilares",False
34,2022,"Enfermedades de la cavidad bucal, de las glándulas salivales y de los maxilares",False
34,2023,"Enfermedades de la cavidad bucal, de las glándulas salivales y de los maxilares",False
34,2024,"Enfermedades de la cavidad bucal, de las glándulas salivales y de los maxilares",False
34A,2005,Caries dental,
34A,2006,Caries dental,False
34A,2007,Caries dental,False
34A,2008,Caries dental,False
34A,2009,Caries dental,False
34A,2010,Caries dental,False
34A,2011,Caries dental,False
34A,2012,Caries dental,False
34A,2013,Caries dental,False
34A,2014,Caries dental,False
34A,2015,Caries dental,False
34A,2016,Caries dental,False
34A,2017,Caries dental,False
34A,2018,Caries dental,False
34A,2019,Caries dental,False
34A,2020,Caries dental,False
34A,2021,Caries dental,False
34A,2022,Caries dental,False
34A,2023,Caries dental,False
34A,2024,Caries dental,False
34B,2005,Otros trastornos de los dientes y de sus estructuras de sostén,
34B,2006,Otros trastornos de los dientes y de sus estructuras de sostén,False
34B,2007,Otros trastornos de los dientes y de sus estructuras de sostén,False
34B,2008,Otros trastornos de los dientes y de sus estructuras de sostén,False
34B,2009,Otros trastornos de los dientes y de sus estructuras de sostén,False
34B,2010,Otros trastornos de los dientes y de sus estructuras de sostén,False
34B,2011,Otros trastornos de los dientes y de sus estructuras de sostén,False
34B,2012,Otros trastornos de los dientes y de sus estructuras de sostén,False
34B,2013,Otros trastornos de los dientes y de sus estructuras de sostén,False
34B,2014,Otros trastornos de los dientes y de sus estructuras de sostén,False
34B,2015,Otros trastornos de los dientes y de sus estructuras de sostén,False
34B,2016,Otros trastornos de los dientes y de sus estructuras de sostén,False
34B,2017,Otros trastornos de los dientes y de sus estructuras de sostén,False
34B,2018,Otros trastornos de los dientes y de sus estructuras de sostén,False
34B,2019,Otros trastornos de los dientes y de sus estructuras de sostén,False
34B,2020,Otros trastornos de los dientes y de sus estructuras de sostén,False
34B,2021,Otros trastornos de los dientes y de sus estructuras de sostén,False
34B,2022,Otros trastornos de los dientes y de sus estructuras de sostén,False
34B,2023,Otros trastornos de los dientes y de sus estructuras de sostén,False
34B,2024,Otros trastornos de los dientes y de sus estructuras de sostén,False
34C,2005,Otras enfermedades de los maxilares,
34C,2006,Otras enfermedades de los maxilares,False
34C,2007,Otras enfermedades de los maxilares,False
34C,2008,Otras enfermedades de los maxilares,False
34C,2009,Otras enfermedades de los maxilares,False
34C,2010,Otras enfermedades de los maxilares,False
34C,2011,Otras enfermedades de los maxilares,False
34C,2012,Otras enfermedades de los maxilares,False
34C,2013,Otras enfermedades de los maxilares,False
34C,2014,Otras enfermedades de los maxilares,False
34C,2015,Otras enfermedades de los maxilares,False
34C,2016,Otras enfermedades de los maxilares,False
34C,2017,Otras enfermedades de los maxilares,False
34C,2018,Otras enfermedades de los maxilares,False
34C,2019,Otras enfermedades de los maxilares,False
34C,2020,Otras enfermedades de los maxilares,False
34C,2021,Otras enfermedades de los maxilares,False
34C,2022,Otras enfermedades de los maxilares,False
34C,2023,Otras enfermedades de los maxilares,False
34C,2024,Otras enfermedades de los maxilares,False
34Z,2005,"Las demás enfermedades de la cavidad bucal, glándulas salivales y de maxilares",
34Z,2006,"Las demás enfermedades de la cavidad bucal, glándulas salivales y de maxilares",False
34Z,2007,"Las demás enfermedades de la cavidad bucal, glándulas salivales y de maxilares",False
34Z,2008,"Las demás enfermedades de la cavidad bucal, glándulas salivales y de maxilares",False
34Z,2009,"Las demás enfermedades de la cavidad bucal, glándulas salivales y de maxilares",False
34Z,2010,"Las demás enfermedades de la cavidad bucal, glándulas salivales y de maxilares",False
34Z,2011,"Las demás enfermedades de la cavidad bucal, glándulas salivales y de maxilares",False
34Z,2012,"Las demás enfermedades de la cavidad bucal, glándulas salivales y de maxilares",False
34Z,2013,"Las demás enfermedades de la cavidad bucal, glándulas salivales y de maxilares",False
34Z,2014,"Las demás enfermedades de la cavidad bucal, glándulas salivales y de maxilares",False
34Z,2015,"Las demás enfermedades de la cavidad bucal, glándulas salivales y de maxilares",False
34Z,2016,"Las demás enfermedades de la cavidad bucal, glándulas salivales y de maxilares",False
34Z,2017,"Las demás enfermedades de la cavidad bucal, glándulas salivales y de maxilares",False
34Z,2018,"Las demás enfermedades de la cavidad bucal, glándulas salivales y de maxilares",False
34Z,2019,"Las demás enfermedades de la cavidad bucal, glándulas salivales y de maxilares",False
34Z,2020,"Las demás enfermedades de la cavidad bucal, glándulas salivales y de maxilares",False
34Z,2021,"Las demás enfermedades de la cavidad bucal, glándulas salivales y de maxilares",False
34Z,2022,"Las demás enfermedades de la cavidad bucal, glándulas salivales y de maxilares",False
34Z,2023,"Las demás enfermedades de la cavidad bucal, glándulas salivales y de maxilares",False
34Z,2024,"Las demás enfermedades de la cavidad bucal, glándulas salivales y de maxilares",False
35,2005,Enfermedades de otras partes del aparato digestivo,
35,2006,Enfermedades de otras partes del aparato digestivo,False
35,2007,Enfermedades de otras partes del aparato digestivo,False
35,2008,Enfermedades de otras partes del aparato digestivo,False
35,2009,Enfermedades de otras partes del aparato digestivo,False
35,2010,Enfermedades de otras partes del aparato digestivo,False
35,2011,Enfermedades de otras partes del aparato digestivo,False
35,2012,Enfermedades de otras partes del aparato digestivo,False
35,2013,Enfermedades de otras partes del aparato digestivo,False
35,2014,Enfermedades de otras partes del aparato digestivo,False
35,2015,Enfermedades de otras partes del aparato digestivo,False
35,2016,Enfermedades de otras partes del aparato digestivo,False
35,2017,Enfermedades de otras partes del aparato digestivo,False
35,2018,Enfermedades de otras partes del aparato digestivo,False
35,2019,Enfermedades de otras partes del aparato digestivo,False
35,2020,Enfermedades de otras partes del aparato digestivo,False
35,2021,Enfermedades de otras partes del aparato digestivo,False
35,2022,Enfermedades de otras partes del aparato digestivo,False
35,2023,Enfermedades de otras partes del aparato digestivo,False
35,2024,Enfermedades de otras partes del aparato digestivo,False
35A,2005,Enfermedades del esófago,
35A,2006,Enfermedades del esófago,False
35A,2007,Enfermedades del esófago,False
35A,2008,Enfermedades del esófago,False
35A,2009,Enfermedades del esófago,False
35A,2010,Enfermedades del esófago,False
35A,2011,Enfermedades del esófago,False
35A,2012,Enfermedades del esófago,False
35A,2013,Enfermedades del esófago,False
35A,2014,Enfermedades del esófago,False
35A,2015,Enfermedades del esófago,False
35A,2016,Enfermedades del esófago,False
35A,2017,Enfermedades del esófago,False
35A,2018,Enfermedades del esófago,False
35A,2019,Enfermedades del esófago,False
35A,2020,Enfermedades del esófago,False
35A,2021,Enfermedades del esófago,False
35A,2022,Enfermedades del esófago,False
35A,2023,Enfermedades del esófago,False
35A,2024,Enfermedades del esófago,False
35B,2005,Gastritis y duodenitis,
35B,2006,Gastritis y duodenitis,False
35B,2007,Gastritis y duodenitis,False
35B,2008,Gastritis y duodenitis,False
35B,2009,Gastritis y duodenitis,False
35B,2010,Gastritis y duodenitis,False
35B,2011,Gastritis y duodenitis,False
35B,2012,Gastritis y duodenitis,False
35B,2013,Gastritis y duodenitis,False
35B,2014,Gastritis y duodenitis,False
35B,2015,Gastritis y duodenitis,False
35B,2016,Gastritis y duodenitis,False
35B,2017,Gastritis y duodenitis,False
35B,2018,Gastritis y duodenitis,False
35B,2019,Gastritis y duodenitis,False
35B,2020,Gastritis y duodenitis,False
35B,2021,Gastritis y duodenitis,False
35B,2022,Gastritis y duodenitis,False
35B,2023,Gastritis y duodenitis,False
35B,2024,Gastritis y duodenitis,False
35C,2005,Otras enfermedades del estómago y del duodeno,
35C,2006,Otras enfermedades del estómago y del duodeno,False
35C,2007,Otras enfermedades del estómago y del duodeno,False
35C,2008,Otras enfermedades del estómago y del duodeno,False
35C,2009,Otras enfermedades del estómago y del duodeno,False
35C,2010,Otras enfermedades del estómago y del duodeno,False
35C,2011,Otras enfermedades del estómago y del duodeno,False
35C,2012,Otras enfermedades del estómago y del duodeno,False
35C,2013,Otras enfermedades del estómago y del duodeno,False
35C,2014,Otras enfermedades del estómago y del duodeno,False
35C,2015,Otras enfermedades del estómago y del duodeno,False
35C,2016,Otras enfermedades del estómago y del duodeno,False
35C,2017,Otras enfermedades del estómago y del duodeno,False
35C,2018,Otras enfermedades del estómago y del duodeno,False
35C,2019,Otras enfermedades del estómago y del duodeno,False
35C,2020,Otras enfermedades del estómago y del duodeno,False
35C,2021,Otras enfermedades del estómago y del duodeno,False
35C,2022,Otras enfermedades del estómago y del duodeno,False
35C,2023,Otras enfermedades del estómago y del duodeno,False
35C,2024,Otras enfermedades del estómago y del duodeno,False
35D,2005,Ulceras gástrica y duodenal,
35D,2006,Ulceras gástrica y duodenal,False
35D,2007,Ulceras gástrica y duodenal,False
35D,2008,Ulceras gástrica y duodenal,False
35D,2009,Ulceras gástrica y duodenal,False
35D,2010,Ulceras gástrica y duodenal,False
35D,2011,Ulceras gástrica y duodenal,False
35D,2012,Ulceras gástrica y duodenal,False
35D,2013,Ulceras gástrica y duodenal,False
35D,2014,Ulceras gástrica y duodenal,False
35D,2015,Ulceras gástrica y duodenal,False
35D,2016,Ulceras gástrica y duodenal,False
35D,2017,Ulceras gástrica y duodenal,False
35D,2018,Ulceras gástrica y duodenal,False
35D,2019,Ulceras gástrica y duodenal,False
35D,2020,Ulceras gástrica y duodenal,False
35D,2021,Ulceras gástrica y duodenal,False
35D,2022,Ulceras gástrica y duodenal,False
35D,2023,Ulceras gástrica y duodenal,False
35D,2024,Ulceras gástrica y duodenal,False
35E,2005,Enfermedades del apéndice,
35E,2006,Enfermedades del apéndice,False
35E,2007,Enfermedades del apéndice,False
35E,2008,Enfermedades del apéndice,False
35E,2009,Enfermedades del apéndice,False
35E,2010,Enfermedades del apéndice,False
35E,2011,Enfermedades del apéndice,False
35E,2012,Enfermedades del apéndice,False
35E,2013,Enfermedades del apéndice,False
35E,2014,Enfermedades del apéndice,False
35E,2015,Enfermedades del apéndice,False
35E,2016,Enfermedades del apéndice,False
35E,2017,Enfermedades del apéndice,False
35E,2018,Enfermedades del apéndice,False
35E,2019,Enfermedades del apéndice,False
35E,2020,Enfermedades del apéndice,False
35E,2021,Enfermedades del apéndice,False
35E,2022,Enfermedades del apéndice,False
35E,2023,Enfermedades del apéndice,False
35E,2024,Enfermedades del apéndice,False
35F,2005,Hernia inguinal,
35F,2006,Hernia inguinal,False
35F,2007,Hernia inguinal,False
35F,2008,Hernia inguinal,False
35F,2009,Hernia inguinal,False
35F,2010,Hernia inguinal,False
35F,2011,Hernia inguinal,False
35F,2012,Hernia inguinal,False
35F,2013,Hernia inguinal,False
35F,2014,Hernia inguinal,False
35F,2015,Hernia inguinal,False
35F,2016,Hernia inguinal,False
35F,2017,Hernia inguinal,False
35F,2018,Hernia inguinal,False
35F,2019,Hernia inguinal,False
35F,2020,Hernia inguinal,False
35F,2021,Hernia inguinal,False
35F,2022,Hernia inguinal,False
35F,2023,Hernia inguinal,False
35F,2024,Hernia inguinal,False
35G,2005,Otras hernias,
35G,2006,Otras hernias,False
35G,2007,Otras hernias,False
35G,2008,Otras hernias,False
35G,2009,Otras hernias,False
35G,2010,Otras hernias,False
35G,2011,Otras hernias,False
35G,2012,Otras hernias,False
35G,2013,Otras hernias,False
35G,2014,Otras hernias,False
35G,2015,Otras hernias,False
35G,2016,Otras hernias,False
35G,2017,Otras hernias,False
35G,2018,Otras hernias,False
35G,2019,Otras hernias,False
35G,2020,Otras hernias,False
35G,2021,Otras hernias,False
35G,2022,Otras hernias,False
35G,2023,Otras hernias,False
35G,2024,Otras hernias,False
35H,2005,Enfermedad de Crohn y colitis ulcerativa,
35H,2006,Enfermedad de Crohn y colitis ulcerativa,False
35H,2007,Enfermedad de Crohn y colitis ulcerativa,False
35H,2008,Enfermedad de Crohn y colitis ulcerativa,False
35H,2009,Enfermedad de Crohn y colitis ulcerativa,False
35H,2010,Enfermedad de Crohn y colitis ulcerativa,False
35H,2011,Enfermedad de Crohn y colitis ulcerativa,False
35H,2012,Enfermedad de Crohn y colitis ulcerativa,False
35H,2013,Enfermedad de Crohn y colitis ulcerativa,False
35H,2014,Enfermedad de Crohn y colitis ulcerativa,False
35H,2015,Enfermedad de Crohn y colitis ulcerativa,False
35H,2016,Enfermedad de Crohn y colitis ulcerativa,False
35H,2017,Enfermedad de Crohn y colitis ulcerativa,False
35H,2018,Enfermedad de Crohn y colitis ulcerativa,False
35H,2019,Enfermedad de Crohn y colitis ulcerativa,False
35H,2020,Enfermedad de Crohn y colitis ulcerativa,False
35H,2021,Enfermedad de Crohn y colitis ulcerativa,False
35H,2022,Enfermedad de Crohn y colitis ulcerativa,False
35H,2023,Enfermedad de Crohn y colitis ulcerativa,False
35H,2024,Enfermedad de Crohn y colitis ulcerativa,False
35I,2005,Ileo paralítico y obstrucción intestinal sin hernia,
35I,2006,Ileo paralítico y obstrucción intestinal sin hernia,False
35I,2007,Ileo paralítico y obstrucción intestinal sin hernia,False
35I,2008,Ileo paralítico y obstrucción intestinal sin hernia,False
35I,2009,Ileo paralítico y obstrucción intestinal sin hernia,False
35I,2010,Ileo paralítico y obstrucción intestinal sin hernia,False
35I,2011,Ileo paralítico y obstrucción intestinal sin hernia,False
35I,2012,Ileo paralítico y obstrucción intestinal sin hernia,False
35I,2013,Ileo paralítico y obstrucción intestinal sin hernia,False
35I,2014,Ileo paralítico y obstrucción intestinal sin hernia,False
35I,2015,Ileo paralítico y obstrucción intestinal sin hernia,False
35I,2016,Ileo paralítico y obstrucción intestinal sin hernia,False
35I,2017,Ileo paralítico y obstrucción intestinal sin hernia,False
35I,2018,Ileo paralítico y obstrucción intestinal sin hernia,False
35I,2019,Ileo paralítico y obstrucción intestinal sin hernia,False
35I,2020,Ileo paralítico y obstrucción intestinal sin hernia,False
35I,2021,Ileo paralítico y obstrucción intestinal sin hernia,False
35I,2022,Ileo paralítico y obstrucción intestinal sin hernia,False
35I,2023,Ileo paralítico y obstrucción intestinal sin hernia,False
35I,2024,Ileo paralítico y obstrucción intestinal sin hernia,False
35J,2005,Enfermedad diverticular del intestino,
35J,2006,Enfermedad diverticular del intestino,False
35J,2007,Enfermedad diverticular del intestino,False
35J,2008,Enfermedad diverticular del intestino,False
35J,2009,Enfermedad diverticular del intestino,False
35J,2010,Enfermedad diverticular del intestino,False
35J,2011,Enfermedad diverticular del intestino,False
35J,2012,Enfermedad diverticular del intestino,False
35J,2013,Enfermedad diverticular del intestino,False
35J,2014,Enfermedad diverticular del intestino,False
35J,2015,Enfermedad diverticular del intestino,False
35J,2016,Enfermedad diverticular del intestino,False
35J,2017,Enfermedad diverticular del intestino,False
35J,2018,Enfermedad diverticular del intestino,False
35J,2019,Enfermedad diverticular del intestino,False
35J,2020,Enfermedad diverticular del intestino,False
35J,2021,Enfermedad diverticular del intestino,False
35J,2022,Enfermedad diverticular del intestino,False
35J,2023,Enfermedad diverticular del intestino,False
35J,2024,Enfermedad diverticular del intestino,False
35K,2005,Síndrome del colon irritable y otros trastornos funcionales del instestino,
35K,2006,Síndrome del colon irritable y otros trastornos funcionales del instestino,False
35K,2007,Síndrome del colon irritable y otros trastornos funcionales del instestino,False
35K,2008,Síndrome del colon irritable y otros trastornos funcionales del instestino,False
35K,2009,Síndrome del colon irritable y otros trastornos funcionales del instestino,False
35K,2010,Síndrome del colon irritable y otros trastornos funcionales del instestino,False
35K,2011,Síndrome del colon irritable y otros trastornos funcionales del instestino,False
35K,2012,Síndrome del colon irritable y otros trastornos funcionales del instestino,False
35K,2013,Síndrome del colon irritable y otros trastornos funcionales del instestino,False
35K,2014,Síndrome del colon irritable y otros trastornos funcionales del instestino,False
35K,2015,Síndrome del colon irritable y otros trastornos funcionales del instestino,False
35K,2016,Síndrome del colon irritable y otros trastornos funcionales del instestino,False
35K,2017,Síndrome del colon irritable y otros trastornos funcionales del instestino,False
35K,2018,Síndrome del colon irritable y otros trastornos funcionales del instestino,False
35K,2019,Síndrome del colon irritable y otros trastornos funcionales del instestino,False
35K,2020,Síndrome del colon irritable y otros trastornos funcionales del instestino,False
35K,2021,Síndrome del colon irritable y otros trastornos funcionales del instestino,False
35K,2022,Síndrome del colon irritable y otros trastornos funcionales del instestino,False
35K,2023,Síndrome del colon irritable y otros trastornos funcionales del instestino,False
35K,2024,Síndrome del colon irritable y otros trastornos funcionales del instestino,False
35L,2005,Enfermedad alcohólica del hígado,
35L,2006,Enfermedad alcohólica del hígado,False
35L,2007,Enfermedad alcohólica del hígado,False
35L,2008,Enfermedad alcohólica del hígado,False
35L,2009,Enfermedad alcohólica del hígado,False
35L,2010,Enfermedad alcohólica del hígado,False
35L,2011,Enfermedad alcohólica del hígado,False
35L,2012,Enfermedad alcohólica del hígado,False
35L,2013,Enfermedad alcohólica del hígado,False
35L,2014,Enfermedad alcohólica del hígado,False
35L,2015,Enfermedad alcohólica del hígado,False
35L,2016,Enfermedad alcohólica del hígado,False
35L,2017,Enfermedad alcohólica del hígado,False
35L,2018,Enfermedad alcohólica del hígado,False
35L,2019,Enfermedad alcohólica del hígado,False
35L,2020,Enfermedad alcohólica del hígado,False
35L,2021,Enfermedad alcohólica del hígado,False
35L,2022,Enfermedad alcohólica del hígado,False
35L,2023,Enfermedad alcohólica del hígado,False
35L,2024,Enfermedad alcohólica del hígado,False
35M,2005,Otras enfermedades del hígado,
35M,2006,Otras enfermedades del hígado,False
35M,2007,Otras enfermedades del hígado,False
35M,2008,Otras enfermedades del hígado,False
35M,2009,Otras enfermedades del hígado,False
35M,2010,Otras enfermedades del hígado,False
35M,2011,Otras enfermedades del hígado,False
35M,2012,Otras enfermedades del hígado,False
35M,2013,Otras enfermedades del hígado,False
35M,2014,Otras enfermedades del hígado,False
35M,2015,Otras enfermedades del hígado,False
35M,2016,Otras enfermedades del hígado,False
35M,2017,Otras enfermedades del hígado,False
35M,2018,Otras enfermedades del hígado,False
35M,2019,Otras enfermedades del hígado,False
35M,2020,Otras enfermedades del hígado,False
35M,2021,Otras enfermedades del hígado,False
35M,2022,Otras enfermedades del hígado,False
35M,2023,Otras enfermedades del hígado,False
35M,2024,Otras enfermedades del hígado,False
35N,2005,Colelitiasis y colecistitis,
35N,2006,Colelitiasis y colecistitis,False
35N,2007,Colelitiasis y colecistitis,False
35N,2008,Colelitiasis y colecistitis,False
35N,2009,Colelitiasis y colecistitis,False
35N,2010,Colelitiasis y colecistitis,False
35N,2011,Colelitiasis y colecistitis,False
35N,2012,Colelitiasis y colecistitis,False
35N,2013,Colelitiasis y colecistitis,False
35N,2014,Colelitiasis y colecistitis,False
35N,2015,Colelitiasis y colecistitis,False
35N,2016,Colelitiasis y colecistitis,False
35N,2017,Colelitiasis y colecistitis,False
35N,2018,Colelitiasis y colecistitis,False
35N,2019,Colelitiasis y colecistitis,False
35N,2020,Colelitiasis y colecistitis,False
35N,2021,Colelitiasis y colecistitis,False
35N,2022,Colelitiasis y colecistitis,False
35N,2023,Colelitiasis y colecistitis,False
35N,2024,Colelitiasis y colecistitis,False
35O,2005,Otras enfermedades de los intestinos y del peritoneo,
35O,2006,Otras enfermedades de los intestinos y del peritoneo,False
35O,2007,Otras enfermedades de los intestinos y del peritoneo,False
35O,2008,Otras enfermedades de los intestinos y del peritoneo,False
35O,2009,Otras enfermedades de los intestinos y del peritoneo,False
35O,2010,Otras enfermedades de los intestinos y del peritoneo,False
35O,2011,Otras enfermedades de los intestinos y del peritoneo,False
35O,2012,Otras enfermedades de los intestinos y del peritoneo,False
35O,2013,Otras enfermedades de los intestinos y del peritoneo,False
35O,2014,Otras enfermedades de los intestinos y del peritoneo,False
35O,2015,Otras enfermedades de los intestinos y del peritoneo,False
35O,2016,Otras enfermedades de los intestinos y del peritoneo,False
35O,2017,Otras enfermedades de los intestinos y del peritoneo,False
35O,2018,Otras enfermedades de los intestinos y del peritoneo,False
35O,2019,Otras enfermedades de los intestinos y del peritoneo,False
35O,2020,Otras enfermedades de los intestinos y del peritoneo,False
35O,2021,Otras enfermedades de los intestinos y del peritoneo,False
35O,2022,Otras enfermedades de los intestinos y del peritoneo,False
35O,2023,Otras enfermedades de los intestinos y del peritoneo,False
35O,2024,Otras enfermedades de los intestinos y del peritoneo,False
35P,2005,Pancreatitis aguda y otras enfermedades del páncreas,
35P,2006,Pancreatitis aguda y otras enfermedades del páncreas,False
35P,2007,Pancreatitis aguda y otras enfermedades del páncreas,False
35P,2008,Pancreatitis aguda y otras enfermedades del páncreas,False
35P,2009,Pancreatitis aguda y otras enfermedades del páncreas,False
35P,2010,Pancreatitis aguda y otras enfermedades del páncreas,False
35P,2011,Pancreatitis aguda y otras enfermedades del páncreas,False
35P,2012,Pancreatitis aguda y otras enfermedades del páncreas,False
35P,2013,Pancreatitis aguda y otras enfermedades del páncreas,False
35P,2014,Pancreatitis aguda y otras enfermedades del páncreas,False
35P,2015,Pancreatitis aguda y otras enfermedades del páncreas,False
35P,2016,Pancreatitis aguda y otras enfermedades del páncreas,False
35P,2017,Pancreatitis aguda y otras enfermedades del páncreas,False
35P,2018,Pancreatitis aguda y otras enfermedades del páncreas,False
35P,2019,Pancreatitis aguda y otras enfermedades del páncreas,False
35P,2020,Pancreatitis aguda y otras enfermedades del páncreas,False
35P,2021,Pancreatitis aguda y otras enfermedades del páncreas,False
35P,2022,Pancreatitis aguda y otras enfermedades del páncreas,False
35P,2023,Pancreatitis aguda y otras enfermedades del páncreas,False
35P,2024,Pancreatitis aguda y otras enfermedades del páncreas,False
35Z,2005,Otras enfermedades del sistema digestivo,
35Z,2006,Otras enfermedades del sistema digestivo,False
35Z,2007,Otras enfermedades del sistema digestivo,False
35Z,2008,Otras enfermedades del sistema digestivo,False
35Z,2009,Otras enfermedades del sistema digestivo,False
35Z,2010,Otras enfermedades del sistema digestivo,False
35Z,2011,Otras enfermedades del sistema digestivo,False
35Z,2012,Otras enfermedades del sistema digestivo,False
35Z,2013,Otras enfermedades del sistema digestivo,False
35Z,2014,Otras enfermedades del sistema digestivo,False
35Z,2015,Otras enfermedades del sistema digestivo,False
35Z,2016,Otras enfermedades del sistema digestivo,False
35Z,2017,Otras enfermedades del sistema digestivo,False
35Z,2018,Otras enfermedades del sistema digestivo,False
35Z,2019,Otras enfermedades del sistema digestivo,False
35Z,2020,Otras enfermedades del sistema digestivo,False
35Z,2021,Otras enfermedades del sistema digestivo,False
35Z,2022,Otras enfermedades del sistema digestivo,False
35Z,2023,Otras enfermedades del sistema digestivo,False
35Z,2024,Otras enfermedades del sistema digestivo,False
36,2005,Enfermedades de la piel y del tejido  subcutáneo,
36,2006,Enfermedades de la piel y del tejido  subcutáneo,False
36,2007,Enfermedades de la piel y del tejido  subcutáneo,False
36,2008,Enfermedades de la piel y del tejido  subcutáneo,False
36,2009,Enfermedades de la piel y del tejido  subcutáneo,False
36,2010,Enfermedades de la piel y del tejido  subcutáneo,False
36,2011,Enfermedades de la piel y del tejido  subcutáneo,False
36,2012,Enfermedades de la piel y del tejido  subcutáneo,False
36,2013,Enfermedades de la piel y del tejido  subcutáneo,False
36,2014,Enfermedades de la piel y del tejido  subcutáneo,False
36,2015,Enfermedades de la piel y del tejido  subcutáneo,False
36,2016,Enfermedades de la piel y del tejido  subcutáneo,False
36,2017,Enfermedades de la piel y del tejido  subcutáneo,False
36,2018,Enfermedades de la piel y del tejido  subcutáneo,False
36,2019,Enfermedades de la piel y del tejido  subcutáneo,False
36,2020,Enfermedades de la piel y del tejido  subcutáneo,False
36,2021,Enfermedades de la piel y del tejido  subcutáneo,False
36,2022,Enfermedades de la piel y del tejido  subcutáneo,False
36,2023,Enfermedades de la piel y del tejido  subcutáneo,False
36,2024,Enfermedades de la piel y del tejido  subcutáneo,False
36A,2005,Infecciones de la piel y del tejido subcutáneo,
36A,2006,Infecciones de la piel y del tejido subcutáneo,False
36A,2007,Infecciones de la piel y del tejido subcutáneo,False
36A,2008,Infecciones de la piel y del tejido subcutáneo,False
36A,2009,Infecciones de la piel y del tejido subcutáneo,False
36A,2010,Infecciones de la piel y del tejido subcutáneo,False
36A,2011,Infecciones de la piel y del tejido subcutáneo,False
36A,2012,Infecciones de la piel y del tejido subcutáneo,False
36A,2013,Infecciones de la piel y del tejido subcutáneo,False
36A,2014,Infecciones de la piel y del tejido subcutáneo,False
36A,2015,Infecciones de la piel y del tejido subcutáneo,False
36A,2016,Infecciones de la piel y del tejido subcutáneo,False
36A,2017,Infecciones de la piel y del tejido subcutáneo,False
36A,2018,Infecciones de la piel y del tejido subcutáneo,False
36A,2019,Infecciones de la piel y del tejido subcutáneo,False
36A,2020,Infecciones de la piel y del tejido subcutáneo,False
36A,2021,Infecciones de la piel y del tejido subcutáneo,False
36A,2022,Infecciones de la piel y del tejido subcutáneo,False
36A,2023,Infecciones de la piel y del tejido subcutáneo,False
36A,2024,Infecciones de la piel y del tejido subcutáneo,False
36B,2005,Dermatitis y eczema,
36B,2006,Dermatitis y eczema,False
36B,2007,Dermatitis y eczema,False
36B,2008,Dermatitis y eczema,False
36B,2009,Dermatitis y eczema,False
36B,2010,Dermatitis y eczema,False
36B,2011,Dermatitis y eczema,False
36B,2012,Dermatitis y eczema,False
36B,2013,Dermatitis y eczema,False
36B,2014,Dermatitis y eczema,False
36B,2015,Dermatitis y eczema,False
36B,2016,Dermatitis y eczema,False
36B,2017,Dermatitis y eczema,False
36B,2018,Dermatitis y eczema,False
36B,2019,Dermatitis y eczema,False
36B,2020,Dermatitis y eczema,False
36B,2021,Dermatitis y eczema,False
36B,2022,Dermatitis y eczema,False
36B,2023,Dermatitis y eczema,False
36B,2024,Dermatitis y eczema,False
36Z,2005,Las demás enfermedades de la piel y tejido subcutáneo,
36Z,2006,Las demás enfermedades de la piel y tejido subcutáneo,False
36Z,2007,Las demás enfermedades de la piel y tejido subcutáneo,False
36Z,2008,Las demás enfermedades de la piel y tejido subcutáneo,False
36Z,2009,Las demás enfermedades de la piel y tejido subcutáneo,False
36Z,2010,Las demás enfermedades de la piel y tejido subcutáneo,False
36Z,2011,Las demás enfermedades de la piel y tejido subcutáneo,False
36Z,2012,Las demás enfermedades de la piel y tejido subcutáneo,False
36Z,2013,Las demás enfermedades de la piel y tejido subcutáneo,False
36Z,2014,Las demás enfermedades de la piel y tejido subcutáneo,False
36Z,2015,Las demás enfermedades de la piel y tejido subcutáneo,False
36Z,2016,Las demás enfermedades de la piel y tejido subcutáneo,False
36Z,2017,Las demás enfermedades de la piel y tejido subcutáneo,False
36Z,2018,Las demás enfermedades de la piel y tejido subcutáneo,False
36Z,2019,Las demás enfermedades de la piel y tejido subcutáneo,False
36Z,2020,Las demás enfermedades de la piel y tejido subcutáneo,False
36Z,2021,Las demás enfermedades de la piel y tejido subcutáneo,False
36Z,2022,Las demás enfermedades de la piel y tejido subcutáneo,False
36Z,2023,Las demás enfermedades de la piel y tejido subcutáneo,False
36Z,2024,Las demás enfermedades de la piel y tejido subcutáneo,False
37,2005,Enfermedades del sistema osteomuscular y del tejido conjuntivo,
37,2006,Enfermedades del sistema osteomuscular y del tejido conjuntivo,False
37,2007,Enfermedades del sistema osteomuscular y del tejido conjuntivo,False
37,2008,Enfermedades del sistema osteomuscular y del tejido conjuntivo,False
37,2009,Enfermedades del sistema osteomuscular y del tejido conjuntivo,False
37,2010,Enfermedades del sistema osteomuscular y del tejido conjuntivo,False
37,2011,Enfermedades del sistema osteomuscular y del tejido conjuntivo,False
37,2012,Enfermedades del sistema osteomuscular y del tejido conjuntivo,False
37,2013,Enfermedades del sistema osteomuscular y del tejido conjuntivo,False
37,2014,Enfermedades del sistema osteomuscular y del tejido conjuntivo,False
37,2015,Enfermedades del sistema osteomuscular y del tejido conjuntivo,False
37,2016,Enfermedades del sistema osteomuscular y del tejido conjuntivo,False
37,2017,Enfermedades del sistema osteomuscular y del tejido conjuntivo,False
37,2018,Enfermedades del sistema osteomuscular y del tejido conjuntivo,False
37,2019,Enfermedades del sistema osteomuscular y del tejido conjuntivo,False
37,2020,Enfermedades del sistema osteomuscular y del tejido conjuntivo,False
37,2021,Enfermedades del sistema osteomuscular y del tejido conjuntivo,False
37,2022,Enfermedades del sistema osteomuscular y del tejido conjuntivo,False
37,2023,Enfermedades del sistema osteomuscular y del tejido conjuntivo,False
37,2024,Enfermedades del sistema osteomuscular y del tejido conjuntivo,False
37A,2005,Poliartropatías inflamatorias,
37A,2006,Poliartropatías inflamatorias,False
37A,2007,Poliartropatías inflamatorias,False
37A,2008,Poliartropatías inflamatorias,False
37A,2009,Poliartropatías inflamatorias,False
37A,2010,Poliartropatías inflamatorias,False
37A,2011,Poliartropatías inflamatorias,False
37A,2012,Poliartropatías inflamatorias,False
37A,2013,Poliartropatías inflamatorias,False
37A,2014,Poliartropatías inflamatorias,False
37A,2015,Poliartropatías inflamatorias,False
37A,2016,Poliartropatías inflamatorias,False
37A,2017,Poliartropatías inflamatorias,False
37A,2018,Poliartropatías inflamatorias,False
37A,2019,Poliartropatías inflamatorias,False
37A,2020,Poliartropatías inflamatorias,False
37A,2021,Poliartropatías inflamatorias,False
37A,2022,Poliartropatías inflamatorias,False
37A,2023,Poliartropatías inflamatorias,False
37A,2024,Poliartropatías inflamatorias,False
37B,2005,Artrosis,
37B,2006,Artrosis,False
37B,2007,Artrosis,False
37B,2008,Artrosis,False
37B,2009,Artrosis,False
37B,2010,Artrosis,False
37B,2011,Artrosis,False
37B,2012,Artrosis,False
37B,2013,Artrosis,False
37B,2014,Artrosis,False
37B,2015,Artrosis,False
37B,2016,Artrosis,False
37B,2017,Artrosis,False
37B,2018,Artrosis,False
37B,2019,Artrosis,False
37B,2020,Artrosis,False
37B,2021,Artrosis,False
37B,2022,Artrosis,False
37B,2023,Artrosis,False
37B,2024,Artrosis,False
37C,2005,Deformidades adquiridas de los miembros,
37C,2006,Deformidades adquiridas de los miembros,False
37C,2007,Deformidades adquiridas de los miembros,False
37C,2008,Deformidades adquiridas de los miembros,False
37C,2009,Deformidades adquiridas de los miembros,False
37C,2010,Deformidades adquiridas de los miembros,False
37C,2011,Deformidades adquiridas de los miembros,False
37C,2012,Deformidades adquiridas de los miembros,False
37C,2013,Deformidades adquiridas de los miembros,False
37C,2014,Deformidades adquiridas de los miembros,False
37C,2015,Deformidades adquiridas de los miembros,False
37C,2016,Deformidades adquiridas de los miembros,False
37C,2017,Deformidades adquiridas de los miembros,False
37C,2018,Deformidades adquiridas de los miembros,False
37C,2019,Deformidades adquiridas de los miembros,False
37C,2020,Deformidades adquiridas de los miembros,False
37C,2021,Deformidades adquiridas de los miembros,False
37C,2022,Deformidades adquiridas de los miembros,False
37C,2023,Deformidades adquiridas de los miembros,False
37C,2024,Deformidades adquiridas de los miembros,False
37D,2005,Otros trastornos de las articulaciones,
37D,2006,Otros trastornos de las articulaciones,False
37D,2007,Otros trastornos de las articulaciones,False
37D,2008,Otros trastornos de las articulaciones,False
37D,2009,Otros trastornos de las articulaciones,False
37D,2010,Otros trastornos de las articulaciones,False
37D,2011,Otros trastornos de las articulaciones,False
37D,2012,Otros trastornos de las articulaciones,False
37D,2013,Otros trastornos de las articulaciones,False
37D,2014,Otros trastornos de las articulaciones,False
37D,2015,Otros trastornos de las articulaciones,False
37D,2016,Otros trastornos de las articulaciones,False
37D,2017,Otros trastornos de las articulaciones,False
37D,2018,Otros trastornos de las articulaciones,False
37D,2019,Otros trastornos de las articulaciones,False
37D,2020,Otros trastornos de las articulaciones,False
37D,2021,Otros trastornos de las articulaciones,False
37D,2022,Otros trastornos de las articulaciones,False
37D,2023,Otros trastornos de las articulaciones,False
37D,2024,Otros trastornos de las articulaciones,False
37E,2005,Trastornos sistémicos del tejido conjuntivo,
37E,2006,Trastornos sistémicos del tejido conjuntivo,False
37E,2007,Trastornos sistémicos del tejido conjuntivo,False
37E,2008,Trastornos sistémicos del tejido conjuntivo,False
37E,2009,Trastornos sistémicos del tejido conjuntivo,False
37E,2010,Trastornos sistémicos del tejido conjuntivo,False
37E,2011,Trastornos sistémicos del tejido conjuntivo,False
37E,2012,Trastornos sistémicos del tejido conjuntivo,False
37E,2013,Trastornos sistémicos del tejido conjuntivo,False
37E,2014,Trastornos sistémicos del tejido conjuntivo,False
37E,2015,Trastornos sistémicos del tejido conjuntivo,False
37E,2016,Trastornos sistémicos del tejido conjuntivo,False
37E,2017,Trastornos sistémicos del tejido conjuntivo,False
37E,2018,Trastornos sistémicos del tejido conjuntivo,False
37E,2019,Trastornos sistémicos del tejido conjuntivo,False
37E,2020,Trastornos sistémicos del tejido conjuntivo,False
37E,2021,Trastornos sistémicos del tejido conjuntivo,False
37E,2022,Trastornos sistémicos del tejido conjuntivo,False
37E,2023,Trastornos sistémicos del tejido conjuntivo,False
37E,2024,Trastornos sistémicos del tejido conjuntivo,False
37F,2005,Trastornos de los discos cervicales y de otros discos intervertebrales,
37F,2006,Trastornos de los discos cervicales y de otros discos intervertebrales,False
37F,2007,Trastornos de los discos cervicales y de otros discos intervertebrales,False
37F,2008,Trastornos de los discos cervicales y de otros discos intervertebrales,False
37F,2009,Trastornos de los discos cervicales y de otros discos intervertebrales,False
37F,2010,Trastornos de los discos cervicales y de otros discos intervertebrales,False
37F,2011,Trastornos de los discos cervicales y de otros discos intervertebrales,False
37F,2012,Trastornos de los discos cervicales y de otros discos intervertebrales,False
37F,2013,Trastornos de los discos cervicales y de otros discos intervertebrales,False
37F,2014,Trastornos de los discos cervicales y de otros discos intervertebrales,False
37F,2015,Trastornos de los discos cervicales y de otros discos intervertebrales,False
37F,2016,Trastornos de los discos cervicales y de otros discos intervertebrales,False
37F,2017,Trastornos de los discos cervicales y de otros discos intervertebrales,False
37F,2018,Trastornos de los discos cervicales y de otros discos intervertebrales,False
37F,2019,Trastornos de los discos cervicales y de otros discos intervertebrales,False
37F,2020,Trastornos de los discos cervicales y de otros discos intervertebrales,False
37F,2021,Trastornos de los discos cervicales y de otros discos intervertebrales,False
37F,2022,Trastornos de los discos cervicales y de otros discos intervertebrales,False
37F,2023,Trastornos de los discos cervicales y de otros discos intervertebrales,False
37F,2024,Trastornos de los discos cervicales y de otros discos intervertebrales,False
37G,2005,Otras dorsopatías,
37G,2006,Otras dorsopatías,False
37G,2007,Otras dorsopatías,False
37G,2008,Otras dorsopatías,False
37G,2009,Otras dorsopatías,False
37G,2010,Otras dorsopatías,False
37G,2011,Otras dorsopatías,False
37G,2012,Otras dorsopatías,False
37G,2013,Otras dorsopatías,False
37G,2014,Otras dorsopatías,False
37G,2015,Otras dorsopatías,False
37G,2016,Otras dorsopatías,False
37G,2017,Otras dorsopatías,False
37G,2018,Otras dorsopatías,False
37G,2019,Otras dorsopatías,False
37G,2020,Otras dorsopatías,False
37G,2021,Otras dorsopatías,False
37G,2022,Otras dorsopatías,False
37G,2023,Otras dorsopatías,False
37G,2024,Otras dorsopatías,False
37H,2005,Trastornos de los tejidos blandos,
37H,2006,Trastornos de los tejidos blandos,False
37H,2007,Trastornos de los tejidos blandos,False
37H,2008,Trastornos de los tejidos blandos,False
37H,2009,Trastornos de los tejidos blandos,False
37H,2010,Trastornos de los tejidos blandos,False
37H,2011,Trastornos de los tejidos blandos,False
37H,2012,Trastornos de los tejidos blandos,False
37H,2013,Trastornos de los tejidos blandos,False
37H,2014,Trastornos de los tejidos blandos,False
37H,2015,Trastornos de los tejidos blandos,False
37H,2016,Trastornos de los tejidos blandos,False
37H,2017,Trastornos de los tejidos blandos,False
37H,2018,Trastornos de los tejidos blandos,False
37H,2019,Trastornos de los tejidos blandos,False
37H,2020,Trastornos de los tejidos blandos,False
37H,2021,Trastornos de los tejidos blandos,False
37H,2022,Trastornos de los tejidos blandos,False
37H,2023,Trastornos de los tejidos blandos,False
37H,2024,Trastornos de los tejidos blandos,False
37I,2005,Trastornos de la densidad y de la estructura ósea,
37I,2006,Trastornos de la densidad y de la estructura ósea,False
37I,2007,Trastornos de la densidad y de la estructura ósea,False
37I,2008,Trastornos de la densidad y de la estructura ósea,False
37I,2009,Trastornos de la densidad y de la estructura ósea,False
37I,2010,Trastornos de la densidad y de la estructura ósea,False
37I,2011,Trastornos de la densidad y de la estructura ósea,False
37I,2012,Trastornos de la densidad y de la estructura ósea,False
37I,2013,Trastornos de la densidad y de la estructura ósea,False
37I,2014,Trastornos de la densidad y de la estructura ósea,False
37I,2015,Trastornos de la densidad y de la estructura ósea,False
37I,2016,Trastornos de la densidad y de la estructura ósea,False
37I,2017,Trastornos de la densidad y de la estructura ósea,False
37I,2018,Trastornos de la densidad y de la estructura ósea,False
37I,2019,Trastornos de la densidad y de la estructura ósea,False
37I,2020,Trastornos de la densidad y de la estructura ósea,False
37I,2021,Trastornos de la densidad y de la estructura ósea,False
37I,2022,Trastornos de la densidad y de la estructura ósea,False
37I,2023,Trastornos de la densidad y de la estructura ósea,False
37I,2024,Trastornos de la densidad y de la estructura ósea,False
37J,2005,Osteomielitis,
37J,2006,Osteomielitis,False
37J,2007,Osteomielitis,False
37J,2008,Osteomielitis,False
37J,2009,Osteomielitis,False
37J,2010,Osteomielitis,False
37J,2011,Osteomielitis,False
37J,2012,Osteomielitis,False
37J,2013,Osteomielitis,False
37J,2014,Osteomielitis,False
37J,2015,Osteomielitis,False
37J,2016,Osteomielitis,False
37J,2017,Osteomielitis,False
37J,2018,Osteomielitis,False
37J,2019,Osteomielitis,False
37J,2020,Osteomielitis,False
37J,2021,Osteomielitis,False
37J,2022,Osteomielitis,False
37J,2023,Osteomielitis,False
37J,2024,Osteomielitis,False
37Z,2005,Otras enfermedades del sistema osteomuscular y del tejido conjuntivo,
37Z,2006,Otras enfermedades del sistema osteomuscular y del tejido conjuntivo,False
37Z,2007,Otras enfermedades del sistema osteomuscular y del tejido conjuntivo,False
37Z,2008,Otras enfermedades del sistema osteomuscular y del tejido conjuntivo,False
37Z,2009,Otras enfermedades del sistema osteomuscular y del tejido conjuntivo,False
37Z,2010,Otras enfermedades del sistema osteomuscular y del tejido conjuntivo,False
37Z,2011,Otras enfermedades del sistema osteomuscular y del tejido conjuntivo,False
37Z,2012,Otras enfermedades del sistema osteomuscular y del tejido conjuntivo,False
37Z,2013,Otras enfermedades del sistema osteomuscular y del tejido conjuntivo,False
37Z,2014,Otras enfermedades del sistema osteomuscular y del tejido conjuntivo,False
37Z,2015,Otras enfermedades del sistema osteomuscular y del tejido conjuntivo,False
37Z,2016,Otras enfermedades del sistema osteomuscular y del tejido conjuntivo,False
37Z,2017,Otras enfermedades del sistema osteomuscular y del tejido conjuntivo,False
37Z,2018,Otras enfermedades del sistema osteomuscular y del tejido conjuntivo,False
37Z,2019,Otras enfermedades del sistema osteomuscular y del tejido conjuntivo,False
37Z,2020,Otras enfermedades del sistema osteomuscular y del tejido conjuntivo,False
37Z,2021,Otras enfermedades del sistema osteomuscular y del tejido conjuntivo,False
37Z,2022,Otras enfermedades del sistema osteomuscular y del tejido conjuntivo,False
37Z,2023,Otras enfermedades del sistema osteomuscular y del tejido conjuntivo,False
37Z,2024,Otras enfermedades del sistema osteomuscular y del tejido conjuntivo,False
38,2005,Enfermedades del aparato urinario,
38,2006,Enfermedades del aparato urinario,False
38,2007,Enfermedades del aparato urinario,False
38,2008,Enfermedades del aparato urinario,False
38,2009,Enfermedades del aparato urinario,False
38,2010,Enfermedades del aparato urinario,False
38,2011,Enfermedades del aparato urinario,False
38,2012,Enfermedades del aparato urinario,False
38,2013,Enfermedades del aparato urinario,False
38,2014,Enfermedades del aparato urinario,False
38,2015,Enfermedades del aparato urinario,False
38,2016,Enfermedades del aparato urinario,False
38,2017,Enfermedades del aparato urinario,False
38,2018,Enfermedades del aparato urinario,False
38,2019,Enfermedades del aparato urinario,False
38,2020,Enfermedades del aparato urinario,False
38,2021,Enfermedades del aparato urinario,False
38,2022,Enfermedades del aparato urinario,False
38,2023,Enfermedades del aparato urinario,False
38,2024,Enfermedades del aparato urinario,False
38A,2005,Síndrome nefrítico agudo y síndrome nefrítico rápidamente progresivo,
38A,2006,Síndrome nefrítico agudo y síndrome nefrítico rápidamente progresivo,False
38A,2007,Síndrome nefrítico agudo y síndrome nefrítico rápidamente progresivo,False
38A,2008,Síndrome nefrítico agudo y síndrome nefrítico rápidamente progresivo,False
38A,2009,Síndrome nefrítico agudo y síndrome nefrítico rápidamente progresivo,False
38A,2010,Síndrome nefrítico agudo y síndrome nefrítico rápidamente progresivo,False
38A,2011,Síndrome nefrítico agudo y síndrome nefrítico rápidamente progresivo,False
38A,2012,Síndrome nefrítico agudo y síndrome nefrítico rápidamente progresivo,False
38A,2013,Síndrome nefrítico agudo y síndrome nefrítico rápidamente progresivo,False
38A,2014,Síndrome nefrítico agudo y síndrome nefrítico rápidamente progresivo,False
38A,2015,Síndrome nefrítico agudo y síndrome nefrítico rápidamente progresivo,False
38A,2016,Síndrome nefrítico agudo y síndrome nefrítico rápidamente progresivo,False
38A,2017,Síndrome nefrítico agudo y síndrome nefrítico rápidamente progresivo,False
38A,2018,Síndrome nefrítico agudo y síndrome nefrítico rápidamente progresivo,False
38A,2019,Síndrome nefrítico agudo y síndrome nefrítico rápidamente progresivo,False
38A,2020,Síndrome nefrítico agudo y síndrome nefrítico rápidamente progresivo,False
38A,2021,Síndrome nefrítico agudo y síndrome nefrítico rápidamente progresivo,False
38A,2022,Síndrome nefrítico agudo y síndrome nefrítico rápidamente progresivo,False
38A,2023,Síndrome nefrítico agudo y síndrome nefrítico rápidamente progresivo,False
38A,2024,Síndrome nefrítico agudo y síndrome nefrítico rápidamente progresivo,False
38B,2005,Otras enfermedades glomerulares,
38B,2006,Otras enfermedades glomerulares,False
38B,2007,Otras enfermedades glomerulares,False
38B,2008,Otras enfermedades glomerulares,False
38B,2009,Otras enfermedades glomerulares,False
38B,2010,Otras enfermedades glomerulares,False
38B,2011,Otras enfermedades glomerulares,False
38B,2012,Otras enfermedades glomerulares,False
38B,2013,Otras enfermedades glomerulares,False
38B,2014,Otras enfermedades glomerulares,False
38B,2015,Otras enfermedades glomerulares,False
38B,2016,Otras enfermedades glomerulares,False
38B,2017,Otras enfermedades glomerulares,False
38B,2018,Otras enfermedades glomerulares,False
38B,2019,Otras enfermedades glomerulares,False
38B,2020,Otras enfermedades glomerulares,False
38B,2021,Otras enfermedades glomerulares,False
38B,2022,Otras enfermedades glomerulares,False
38B,2023,Otras enfermedades glomerulares,False
38B,2024,Otras enfermedades glomerulares,False
38C,2005,Insuficiencia renal,
38C,2006,Insuficiencia renal,False
38C,2007,Insuficiencia renal,False
38C,2008,Insuficiencia renal,False
38C,2009,Insuficiencia renal,False
38C,2010,Insuficiencia renal,False
38C,2011,Insuficiencia renal,False
38C,2012,Insuficiencia renal,False
38C,2013,Insuficiencia renal,False
38C,2014,Insuficiencia renal,False
38C,2015,Insuficiencia renal,False
38C,2016,Insuficiencia renal,False
38C,2017,Insuficiencia renal,False
38C,2018,Insuficiencia renal,False
38C,2019,Insuficiencia renal,False
38C,2020,Insuficiencia renal,False
38C,2021,Insuficiencia renal,False
38C,2022,Insuficiencia renal,False
38C,2023,Insuficiencia renal,False
38C,2024,Insuficiencia renal,False
38D,2005,Enfermedades renales tubulointersticiales,
38D,2006,Enfermedades renales tubulointersticiales,False
38D,2007,Enfermedades renales tubulointersticiales,False
38D,2008,Enfermedades renales tubulointersticiales,False
38D,2009,Enfermedades renales tubulointersticiales,False
38D,2010,Enfermedades renales tubulointersticiales,False
38D,2011,Enfermedades renales tubulointersticiales,False
38D,2012,Enfermedades renales tubulointersticiales,False
38D,2013,Enfermedades renales tubulointersticiales,False
38D,2014,Enfermedades renales tubulointersticiales,False
38D,2015,Enfermedades renales tubulointersticiales,False
38D,2016,Enfermedades renales tubulointersticiales,False
38D,2017,Enfermedades renales tubulointersticiales,False
38D,2018,Enfermedades renales tubulointersticiales,False
38D,2019,Enfermedades renales tubulointersticiales,False
38D,2020,Enfermedades renales tubulointersticiales,False
38D,2021,Enfermedades renales tubulointersticiales,False
38D,2022,Enfermedades renales tubulointersticiales,False
38D,2023,Enfermedades renales tubulointersticiales,False
38D,2024,Enfermedades renales tubulointersticiales,False
38E,2005,Otras enfermedades renales tubulointersticiales,
38E,2006,Otras enfermedades renales tubulointersticiales,False
38E,2007,Otras enfermedades renales tubulointersticiales,False
38E,2008,Otras enfermedades renales tubulointersticiales,False
38E,2009,Otras enfermedades renales tubulointersticiales,False
38E,2010,Otras enfermedades renales tubulointersticiales,False
38E,2011,Otras enfermedades renales tubulointersticiales,False
38E,2012,Otras enfermedades renales tubulointersticiales,False
38E,2013,Otras enfermedades renales tubulointersticiales,False
38E,2014,Otras enfermedades renales tubulointersticiales,False
38E,2015,Otras enfermedades renales tubulointersticiales,False
38E,2016,Otras enfermedades renales tubulointersticiales,False
38E,2017,Otras enfermedades renales tubulointersticiales,False
38E,2018,Otras enfermedades renales tubulointersticiales,False
38E,2019,Otras enfermedades renales tubulointersticiales,False
38E,2020,Otras enfermedades renales tubulointersticiales,False
38E,2021,Otras enfermedades renales tubulointersticiales,False
38E,2022,Otras enfermedades renales tubulointersticiales,False
38E,2023,Otras enfermedades renales tubulointersticiales,False
38E,2024,Otras enfermedades renales tubulointersticiales,False
38F,2005,Litiasis urinaria,
38F,2006,Litiasis urinaria,False
38F,2007,Litiasis urinaria,False
38F,2008,Litiasis urinaria,False
38F,2009,Litiasis urinaria,False
38F,2010,Litiasis urinaria,False
38F,2011,Litiasis urinaria,False
38F,2012,Litiasis urinaria,False
38F,2013,Litiasis urinaria,False
38F,2014,Litiasis urinaria,False
38F,2015,Litiasis urinaria,False
38F,2016,Litiasis urinaria,False
38F,2017,Litiasis urinaria,False
38F,2018,Litiasis urinaria,False
38F,2019,Litiasis urinaria,False
38F,2020,Litiasis urinaria,False
38F,2021,Litiasis urinaria,False
38F,2022,Litiasis urinaria,False
38F,2023,Litiasis urinaria,False
38F,2024,Litiasis urinaria,False
38G,2005,"Cólico renal, no especificado",
38G,2006,"Cólico renal, no especificado",False
38G,2007,"Cólico renal, no especificado",False
38G,2008,"Cólico renal, no especificado",False
38G,2009,"Cólico renal, no especificado",False
38G,2010,"Cólico renal, no especificado",False
38G,2011,"Cólico renal, no especificado",False
38G,2012,"Cólico renal, no especificado",False
38G,2013,"Cólico renal, no especificado",False
38G,2014,"Cólico renal, no especificado",False
38G,2015,"Cólico renal, no especificado",False
38G,2016,"Cólico renal, no especificado",False
38G,2017,"Cólico renal, no especificado",False
38G,2018,"Cólico renal, no especificado",False
38G,2019,"Cólico renal, no especificado",False
38G,2020,"Cólico renal, no especificado",False
38G,2021,"Cólico renal, no especificado",False
38G,2022,"Cólico renal, no especificado",False
38G,2023,"Cólico renal, no especificado",False
38G,2024,"Cólico renal, no especificado",False
38H,2005,Cistitis,
38H,2006,Cistitis,False
38H,2007,Cistitis,False
38H,2008,Cistitis,False
38H,2009,Cistitis,False
38H,2010,Cistitis,False
38H,2011,Cistitis,False
38H,2012,Cistitis,False
38H,2013,Cistitis,False
38H,2014,Cistitis,False
38H,2015,Cistitis,False
38H,2016,Cistitis,False
38H,2017,Cistitis,False
38H,2018,Cistitis,False
38H,2019,Cistitis,False
38H,2020,Cistitis,False
38H,2021,Cistitis,False
38H,2022,Cistitis,False
38H,2023,Cistitis,False
38H,2024,Cistitis,False
38I,2005,Otras enfermedades del sistema urinario,
38I,2006,Otras enfermedades del sistema urinario,False
38I,2007,Otras enfermedades del sistema urinario,False
38I,2008,Otras enfermedades del sistema urinario,False
38I,2009,Otras enfermedades del sistema urinario,False
38I,2010,Otras enfermedades del sistema urinario,False
38I,2011,Otras enfermedades del sistema urinario,False
38I,2012,Otras enfermedades del sistema urinario,False
38I,2013,Otras enfermedades del sistema urinario,False
38I,2014,Otras enfermedades del sistema urinario,False
38I,2015,Otras enfermedades del sistema urinario,False
38I,2016,Otras enfermedades del sistema urinario,False
38I,2017,Otras enfermedades del sistema urinario,False
38I,2018,Otras enfermedades del sistema urinario,False
38I,2019,Otras enfermedades del sistema urinario,False
38I,2020,Otras enfermedades del sistema urinario,False
38I,2021,Otras enfermedades del sistema urinario,False
38I,2022,Otras enfermedades del sistema urinario,False
38I,2023,Otras enfermedades del sistema urinario,False
38I,2024,Otras enfermedades del sistema urinario,False
39,2005,Enfermedades de los órganos genitales masculinos,
39,2006,Enfermedades de los órganos genitales masculinos,False
39,2007,Enfermedades de los órganos genitales masculinos,False
39,2008,Enfermedades de los órganos genitales masculinos,False
39,2009,Enfermedades de los órganos genitales masculinos,False
39,2010,Enfermedades de los órganos genitales masculinos,False
39,2011,Enfermedades de los órganos genitales masculinos,False
39,2012,Enfermedades de los órganos genitales masculinos,False
39,2013,Enfermedades de los órganos genitales masculinos,False
39,2014,Enfermedades de los órganos genitales masculinos,False
39,2015,Enfermedades de los órganos genitales masculinos,False
39,2016,Enfermedades de los órganos genitales masculinos,False
39,2017,Enfermedades de los órganos genitales masculinos,False
39,2018,Enfermedades de los órganos genitales masculinos,False
39,2019,Enfermedades de los órganos genitales masculinos,False
39,2020,Enfermedades de los órganos genitales masculinos,False
39,2021,Enfermedades de los órganos genitales masculinos,False
39,2022,Enfermedades de los órganos genitales masculinos,False
39,2023,Enfermedades de los órganos genitales masculinos,False
39,2024,Enfermedades de los órganos genitales masculinos,False
39A,2005,Hiperplasia de la próstata,
39A,2006,Hiperplasia de la próstata,False
39A,2007,Hiperplasia de la próstata,False
39A,2008,Hiperplasia de la próstata,False
39A,2009,Hiperplasia de la próstata,False
39A,2010,Hiperplasia de la próstata,False
39A,2011,Hiperplasia de la próstata,False
39A,2012,Hiperplasia de la próstata,False
39A,2013,Hiperplasia de la próstata,False
39A,2014,Hiperplasia de la próstata,False
39A,2015,Hiperplasia de la próstata,False
39A,2016,Hiperplasia de la próstata,False
39A,2017,Hiperplasia de la próstata,False
39A,2018,Hiperplasia de la próstata,False
39A,2019,Hiperplasia de la próstata,False
39A,2020,Hiperplasia de la próstata,False
39A,2021,Hiperplasia de la próstata,False
39A,2022,Hiperplasia de la próstata,False
39A,2023,Hiperplasia de la próstata,False
39A,2024,Hiperplasia de la próstata,False
39B,2005,Otros trastornos de la próstata,
39B,2006,Otros trastornos de la próstata,False
39B,2007,Otros trastornos de la próstata,False
39B,2008,Otros trastornos de la próstata,False
39B,2009,Otros trastornos de la próstata,False
39B,2010,Otros trastornos de la próstata,False
39B,2011,Otros trastornos de la próstata,False
39B,2012,Otros trastornos de la próstata,False
39B,2013,Otros trastornos de la próstata,False
39B,2014,Otros trastornos de la próstata,False
39B,2015,Otros trastornos de la próstata,False
39B,2016,Otros trastornos de la próstata,False
39B,2017,Otros trastornos de la próstata,False
39B,2018,Otros trastornos de la próstata,False
39B,2019,Otros trastornos de la próstata,False
39B,2020,Otros trastornos de la próstata,False
39B,2021,Otros trastornos de la próstata,False
39B,2022,Otros trastornos de la próstata,False
39B,2023,Otros trastornos de la próstata,False
39B,2024,Otros trastornos de la próstata,False
39C,2005,Hidrocele y espermatocele,
39C,2006,Hidrocele y espermatocele,False
39C,2007,Hidrocele y espermatocele,False
39C,2008,Hidrocele y espermatocele,False
39C,2009,Hidrocele y espermatocele,False
39C,2010,Hidrocele y espermatocele,False
39C,2011,Hidrocele y espermatocele,False
39C,2012,Hidrocele y espermatocele,False
39C,2013,Hidrocele y espermatocele,False
39C,2014,Hidrocele y espermatocele,False
39C,2015,Hidrocele y espermatocele,False
39C,2016,Hidrocele y espermatocele,False
39C,2017,Hidrocele y espermatocele,False
39C,2018,Hidrocele y espermatocele,False
39C,2019,Hidrocele y espermatocele,False
39C,2020,Hidrocele y espermatocele,False
39C,2021,Hidrocele y espermatocele,False
39C,2022,Hidrocele y espermatocele,False
39C,2023,Hidrocele y espermatocele,False
39C,2024,Hidrocele y espermatocele,False
39D,2005,"Prepucio redundante, fimosis y parafimosis",
39D,2006,"Prepucio redundante, fimosis y parafimosis",False
39D,2007,"Prepucio redundante, fimosis y parafimosis",False
39D,2008,"Prepucio redundante, fimosis y parafimosis",False
39D,2009,"Prepucio redundante, fimosis y parafimosis",False
39D,2010,"Prepucio redundante, fimosis y parafimosis",False
39D,2011,"Prepucio redundante, fimosis y parafimosis",False
39D,2012,"Prepucio redundante, fimosis y parafimosis",False
39D,2013,"Prepucio redundante, fimosis y parafimosis",False
39D,2014,"Prepucio redundante, fimosis y parafimosis",False
39D,2015,"Prepucio redundante, fimosis y parafimosis",False
39D,2016,"Prepucio redundante, fimosis y parafimosis",False
39D,2017,"Prepucio redundante, fimosis y parafimosis",False
39D,2018,"Prepucio redundante, fimosis y parafimosis",False
39D,2019,"Prepucio redundante, fimosis y parafimosis",False
39D,2020,"Prepucio redundante, fimosis y parafimosis",False
39D,2021,"Prepucio redundante, fimosis y parafimosis",False
39D,2022,"Prepucio redundante, fimosis y parafimosis",False
39D,2023,"Prepucio redundante, fimosis y parafimosis",False
39D,2024,"Prepucio redundante, fimosis y parafimosis",False
39E,2005,Esterilidad en el varón,
39E,2006,Esterilidad en el varón,False
39E,2007,Esterilidad en el varón,False
39E,2008,Esterilidad en el varón,False
39E,2009,Esterilidad en el varón,False
39E,2010,Esterilidad en el varón,False
39E,2011,Esterilidad en el varón,False
39E,2012,Esterilidad en el varón,False
39E,2013,Esterilidad en el varón,False
39E,2014,Esterilidad en el varón,False
39E,2015,Esterilidad en el varón,False
39E,2016,Esterilidad en el varón,False
39E,2017,Esterilidad en el varón,False
39E,2018,Esterilidad en el varón,False
39E,2019,Esterilidad en el varón,False
39E,2020,Esterilidad en el varón,False
39E,2021,Esterilidad en el varón,False
39E,2022,Esterilidad en el varón,False
39E,2023,Esterilidad en el varón,False
39E,2024,Esterilidad en el varón,False
39F,2005,Otras enfermedades de los órganos genitales masculinos,
39F,2006,Otras enfermedades de los órganos genitales masculinos,False
39F,2007,Otras enfermedades de los órganos genitales masculinos,False
39F,2008,Otras enfermedades de los órganos genitales masculinos,False
39F,2009,Otras enfermedades de los órganos genitales masculinos,False
39F,2010,Otras enfermedades de los órganos genitales masculinos,False
39F,2011,Otras enfermedades de los órganos genitales masculinos,False
39F,2012,Otras enfermedades de los órganos genitales masculinos,False
39F,2013,Otras enfermedades de los órganos genitales masculinos,False
39F,2014,Otras enfermedades de los órganos genitales masculinos,False
39F,2015,Otras enfermedades de los órganos genitales masculinos,False
39F,2016,Otras enfermedades de los órganos genitales masculinos,False
39F,2017,Otras enfermedades de los órganos genitales masculinos,False
39F,2018,Otras enfermedades de los órganos genitales masculinos,False
39F,2019,Otras enfermedades de los órganos genitales masculinos,False
39F,2020,Otras enfermedades de los órganos genitales masculinos,False
39F,2021,Otras enfermedades de los órganos genitales masculinos,False
39F,2022,Otras enfermedades de los órganos genitales masculinos,False
39F,2023,Otras enfermedades de los órganos genitales masculinos,False
39F,2024,Otras enfermedades de los órganos genitales masculinos,False
40,2005,Trastornos de la mama,
40,2006,Trastornos de la mama,False
40,2007,Trastornos de la mama,False
40,2008,Trastornos de la mama,False
40,2009,Trastornos de la mama,False
40,2010,Trastornos de la mama,False
40,2011,Trastornos de la mama,False
40,2012,Trastornos de la mama,False
40,2013,Trastornos de la mama,False
40,2014,Trastornos de la mama,False
40,2015,Trastornos de la mama,False
40,2016,Trastornos de la mama,False
40,2017,Trastornos de la mama,False
40,2018,Trastornos de la mama,False
40,2019,Trastornos de la mama,False
40,2020,Trastornos de la mama,False
40,2021,Trastornos de la mama,False
40,2022,Trastornos de la mama,False
40,2023,Trastornos de la mama,False
40,2024,Trastornos de la mama,False
41,2005,Enfermedades de los órganos genitales femeninos,
41,2006,Enfermedades de los órganos genitales femeninos,False
41,2007,Enfermedades de los órganos genitales femeninos,False
41,2008,Enfermedades de los órganos genitales femeninos,False
41,2009,Enfermedades de los órganos genitales femeninos,False
41,2010,Enfermedades de los órganos genitales femeninos,False
41,2011,Enfermedades de los órganos genitales femeninos,False
41,2012,Enfermedades de los órganos genitales femeninos,False
41,2013,Enfermedades de los órganos genitales femeninos,False
41,2014,Enfermedades de los órganos genitales femeninos,False
41,2015,Enfermedades de los órganos genitales femeninos,False
41,2016,Enfermedades de los órganos genitales femeninos,False
41,2017,Enfermedades de los órganos genitales femeninos,False
41,2018,Enfermedades de los órganos genitales femeninos,False
41,2019,Enfermedades de los órganos genitales femeninos,False
41,2020,Enfermedades de los órganos genitales femeninos,False
41,2021,Enfermedades de los órganos genitales femeninos,False
41,2022,Enfermedades de los órganos genitales femeninos,False
41,2023,Enfermedades de los órganos genitales femeninos,False
41,2024,Enfermedades de los órganos genitales femeninos,False
41A,2005,Salpingitis y ooforitis,
41A,2006,Salpingitis y ooforitis,False
41A,2007,Salpingitis y ooforitis,False
41A,2008,Salpingitis y ooforitis,False
41A,2009,Salpingitis y ooforitis,False
41A,2010,Salpingitis y ooforitis,False
41A,2011,Salpingitis y ooforitis,False
41A,2012,Salpingitis y ooforitis,False
41A,2013,Salpingitis y ooforitis,False
41A,2014,Salpingitis y ooforitis,False
41A,2015,Salpingitis y ooforitis,False
41A,2016,Salpingitis y ooforitis,False
41A,2017,Salpingitis y ooforitis,False
41A,2018,Salpingitis y ooforitis,False
41A,2019,Salpingitis y ooforitis,False
41A,2020,Salpingitis y ooforitis,False
41A,2021,Salpingitis y ooforitis,False
41A,2022,Salpingitis y ooforitis,False
41A,2023,Salpingitis y ooforitis,False
41A,2024,Salpingitis y ooforitis,False
41B,2005,Enfermedad inflamatoria del cuello uterino,
41B,2006,Enfermedad inflamatoria del cuello uterino,False
41B,2007,Enfermedad inflamatoria del cuello uterino,False
41B,2008,Enfermedad inflamatoria del cuello uterino,False
41B,2009,Enfermedad inflamatoria del cuello uterino,False
41B,2010,Enfermedad inflamatoria del cuello uterino,False
41B,2011,Enfermedad inflamatoria del cuello uterino,False
41B,2012,Enfermedad inflamatoria del cuello uterino,False
41B,2013,Enfermedad inflamatoria del cuello uterino,False
41B,2014,Enfermedad inflamatoria del cuello uterino,False
41B,2015,Enfermedad inflamatoria del cuello uterino,False
41B,2016,Enfermedad inflamatoria del cuello uterino,False
41B,2017,Enfermedad inflamatoria del cuello uterino,False
41B,2018,Enfermedad inflamatoria del cuello uterino,False
41B,2019,Enfermedad inflamatoria del cuello uterino,False
41B,2020,Enfermedad inflamatoria del cuello uterino,False
41B,2021,Enfermedad inflamatoria del cuello uterino,False
41B,2022,Enfermedad inflamatoria del cuello uterino,False
41B,2023,Enfermedad inflamatoria del cuello uterino,False
41B,2024,Enfermedad inflamatoria del cuello uterino,False
41C,2005,"Otras enfermedades inflamatorias del útero, de la vagina y de la vulva",
41C,2006,"Otras enfermedades inflamatorias del útero, de la vagina y de la vulva",False
41C,2007,"Otras enfermedades inflamatorias del útero, de la vagina y de la vulva",False
41C,2008,"Otras enfermedades inflamatorias del útero, de la vagina y de la vulva",False
41C,2009,"Otras enfermedades inflamatorias del útero, de la vagina y de la vulva",False
41C,2010,"Otras enfermedades inflamatorias del útero, de la vagina y de la vulva",False
41C,2011,"Otras enfermedades inflamatorias del útero, de la vagina y de la vulva",False
41C,2012,"Otras enfermedades inflamatorias del útero, de la vagina y de la vulva",False
41C,2013,"Otras enfermedades inflamatorias del útero, de la vagina y de la vulva",False
41C,2014,"Otras enfermedades inflamatorias del útero, de la vagina y de la vulva",False
41C,2015,"Otras enfermedades inflamatorias del útero, de la vagina y de la vulva",False
41C,2016,"Otras enfermedades inflamatorias del útero, de la vagina y de la vulva",False
41C,2017,"Otras enfermedades inflamatorias del útero, de la vagina y de la vulva",False
41C,2018,"Otras enfermedades inflamatorias del útero, de la vagina y de la vulva",False
41C,2019,"Otras enfermedades inflamatorias del útero, de la vagina y de la vulva",False
41C,2020,"Otras enfermedades inflamatorias del útero, de la vagina y de la vulva",False
41C,2021,"Otras enfermedades inflamatorias del útero, de la vagina y de la vulva",False
41C,2022,"Otras enfermedades inflamatorias del útero, de la vagina y de la vulva",False
41C,2023,"Otras enfermedades inflamatorias del útero, de la vagina y de la vulva",False
41C,2024,"Otras enfermedades inflamatorias del útero, de la vagina y de la vulva",False
41D,2005,Otras enfermedades pélvicas inflamatorias femeninas,
41D,2006,Otras enfermedades pélvicas inflamatorias femeninas,False
41D,2007,Otras enfermedades pélvicas inflamatorias femeninas,False
41D,2008,Otras enfermedades pélvicas inflamatorias femeninas,False
41D,2009,Otras enfermedades pélvicas inflamatorias femeninas,False
41D,2010,Otras enfermedades pélvicas inflamatorias femeninas,False
41D,2011,Otras enfermedades pélvicas inflamatorias femeninas,False
41D,2012,Otras enfermedades pélvicas inflamatorias femeninas,False
41D,2013,Otras enfermedades pélvicas inflamatorias femeninas,False
41D,2014,Otras enfermedades pélvicas inflamatorias femeninas,False
41D,2015,Otras enfermedades pélvicas inflamatorias femeninas,False
41D,2016,Otras enfermedades pélvicas inflamatorias femeninas,False
41D,2017,Otras enfermedades pélvicas inflamatorias femeninas,False
41D,2018,Otras enfermedades pélvicas inflamatorias femeninas,False
41D,2019,Otras enfermedades pélvicas inflamatorias femeninas,False
41D,2020,Otras enfermedades pélvicas inflamatorias femeninas,False
41D,2021,Otras enfermedades pélvicas inflamatorias femeninas,False
41D,2022,Otras enfermedades pélvicas inflamatorias femeninas,False
41D,2023,Otras enfermedades pélvicas inflamatorias femeninas,False
41D,2024,Otras enfermedades pélvicas inflamatorias femeninas,False
41E,2005,Endometriosis,
41E,2006,Endometriosis,False
41E,2007,Endometriosis,False
41E,2008,Endometriosis,False
41E,2009,Endometriosis,False
41E,2010,Endometriosis,False
41E,2011,Endometriosis,False
41E,2012,Endometriosis,False
41E,2013,Endometriosis,False
41E,2014,Endometriosis,False
41E,2015,Endometriosis,False
41E,2016,Endometriosis,False
41E,2017,Endometriosis,False
41E,2018,Endometriosis,False
41E,2019,Endometriosis,False
41E,2020,Endometriosis,False
41E,2021,Endometriosis,False
41E,2022,Endometriosis,False
41E,2023,Endometriosis,False
41E,2024,Endometriosis,False
41F,2005,Prolapso genital femenino,
41F,2006,Prolapso genital femenino,False
41F,2007,Prolapso genital femenino,False
41F,2008,Prolapso genital femenino,False
41F,2009,Prolapso genital femenino,False
41F,2010,Prolapso genital femenino,False
41F,2011,Prolapso genital femenino,False
41F,2012,Prolapso genital femenino,False
41F,2013,Prolapso genital femenino,False
41F,2014,Prolapso genital femenino,False
41F,2015,Prolapso genital femenino,False
41F,2016,Prolapso genital femenino,False
41F,2017,Prolapso genital femenino,False
41F,2018,Prolapso genital femenino,False
41F,2019,Prolapso genital femenino,False
41F,2020,Prolapso genital femenino,False
41F,2021,Prolapso genital femenino,False
41F,2022,Prolapso genital femenino,False
41F,2023,Prolapso genital femenino,False
41F,2024,Prolapso genital femenino,False
41G,2005,"Trastornos no inflamatorios del ovario, de la trompa de falopio y del ligamento ancho",
41G,2006,"Trastornos no inflamatorios del ovario, de la trompa de falopio y del ligamento ancho",False
41G,2007,"Trastornos no inflamatorios del ovario, de la trompa de falopio y del ligamento ancho",False
41G,2008,"Trastornos no inflamatorios del ovario, de la trompa de falopio y del ligamento ancho",False
41G,2009,"Trastornos no inflamatorios del ovario, de la trompa de falopio y del ligamento ancho",False
41G,2010,"Trastornos no inflamatorios del ovario, de la trompa de falopio y del ligamento ancho",False
41G,2011,"Trastornos no inflamatorios del ovario, de la trompa de falopio y del ligamento ancho",False
41G,2012,"Trastornos no inflamatorios del ovario, de la trompa de falopio y del ligamento ancho",False
41G,2013,"Trastornos no inflamatorios del ovario, de la trompa de falopio y del ligamento ancho",False
41G,2014,"Trastornos no inflamatorios del ovario, de la trompa de falopio y del ligamento ancho",False
41G,2015,"Trastornos no inflamatorios del ovario, de la trompa de falopio y del ligamento ancho",False
41G,2016,"Trastornos no inflamatorios del ovario, de la trompa de falopio y del ligamento ancho",False
41G,2017,"Trastornos no inflamatorios del ovario, de la trompa de falopio y del ligamento ancho",False
41G,2018,"Trastornos no inflamatorios del ovario, de la trompa de falopio y del ligamento ancho",False
41G,2019,"Trastornos no inflamatorios del ovario, de la trompa de falopio y del ligamento ancho",False
41G,2020,"Trastornos no inflamatorios del ovario, de la trompa de falopio y del ligamento ancho",False
41G,2021,"Trastornos no inflamatorios del ovario, de la trompa de falopio y del ligamento ancho",False
41G,2022,"Trastornos no inflamatorios del ovario, de la trompa de falopio y del ligamento ancho",False
41G,2023,"Trastornos no inflamatorios del ovario, de la trompa de falopio y del ligamento ancho",False
41G,2024,"Trastornos no inflamatorios del ovario, de la trompa de falopio y del ligamento ancho",False
41H,2005,Trastornos de la menstruación,
41H,2006,Trastornos de la menstruación,False
41H,2007,Trastornos de la menstruación,False
41H,2008,Trastornos de la menstruación,False
41H,2009,Trastornos de la menstruación,False
41H,2010,Trastornos de la menstruación,False
41H,2011,Trastornos de la menstruación,False
41H,2012,Trastornos de la menstruación,False
41H,2013,Trastornos de la menstruación,False
41H,2014,Trastornos de la menstruación,False
41H,2015,Trastornos de la menstruación,False
41H,2016,Trastornos de la menstruación,False
41H,2017,Trastornos de la menstruación,False
41H,2018,Trastornos de la menstruación,False
41H,2019,Trastornos de la menstruación,False
41H,2020,Trastornos de la menstruación,False
41H,2021,Trastornos de la menstruación,False
41H,2022,Trastornos de la menstruación,False
41H,2023,Trastornos de la menstruación,False
41H,2024,Trastornos de la menstruación,False
41I,2005,Otros trastornos menopáusicos y perimenopáusicos,
41I,2006,Otros trastornos menopáusicos y perimenopáusicos,False
41I,2007,Otros trastornos menopáusicos y perimenopáusicos,False
41I,2008,Otros trastornos menopáusicos y perimenopáusicos,False
41I,2009,Otros trastornos menopáusicos y perimenopáusicos,False
41I,2010,Otros trastornos menopáusicos y perimenopáusicos,False
41I,2011,Otros trastornos menopáusicos y perimenopáusicos,False
41I,2012,Otros trastornos menopáusicos y perimenopáusicos,False
41I,2013,Otros trastornos menopáusicos y perimenopáusicos,False
41I,2014,Otros trastornos menopáusicos y perimenopáusicos,False
41I,2015,Otros trastornos menopáusicos y perimenopáusicos,False
41I,2016,Otros trastornos menopáusicos y perimenopáusicos,False
41I,2017,Otros trastornos menopáusicos y perimenopáusicos,False
41I,2018,Otros trastornos menopáusicos y perimenopáusicos,False
41I,2019,Otros trastornos menopáusicos y perimenopáusicos,False
41I,2020,Otros trastornos menopáusicos y perimenopáusicos,False
41I,2021,Otros trastornos menopáusicos y perimenopáusicos,False
41I,2022,Otros trastornos menopáusicos y perimenopáusicos,False
41I,2023,Otros trastornos menopáusicos y perimenopáusicos,False
41I,2024,Otros trastornos menopáusicos y perimenopáusicos,False
41J,2005,Infertilidad femenina,
41J,2006,Infertilidad femenina,False
41J,2007,Infertilidad femenina,False
41J,2008,Infertilidad femenina,False
41J,2009,Infertilidad femenina,False
41J,2010,Infertilidad femenina,False
41J,2011,Infertilidad femenina,False
41J,2012,Infertilidad femenina,False
41J,2013,Infertilidad femenina,False
41J,2014,Infertilidad femenina,False
41J,2015,Infertilidad femenina,False
41J,2016,Infertilidad femenina,False
41J,2017,Infertilidad femenina,False
41J,2018,Infertilidad femenina,False
41J,2019,Infertilidad femenina,False
41J,2020,Infertilidad femenina,False
41J,2021,Infertilidad femenina,False
41J,2022,Infertilidad femenina,False
41J,2023,Infertilidad femenina,False
41J,2024,Infertilidad femenina,False
41Z,2005,Otros trastornos del sistema genitourinario femenino,
41Z,2006,Otros trastornos del sistema genitourinario femenino,False
41Z,2007,Otros trastornos del sistema genitourinario femenino,False
41Z,2008,Otros trastornos del sistema genitourinario femenino,False
41Z,2009,Otros trastornos del sistema genitourinario femenino,False
41Z,2010,Otros trastornos del sistema genitourinario femenino,False
41Z,2011,Otros trastornos del sistema genitourinario femenino,False
41Z,2012,Otros trastornos del sistema genitourinario femenino,False
41Z,2013,Otros trastornos del sistema genitourinario femenino,False
41Z,2014,Otros trastornos del sistema genitourinario femenino,False
41Z,2015,Otros trastornos del sistema genitourinario femenino,False
41Z,2016,Otros trastornos del sistema genitourinario femenino,False
41Z,2017,Otros trastornos del sistema genitourinario femenino,False
41Z,2018,Otros trastornos del sistema genitourinario femenino,False
41Z,2019,Otros trastornos del sistema genitourinario femenino,False
41Z,2020,Otros trastornos del sistema genitourinario femenino,False
41Z,2021,Otros trastornos del sistema genitourinario femenino,False
41Z,2022,Otros trastornos del sistema genitourinario femenino,False
41Z,2023,Otros trastornos del sistema genitourinario femenino,False
41Z,2024,Otros trastornos del sistema genitourinario femenino,False
42,2005,Trastornos del sistema genitourinario consecutivo a procedimientos no clasificados en otra parte,
42,2006,Trastornos del sistema genitourinario consecutivo a procedimientos no clasificados en otra parte,False
42,2007,Trastornos del sistema genitourinario consecutivo a procedimientos no clasificados en otra parte,False
42,2008,Trastornos del sistema genitourinario consecutivo a procedimientos no clasificados en otra parte,False
42,2009,Trastornos del sistema genitourinario consecutivo a procedimientos no clasificados en otra parte,False
42,2010,Trastornos del sistema genitourinario consecutivo a procedimientos no clasificados en otra parte,False
42,2011,Trastornos del sistema genitourinario consecutivo a procedimientos no clasificados en otra parte,False
42,2012,Trastornos del sistema genitourinario consecutivo a procedimientos no clasificados en otra parte,False
42,2013,Trastornos del sistema genitourinario consecutivo a procedimientos no clasificados en otra parte,False
42,2014,Trastornos del sistema genitourinario consecutivo a procedimientos no clasificados en otra parte,False
42,2015,Trastornos del sistema genitourinario consecutivo a procedimientos no clasificados en otra parte,False
42,2016,Trastornos del sistema genitourinario consecutivo a procedimientos no clasificados en otra parte,False
42,2017,Trastornos del sistema genitourinario consecutivo a procedimientos no clasificados en otra parte,False
42,2018,Trastornos del sistema genitourinario consecutivo a procedimientos no clasificados en otra parte,False
42,2019,Trastornos del sistema genitourinario consecutivo a procedimientos no clasificados en otra parte,False
42,2020,Trastornos del sistema genitourinario consecutivo a procedimientos no clasificados en otra parte,False
42,2021,Trastornos del sistema genitourinario consecutivo a procedimientos no clasificados en otra parte,False
42,2022,Trastornos del sistema genitourinario consecutivo a procedimientos no clasificados en otra parte,False
42,2023,Trastornos del sistema genitourinario consecutivo a procedimientos no clasificados en otra parte,False
42,2024,Trastornos del sistema genitourinario consecutivo a procedimientos no clasificados en otra parte,False
43,2005,Causas obstétricas directas,
43,2006,Causas obstétricas directas,False
43,2007,Causas obstétricas directas,False
43,2008,Causas obstétricas directas,False
43,2009,Causas obstétricas directas,False
43,2010,Causas obstétricas directas,False
43,2011,Causas obstétricas directas,False
43,2012,Causas obstétricas directas,False
43,2013,Causas obstétricas directas,False
43,2014,Causas obstétricas directas,False
43,2015,Causas obstétricas directas,False
43,2016,Causas obstétricas directas,False
43,2017,Causas obstétricas directas,False
43,2018,Causas obstétricas directas,False
43,2019,Causas obstétricas directas,False
43,2020,Causas obstétricas directas,False
43,2021,Causas obstétricas directas,False
43,2022,Causas obstétricas directas,False
43,2023,Causas obstétricas directas,False
43,2024,Causas obstétricas directas,False
43A,2005,Aborto espontáneo,
43A,2006,Aborto espontáneo,False
43A,2007,Aborto espontáneo,False
43A,2008,Aborto espontáneo,False
43A,2009,Aborto espontáneo,False
43A,2010,Aborto espontáneo,False
43A,2011,Aborto espontáneo,False
43A,2012,Aborto espontáneo,False
43A,2013,Aborto espontáneo,False
43A,2014,Aborto espontáneo,False
43A,2015,Aborto espontáneo,False
43A,2016,Aborto espontáneo,False
43A,2017,Aborto espontáneo,False
43A,2018,Aborto espontáneo,False
43A,2019,Aborto espontáneo,False
43A,2020,Aborto espontáneo,False
43A,2021,Aborto espontáneo,False
43A,2022,Aborto espontáneo,False
43A,2023,Aborto espontáneo,False
43A,2024,Aborto espontáneo,False
43B,2005,Aborto médico,
43B,2006,Aborto médico,False
43B,2007,Aborto médico,False
43B,2008,Aborto médico,False
43B,2009,Aborto médico,False
43B,2010,Aborto médico,False
43B,2011,Aborto médico,False
43B,2012,Aborto médico,False
43B,2013,Aborto médico,False
43B,2014,Aborto médico,False
43B,2015,Aborto médico,False
43B,2016,Aborto médico,False
43B,2017,Aborto médico,False
43B,2018,Aborto médico,False
43B,2019,Aborto médico,False
43B,2020,Aborto médico,False
43B,2021,Aborto médico,False
43B,2022,Aborto médico,False
43B,2023,Aborto médico,False
43B,2024,Aborto médico,False
43C,2005,Otro aborto,
43C,2006,Otro aborto,False
43C,2007,Otro aborto,False
43C,2008,Otro aborto,False
43C,2009,Otro aborto,False
43C,2010,Otro aborto,False
43C,2011,Otro aborto,False
43C,2012,Otro aborto,False
43C,2013,Otro aborto,False
43C,2014,Otro aborto,False
43C,2015,Otro aborto,False
43C,2016,Otro aborto,False
43C,2017,Otro aborto,False
43C,2018,Otro aborto,False
43C,2019,Otro aborto,False
43C,2020,Otro aborto,False
43C,2021,Otro aborto,False
43C,2022,Otro aborto,False
43C,2023,Otro aborto,False
43C,2024,Otro aborto,False
43E,2005,"Edema, proteinuria y trastornos hipertensivos en el embarazo, parto y puerperio",
43E,2006,"Edema, proteinuria y trastornos hipertensivos en el embarazo, parto y puerperio",False
43E,2007,"Edema, proteinuria y trastornos hipertensivos en el embarazo, parto y puerperio",False
43E,2008,"Edema, proteinuria y trastornos hipertensivos en el embarazo, parto y puerperio",False
43E,2009,"Edema, proteinuria y trastornos hipertensivos en el embarazo, parto y puerperio",False
43E,2010,"Edema, proteinuria y trastornos hipertensivos en el embarazo, parto y puerperio",False
43E,2011,"Edema, proteinuria y trastornos hipertensivos en el embarazo, parto y puerperio",False
43E,2012,"Edema, proteinuria y trastornos hipertensivos en el embarazo, parto y puerperio",False
43E,2013,"Edema, proteinuria y trastornos hipertensivos en el embarazo, parto y puerperio",False
43E,2014,"Edema, proteinuria y trastornos hipertensivos en el embarazo, parto y puerperio",False
43E,2015,"Edema, proteinuria y trastornos hipertensivos en el embarazo, parto y puerperio",False
43E,2016,"Edema, proteinuria y trastornos hipertensivos en el embarazo, parto y puerperio",False
43E,2017,"Edema, proteinuria y trastornos hipertensivos en el embarazo, parto y puerperio",False
43E,2018,"Edema, proteinuria y trastornos hipertensivos en el embarazo, parto y puerperio",False
43E,2019,"Edema, proteinuria y trastornos hipertensivos en el embarazo, parto y puerperio",False
43E,2020,"Edema, proteinuria y trastornos hipertensivos en el embarazo, parto y puerperio",False
43E,2021,"Edema, proteinuria y trastornos hipertensivos en el embarazo, parto y puerperio",False
43E,2022,"Edema, proteinuria y trastornos hipertensivos en el embarazo, parto y puerperio",False
43E,2023,"Edema, proteinuria y trastornos hipertensivos en el embarazo, parto y puerperio",False
43E,2024,"Edema, proteinuria y trastornos hipertensivos en el embarazo, parto y puerperio",False
43F,2005,"Hemorragia precoz del embarazo, placenta previa, desprendimiento prematuro de la placenta y hemorragia anteparto",
43F,2006,"Hemorragia precoz del embarazo, placenta previa, desprendimiento prematuro de la placenta y hemorragia anteparto",False
43F,2007,"Hemorragia precoz del embarazo, placenta previa, desprendimiento prematuro de la placenta y hemorragia anteparto",False
43F,2008,"Hemorragia precoz del embarazo, placenta previa, desprendimiento prematuro de la placenta y hemorragia anteparto",False
43F,2009,"Hemorragia precoz del embarazo, placenta previa, desprendimiento prematuro de la placenta y hemorragia anteparto",False
43F,2010,"Hemorragia precoz del embarazo, placenta previa, desprendimiento prematuro de la placenta y hemorragia anteparto",False
43F,2011,"Hemorragia precoz del embarazo, placenta previa, desprendimiento prematuro de la placenta y hemorragia anteparto",False
43F,2012,"Hemorragia precoz del embarazo, placenta previa, desprendimiento prematuro de la placenta y hemorragia anteparto",False
43F,2013,"Hemorragia precoz del embarazo, placenta previa, desprendimiento prematuro de la placenta y hemorragia anteparto",False
43F,2014,"Hemorragia precoz del embarazo, placenta previa, desprendimiento prematuro de la placenta y hemorragia anteparto",False
43F,2015,"Hemorragia precoz del embarazo, placenta previa, desprendimiento prematuro de la placenta y hemorragia anteparto",False
43F,2016,"Hemorragia precoz del embarazo, placenta previa, desprendimiento prematuro de la placenta y hemorragia anteparto",False
43F,2017,"Hemorragia precoz del embarazo, placenta previa, desprendimiento prematuro de la placenta y hemorragia anteparto",False
43F,2018,"Hemorragia precoz del embarazo, placenta previa, desprendimiento prematuro de la placenta y hemorragia anteparto",False
43F,2019,"Hemorragia precoz del embarazo, placenta previa, desprendimiento prematuro de la placenta y hemorragia anteparto",False
43F,2020,"Hemorragia precoz del embarazo, placenta previa, desprendimiento prematuro de la placenta y hemorragia anteparto",False
43F,2021,"Hemorragia precoz del embarazo, placenta previa, desprendimiento prematuro de la placenta y hemorragia anteparto",False
43F,2022,"Hemorragia precoz del embarazo, placenta previa, desprendimiento prematuro de la placenta y hemorragia anteparto",False
43F,2023,"Hemorragia precoz del embarazo, placenta previa, desprendimiento prematuro de la placenta y hemorragia anteparto",False
43F,2024,"Hemorragia precoz del embarazo, placenta previa, desprendimiento prematuro de la placenta y hemorragia anteparto",False
43G,2005,Otra atención materna relacionada con el feto y con la cavidad amniótica y con posibles problemas del parto,
43G,2006,Otra atención materna relacionada con el feto y con la cavidad amniótica y con posibles problemas del parto,False
43G,2007,Otra atención materna relacionada con el feto y con la cavidad amniótica y con posibles problemas del parto,False
43G,2008,Otra atención materna relacionada con el feto y con la cavidad amniótica y con posibles problemas del parto,False
43G,2009,Otra atención materna relacionada con el feto y con la cavidad amniótica y con posibles problemas del parto,False
43G,2010,Otra atención materna relacionada con el feto y con la cavidad amniótica y con posibles problemas del parto,False
43G,2011,Otra atención materna relacionada con el feto y con la cavidad amniótica y con posibles problemas del parto,False
43G,2012,Otra atención materna relacionada con el feto y con la cavidad amniótica y con posibles problemas del parto,False
43G,2013,Otra atención materna relacionada con el feto y con la cavidad amniótica y con posibles problemas del parto,False
43G,2014,Otra atención materna relacionada con el feto y con la cavidad amniótica y con posibles problemas del parto,False
43G,2015,Otra atención materna relacionada con el feto y con la cavidad amniótica y con posibles problemas del parto,False
43G,2016,Otra atención materna relacionada con el feto y con la cavidad amniótica y con posibles problemas del parto,False
43G,2017,Otra atención materna relacionada con el feto y con la cavidad amniótica y con posibles problemas del parto,False
43G,2018,Otra atención materna relacionada con el feto y con la cavidad amniótica y con posibles problemas del parto,False
43G,2019,Otra atención materna relacionada con el feto y con la cavidad amniótica y con posibles problemas del parto,False
43G,2020,Otra atención materna relacionada con el feto y con la cavidad amniótica y con posibles problemas del parto,False
43G,2021,Otra atención materna relacionada con el feto y con la cavidad amniótica y con posibles problemas del parto,False
43G,2022,Otra atención materna relacionada con el feto y con la cavidad amniótica y con posibles problemas del parto,False
43G,2023,Otra atención materna relacionada con el feto y con la cavidad amniótica y con posibles problemas del parto,False
43G,2024,Otra atención materna relacionada con el feto y con la cavidad amniótica y con posibles problemas del parto,False
43H,2005,Infección de las vías genitourinarias en el embarazo,
43H,2006,Infección de las vías genitourinarias en el embarazo,False
43H,2007,Infección de las vías genitourinarias en el embarazo,False
43H,2008,Infección de las vías genitourinarias en el embarazo,False
43H,2009,Infección de las vías genitourinarias en el embarazo,False
43H,2010,Infección de las vías genitourinarias en el embarazo,False
43H,2011,Infección de las vías genitourinarias en el embarazo,False
43H,2012,Infección de las vías genitourinarias en el embarazo,False
43H,2013,Infección de las vías genitourinarias en el embarazo,False
43H,2014,Infección de las vías genitourinarias en el embarazo,False
43H,2015,Infección de las vías genitourinarias en el embarazo,False
43H,2016,Infección de las vías genitourinarias en el embarazo,False
43H,2017,Infección de las vías genitourinarias en el embarazo,False
43H,2018,Infección de las vías genitourinarias en el embarazo,False
43H,2019,Infección de las vías genitourinarias en el embarazo,False
43H,2020,Infección de las vías genitourinarias en el embarazo,False
43H,2021,Infección de las vías genitourinarias en el embarazo,False
43H,2022,Infección de las vías genitourinarias en el embarazo,False
43H,2023,Infección de las vías genitourinarias en el embarazo,False
43H,2024,Infección de las vías genitourinarias en el embarazo,False
43I,2005,Diabetes mellitus en el embarazo,
43I,2006,Diabetes mellitus en el embarazo,False
43I,2007,Diabetes mellitus en el embarazo,False
43I,2008,Diabetes mellitus en el embarazo,False
43I,2009,Diabetes mellitus en el embarazo,False
43I,2010,Diabetes mellitus en el embarazo,False
43I,2011,Diabetes mellitus en el embarazo,False
43I,2012,Diabetes mellitus en el embarazo,False
43I,2013,Diabetes mellitus en el embarazo,False
43I,2014,Diabetes mellitus en el embarazo,False
43I,2015,Diabetes mellitus en el embarazo,False
43I,2016,Diabetes mellitus en el embarazo,False
43I,2017,Diabetes mellitus en el embarazo,False
43I,2018,Diabetes mellitus en el embarazo,False
43I,2019,Diabetes mellitus en el embarazo,False
43I,2020,Diabetes mellitus en el embarazo,False
43I,2021,Diabetes mellitus en el embarazo,False
43I,2022,Diabetes mellitus en el embarazo,False
43I,2023,Diabetes mellitus en el embarazo,False
43I,2024,Diabetes mellitus en el embarazo,False
43J,2005,Trabajo de parto obstruido,
43J,2006,Trabajo de parto obstruido,False
43J,2007,Trabajo de parto obstruido,False
43J,2008,Trabajo de parto obstruido,False
43J,2009,Trabajo de parto obstruido,False
43J,2010,Trabajo de parto obstruido,False
43J,2011,Trabajo de parto obstruido,False
43J,2012,Trabajo de parto obstruido,False
43J,2013,Trabajo de parto obstruido,False
43J,2014,Trabajo de parto obstruido,False
43J,2015,Trabajo de parto obstruido,False
43J,2016,Trabajo de parto obstruido,False
43J,2017,Trabajo de parto obstruido,False
43J,2018,Trabajo de parto obstruido,False
43J,2019,Trabajo de parto obstruido,False
43J,2020,Trabajo de parto obstruido,False
43J,2021,Trabajo de parto obstruido,False
43J,2022,Trabajo de parto obstruido,False
43J,2023,Trabajo de parto obstruido,False
43J,2024,Trabajo de parto obstruido,False
43K,2005,Hemorragia postparto,
43K,2006,Hemorragia postparto,False
43K,2007,Hemorragia postparto,False
43K,2008,Hemorragia postparto,False
43K,2009,Hemorragia postparto,False
43K,2010,Hemorragia postparto,False
43K,2011,Hemorragia postparto,False
43K,2012,Hemorragia postparto,False
43K,2013,Hemorragia postparto,False
43K,2014,Hemorragia postparto,False
43K,2015,Hemorragia postparto,False
43K,2016,Hemorragia postparto,False
43K,2017,Hemorragia postparto,False
43K,2018,Hemorragia postparto,False
43K,2019,Hemorragia postparto,False
43K,2020,Hemorragia postparto,False
43K,2021,Hemorragia postparto,False
43K,2022,Hemorragia postparto,False
43K,2023,Hemorragia postparto,False
43K,2024,Hemorragia postparto,False
43L,2005,Sepsis y otras infecciones puerperales,
43L,2006,Sepsis y otras infecciones puerperales,False
43L,2007,Sepsis y otras infecciones puerperales,False
43L,2008,Sepsis y otras infecciones puerperales,False
43L,2009,Sepsis y otras infecciones puerperales,False
43L,2010,Sepsis y otras infecciones puerperales,False
43L,2011,Sepsis y otras infecciones puerperales,False
43L,2012,Sepsis y otras infecciones puerperales,False
43L,2013,Sepsis y otras infecciones puerperales,False
43L,2014,Sepsis y otras infecciones puerperales,False
43L,2015,Sepsis y otras infecciones puerperales,False
43L,2016,Sepsis y otras infecciones puerperales,False
43L,2017,Sepsis y otras infecciones puerperales,False
43L,2018,Sepsis y otras infecciones puerperales,False
43L,2019,Sepsis y otras infecciones puerperales,False
43L,2020,Sepsis y otras infecciones puerperales,False
43L,2021,Sepsis y otras infecciones puerperales,False
43L,2022,Sepsis y otras infecciones puerperales,False
43L,2023,Sepsis y otras infecciones puerperales,False
43L,2024,Sepsis y otras infecciones puerperales,False
43M,2005,Otras complicaciones del puerperio,
43M,2006,Otras complicaciones del puerperio,False
43M,2007,Otras complicaciones del puerperio,False
43M,2008,Otras complicaciones del puerperio,False
43M,2009,Otras complicaciones del puerperio,False
43M,2010,Otras complicaciones del puerperio,False
43M,2011,Otras complicaciones del puerperio,False
43M,2012,Otras complicaciones del puerperio,False
43M,2013,Otras complicaciones del puerperio,False
43M,2014,Otras complicaciones del puerperio,False
43M,2015,Otras complicaciones del puerperio,False
43M,2016,Otras complicaciones del puerperio,False
43M,2017,Otras complicaciones del puerperio,False
43M,2018,Otras complicaciones del puerperio,False
43M,2019,Otras complicaciones del puerperio,False
43M,2020,Otras complicaciones del puerperio,False
43M,2021,Otras complicaciones del puerperio,False
43M,2022,Otras complicaciones del puerperio,False
43M,2023,Otras complicaciones del puerperio,False
43M,2024,Otras complicaciones del puerperio,False
43N,2005,Otras complicaciones del embarazo y del parto,
43N,2006,Otras complicaciones del embarazo y del parto,False
43N,2007,Otras complicaciones del embarazo y del parto,False
43N,2008,Otras complicaciones del embarazo y del parto,False
43N,2009,Otras complicaciones del embarazo y del parto,False
43N,2010,Otras complicaciones del embarazo y del parto,False
43N,2011,Otras complicaciones del embarazo y del parto,False
43N,2012,Otras complicaciones del embarazo y del parto,False
43N,2013,Otras complicaciones del embarazo y del parto,False
43N,2014,Otras complicaciones del embarazo y del parto,False
43N,2015,Otras complicaciones del embarazo y del parto,False
43N,2016,Otras complicaciones del embarazo y del parto,False
43N,2017,Otras complicaciones del embarazo y del parto,False
43N,2018,Otras complicaciones del embarazo y del parto,False
43N,2019,Otras complicaciones del embarazo y del parto,False
43N,2020,Otras complicaciones del embarazo y del parto,False
43N,2021,Otras complicaciones del embarazo y del parto,False
43N,2022,Otras complicaciones del embarazo y del parto,False
43N,2023,Otras complicaciones del embarazo y del parto,False
43N,2024,Otras complicaciones del embarazo y del parto,False
43O,2005,Tétanos obstétrico,
43O,2006,Tétanos obstétrico,False
43O,2007,Tétanos obstétrico,False
43O,2008,Tétanos obstétrico,False
43O,2009,Tétanos obstétrico,False
43O,2010,Tétanos obstétrico,False
43O,2011,Tétanos obstétrico,False
43O,2012,Tétanos obstétrico,False
43O,2013,Tétanos obstétrico,False
43O,2014,Tétanos obstétrico,False
43O,2015,Tétanos obstétrico,False
43O,2016,Tétanos obstétrico,False
43O,2017,Tétanos obstétrico,False
43O,2018,Tétanos obstétrico,False
43O,2019,Tétanos obstétrico,False
43O,2020,Tétanos obstétrico,False
43O,2021,Tétanos obstétrico,False
43O,2022,Tétanos obstétrico,False
43O,2023,Tétanos obstétrico,False
43O,2024,Tétanos obstétrico,False
43P,2005,Trastornos mentales y del comportamiento asociados con el puerperio,
43P,2006,Trastornos mentales y del comportamiento asociados con el puerperio,False
43P,2007,Trastornos mentales y del comportamiento asociados con el puerperio,False
43P,2008,Trastornos mentales y del comportamiento asociados con el puerperio,False
43P,2009,Trastornos mentales y del comportamiento asociados con el puerperio,False
43P,2010,Trastornos mentales y del comportamiento asociados con el puerperio,False
43P,2011,Trastornos mentales y del comportamiento asociados con el puerperio,False
43P,2012,Trastornos mentales y del comportamiento asociados con el puerperio,False
43P,2013,Trastornos mentales y del comportamiento asociados con el puerperio,False
43P,2014,Trastornos mentales y del comportamiento asociados con el puerperio,False
43P,2015,Trastornos mentales y del comportamiento asociados con el puerperio,False
43P,2016,Trastornos mentales y del comportamiento asociados con el puerperio,False
43P,2017,Trastornos mentales y del comportamiento asociados con el puerperio,False
43P,2018,Trastornos mentales y del comportamiento asociados con el puerperio,False
43P,2019,Trastornos mentales y del comportamiento asociados con el puerperio,False
43P,2020,Trastornos mentales y del comportamiento asociados con el puerperio,False
43P,2021,Trastornos mentales y del comportamiento asociados con el puerperio,False
43P,2022,Trastornos mentales y del comportamiento asociados con el puerperio,False
43P,2023,Trastornos mentales y del comportamiento asociados con el puerperio,False
43P,2024,Trastornos mentales y del comportamiento asociados con el puerperio,False
43Q,2005,Osteomalacia puerperal,
43Q,2006,Osteomalacia puerperal,False
43Q,2007,Osteomalacia puerperal,False
43Q,2008,Osteomalacia puerperal,False
43Q,2009,Osteomalacia puerperal,False
43Q,2010,Osteomalacia puerperal,False
43Q,2011,Osteomalacia puerperal,False
43Q,2012,Osteomalacia puerperal,False
43Q,2013,Osteomalacia puerperal,False
43Q,2014,Osteomalacia puerperal,False
43Q,2015,Osteomalacia puerperal,False
43Q,2016,Osteomalacia puerperal,False
43Q,2017,Osteomalacia puerperal,False
43Q,2018,Osteomalacia puerperal,False
43Q,2019,Osteomalacia puerperal,False
43Q,2020,Osteomalacia puerperal,False
43Q,2021,Osteomalacia puerperal,False
43Q,2022,Osteomalacia puerperal,False
43Q,2023,Osteomalacia puerperal,False
43Q,2024,Osteomalacia puerperal,False
43R,2005,"Causas obstétricas directas, excepto aborto",
43R,2006,"Causas obstétricas directas, excepto aborto",False
43R,2007,"Causas obstétricas directas, excepto aborto",False
43R,2008,"Causas obstétricas directas, excepto aborto",False
43R,2009,"Causas obstétricas directas, excepto aborto",False
43R,2010,"Causas obstétricas directas, excepto aborto",False
43R,2011,"Causas obstétricas directas, excepto aborto",False
43R,2012,"Causas obstétricas directas, excepto aborto",False
43R,2013,"Causas obstétricas directas, excepto aborto",False
43R,2014,"Causas obstétricas directas, excepto aborto",False
43R,2015,"Causas obstétricas directas, excepto aborto",False
43R,2016,"Causas obstétricas directas, excepto aborto",False
43R,2017,"Causas obstétricas directas, excepto aborto",False
43R,2018,"Causas obstétricas directas, excepto aborto",False
43R,2019,"Causas obstétricas directas, excepto aborto",False
43R,2020,"Causas obstétricas directas, excepto aborto",False
43R,2021,"Causas obstétricas directas, excepto aborto",False
43R,2022,"Causas obstétricas directas, excepto aborto",False
43R,2023,"Causas obstétricas directas, excepto aborto",False
43R,2024,"Causas obstétricas directas, excepto aborto",False
43S,2005,Muerte obstétrica de causa no especificada,
43S,2006,Muerte obstétrica de causa no especificada,False
43S,2007,Muerte obstétrica de causa no especificada,False
43S,2008,Muerte obstétrica de causa no especificada,False
43S,2009,Muerte obstétrica de causa no especificada,False
43S,2010,Muerte obstétrica de causa no especificada,False
43S,2011,Muerte obstétrica de causa no especificada,False
43S,2012,Muerte obstétrica de causa no especificada,False
43S,2013,Muerte obstétrica de causa no especificada,False
43S,2014,Muerte obstétrica de causa no especificada,False
43S,2015,Muerte obstétrica de causa no especificada,False
43S,2016,Muerte obstétrica de causa no especificada,False
43S,2017,Muerte obstétrica de causa no especificada,False
43S,2018,Muerte obstétrica de causa no especificada,False
43S,2019,Muerte obstétrica de causa no especificada,False
43S,2020,Muerte obstétrica de causa no especificada,False
43S,2021,Muerte obstétrica de causa no especificada,False
43S,2022,Muerte obstétrica de causa no especificada,False
43S,2023,Muerte obstétrica de causa no especificada,False
43S,2024,Muerte obstétrica de causa no especificada,False
44,2005,Parto único espontáneo,
44,2006,Parto único espontáneo,False
44,2007,Parto único espontáneo,False
44,2008,Parto único espontáneo,False
44,2009,Parto único espontáneo,False
44,2010,Parto único espontáneo,False
44,2011,Parto único espontáneo,False
44,2012,Parto único espontáneo,False
44,2013,Parto único espontáneo,False
44,2014,Parto único espontáneo,False
44,2015,Parto único espontáneo,False
44,2016,Parto único espontáneo,False
44,2017,Parto único espontáneo,False
44,2018,Parto único espontáneo,False
44,2019,Parto único espontáneo,False
44,2020,Parto único espontáneo,False
44,2021,Parto único espontáneo,False
44,2022,Parto único espontáneo,False
44,2023,Parto único espontáneo,False
44,2024,Parto único espontáneo,False
45,2005,Causas obstétricas indirectas,
45,2006,Causas obstétricas indirectas,False
45,2007,Causas obstétricas indirectas,False
45,2008,Causas obstétricas indirectas,False
45,2009,Causas obstétricas indirectas,False
45,2010,Causas obstétricas indirectas,False
45,2011,Causas obstétricas indirectas,False
45,2012,Causas obstétricas indirectas,False
45,2013,Causas obstétricas indirectas,False
45,2014,Causas obstétricas indirectas,False
45,2015,Causas obstétricas indirectas,False
45,2016,Causas obstétricas indirectas,False
45,2017,Causas obstétricas indirectas,False
45,2018,Causas obstétricas indirectas,False
45,2019,Causas obstétricas indirectas,False
45,2020,Causas obstétricas indirectas,False
45,2021,Causas obstétricas indirectas,False
45,2022,Causas obstétricas indirectas,False
45,2023,Causas obstétricas indirectas,False
45,2024,Causas obstétricas indirectas,False
46,2005,Ciertas afecciones originadas en el período perinatal,
46,2006,Ciertas afecciones originadas en el período perinatal,False
46,2007,Ciertas afecciones originadas en el período perinatal,False
46,2008,Ciertas afecciones originadas en el período perinatal,False
46,2009,Ciertas afecciones originadas en el período perinatal,False
46,2010,Ciertas afecciones originadas en el período perinatal,False
46,2011,Ciertas afecciones originadas en el período perinatal,False
46,2012,Ciertas afecciones originadas en el período perinatal,False
46,2013,Ciertas afecciones originadas en el período perinatal,False
46,2014,Ciertas afecciones originadas en el período perinatal,False
46,2015,Ciertas afecciones originadas en el período perinatal,False
46,2016,Ciertas afecciones originadas en el período perinatal,False
46,2017,Ciertas afecciones originadas en el período perinatal,False
46,2018,Ciertas afecciones originadas en el período perinatal,False
46,2019,Ciertas afecciones originadas en el período perinatal,False
46,2020,Ciertas afecciones originadas en el período perinatal,False
46,2021,Ciertas afecciones originadas en el período perinatal,False
46,2022,Ciertas afecciones originadas en el período perinatal,False
46,2023,Ciertas afecciones originadas en el período perinatal,False
46,2024,Ciertas afecciones originadas en el período perinatal,False
46A,2005,Enfermedades de la madre que afectan al feto o al recién nacido,
46A,2006,Enfermedades de la madre que afectan al feto o al recién nacido,False
46A,2007,Enfermedades de la madre que afectan al feto o al recién nacido,False
46A,2008,Enfermedades de la madre que afectan al feto o al recién nacido,False
46A,2009,Enfermedades de la madre que afectan al feto o al recién nacido,False
46A,2010,Enfermedades de la madre que afectan al feto o al recién nacido,False
46A,2011,Enfermedades de la madre que afectan al feto o al recién nacido,False
46A,2012,Enfermedades de la madre que afectan al feto o al recién nacido,False
46A,2013,Enfermedades de la madre que afectan al feto o al recién nacido,False
46A,2014,Enfermedades de la madre que afectan al feto o al recién nacido,False
46A,2015,Enfermedades de la madre que afectan al feto o al recién nacido,False
46A,2016,Enfermedades de la madre que afectan al feto o al recién nacido,False
46A,2017,Enfermedades de la madre que afectan al feto o al recién nacido,False
46A,2018,Enfermedades de la madre que afectan al feto o al recién nacido,False
46A,2019,Enfermedades de la madre que afectan al feto o al recién nacido,False
46A,2020,Enfermedades de la madre que afectan al feto o al recién nacido,False
46A,2021,Enfermedades de la madre que afectan al feto o al recién nacido,False
46A,2022,Enfermedades de la madre que afectan al feto o al recién nacido,False
46A,2023,Enfermedades de la madre que afectan al feto o al recién nacido,False
46A,2024,Enfermedades de la madre que afectan al feto o al recién nacido,False
46B,2005,Complicaciones obstétricas que afectan al feto o recién nacido,
46B,2006,Complicaciones obstétricas que afectan al feto o recién nacido,False
46B,2007,Complicaciones obstétricas que afectan al feto o recién nacido,False
46B,2008,Complicaciones obstétricas que afectan al feto o recién nacido,False
46B,2009,Complicaciones obstétricas que afectan al feto o recién nacido,False
46B,2010,Complicaciones obstétricas que afectan al feto o recién nacido,False
46B,2011,Complicaciones obstétricas que afectan al feto o recién nacido,False
46B,2012,Complicaciones obstétricas que afectan al feto o recién nacido,False
46B,2013,Complicaciones obstétricas que afectan al feto o recién nacido,False
46B,2014,Complicaciones obstétricas que afectan al feto o recién nacido,False
46B,2015,Complicaciones obstétricas que afectan al feto o recién nacido,False
46B,2016,Complicaciones obstétricas que afectan al feto o recién nacido,False
46B,2017,Complicaciones obstétricas que afectan al feto o recién nacido,False
46B,2018,Complicaciones obstétricas que afectan al feto o recién nacido,False
46B,2019,Complicaciones obstétricas que afectan al feto o recién nacido,False
46B,2020,Complicaciones obstétricas que afectan al feto o recién nacido,False
46B,2021,Complicaciones obstétricas que afectan al feto o recién nacido,False
46B,2022,Complicaciones obstétricas que afectan al feto o recién nacido,False
46B,2023,Complicaciones obstétricas que afectan al feto o recién nacido,False
46B,2024,Complicaciones obstétricas que afectan al feto o recién nacido,False
46C,2005,"Crecimiento fetal lento, desnutrición fetal y trastornos relacionados con la gestación corta y el bajo peso al nacer",
46C,2006,"Crecimiento fetal lento, desnutrición fetal y trastornos relacionados con la gestación corta y el bajo peso al nacer",False
46C,2007,"Crecimiento fetal lento, desnutrición fetal y trastornos relacionados con la gestación corta y el bajo peso al nacer",False
46C,2008,"Crecimiento fetal lento, desnutrición fetal y trastornos relacionados con la gestación corta y el bajo peso al nacer",False
46C,2009,"Crecimiento fetal lento, desnutrición fetal y trastornos relacionados con la gestación corta y el bajo peso al nacer",False
46C,2010,"Crecimiento fetal lento, desnutrición fetal y trastornos relacionados con la gestación corta y el bajo peso al nacer",False
46C,2011,"Crecimiento fetal lento, desnutrición fetal y trastornos relacionados con la gestación corta y el bajo peso al nacer",False
46C,2012,"Crecimiento fetal lento, desnutrición fetal y trastornos relacionados con la gestación corta y el bajo peso al nacer",False
46C,2013,"Crecimiento fetal lento, desnutrición fetal y trastornos relacionados con la gestación corta y el bajo peso al nacer",False
46C,2014,"Crecimiento fetal lento, desnutrición fetal y trastornos relacionados con la gestación corta y el bajo peso al nacer",False
46C,2015,"Crecimiento fetal lento, desnutrición fetal y trastornos relacionados con la gestación corta y el bajo peso al nacer",False
46C,2016,"Crecimiento fetal lento, desnutrición fetal y trastornos relacionados con la gestación corta y el bajo peso al nacer",False
46C,2017,"Crecimiento fetal lento, desnutrición fetal y trastornos relacionados con la gestación corta y el bajo peso al nacer",False
46C,2018,"Crecimiento fetal lento, desnutrición fetal y trastornos relacionados con la gestación corta y el bajo peso al nacer",False
46C,2019,"Crecimiento fetal lento, desnutrición fetal y trastornos relacionados con la gestación corta y el bajo peso al nacer",False
46C,2020,"Crecimiento fetal lento, desnutrición fetal y trastornos relacionados con la gestación corta y el bajo peso al nacer",False
46C,2021,"Crecimiento fetal lento, desnutrición fetal y trastornos relacionados con la gestación corta y el bajo peso al nacer",False
46C,2022,"Crecimiento fetal lento, desnutrición fetal y trastornos relacionados con la gestación corta y el bajo peso al nacer",False
46C,2023,"Crecimiento fetal lento, desnutrición fetal y trastornos relacionados con la gestación corta y el bajo peso al nacer",False
46C,2024,"Crecimiento fetal lento, desnutrición fetal y trastornos relacionados con la gestación corta y el bajo peso al nacer",False
46D,2005,Traumatismo del nacimiento,
46D,2006,Traumatismo del nacimiento,False
46D,2007,Traumatismo del nacimiento,False
46D,2008,Traumatismo del nacimiento,False
46D,2009,Traumatismo del nacimiento,False
46D,2010,Traumatismo del nacimiento,False
46D,2011,Traumatismo del nacimiento,False
46D,2012,Traumatismo del nacimiento,False
46D,2013,Traumatismo del nacimiento,False
46D,2014,Traumatismo del nacimiento,False
46D,2015,Traumatismo del nacimiento,False
46D,2016,Traumatismo del nacimiento,False
46D,2017,Traumatismo del nacimiento,False
46D,2018,Traumatismo del nacimiento,False
46D,2019,Traumatismo del nacimiento,False
46D,2020,Traumatismo del nacimiento,False
46D,2021,Traumatismo del nacimiento,False
46D,2022,Traumatismo del nacimiento,False
46D,2023,Traumatismo del nacimiento,False
46D,2024,Traumatismo del nacimiento,False
46E,2005,Hipoxia intrauterina y asfixia  del nacimiento,
46E,2006,Hipoxia intrauterina y asfixia  del nacimiento,False
46E,2007,Hipoxia intrauterina y asfixia  del nacimiento,False
46E,2008,Hipoxia intrauterina y asfixia  del nacimiento,False
46E,2009,Hipoxia intrauterina y asfixia  del nacimiento,False
46E,2010,Hipoxia intrauterina y asfixia  del nacimiento,False
46E,2011,Hipoxia intrauterina y asfixia  del nacimiento,False
46E,2012,Hipoxia intrauterina y asfixia  del nacimiento,False
46E,2013,Hipoxia intrauterina y asfixia  del nacimiento,False
46E,2014,Hipoxia intrauterina y asfixia  del nacimiento,False
46E,2015,Hipoxia intrauterina y asfixia  del nacimiento,False
46E,2016,Hipoxia intrauterina y asfixia  del nacimiento,False
46E,2017,Hipoxia intrauterina y asfixia  del nacimiento,False
46E,2018,Hipoxia intrauterina y asfixia  del nacimiento,False
46E,2019,Hipoxia intrauterina y asfixia  del nacimiento,False
46E,2020,Hipoxia intrauterina y asfixia  del nacimiento,False
46E,2021,Hipoxia intrauterina y asfixia  del nacimiento,False
46E,2022,Hipoxia intrauterina y asfixia  del nacimiento,False
46E,2023,Hipoxia intrauterina y asfixia  del nacimiento,False
46E,2024,Hipoxia intrauterina y asfixia  del nacimiento,False
46F,2005,Dificultad respiratoria del recién nacido y otros trastornos respiratorios originados en el período perinatal,
46F,2006,Dificultad respiratoria del recién nacido y otros trastornos respiratorios originados en el período perinatal,False
46F,2007,Dificultad respiratoria del recién nacido y otros trastornos respiratorios originados en el período perinatal,False
46F,2008,Dificultad respiratoria del recién nacido y otros trastornos respiratorios originados en el período perinatal,False
46F,2009,Dificultad respiratoria del recién nacido y otros trastornos respiratorios originados en el período perinatal,False
46F,2010,Dificultad respiratoria del recién nacido y otros trastornos respiratorios originados en el período perinatal,False
46F,2011,Dificultad respiratoria del recién nacido y otros trastornos respiratorios originados en el período perinatal,False
46F,2012,Dificultad respiratoria del recién nacido y otros trastornos respiratorios originados en el período perinatal,False
46F,2013,Dificultad respiratoria del recién nacido y otros trastornos respiratorios originados en el período perinatal,False
46F,2014,Dificultad respiratoria del recién nacido y otros trastornos respiratorios originados en el período perinatal,False
46F,2015,Dificultad respiratoria del recién nacido y otros trastornos respiratorios originados en el período perinatal,False
46F,2016,Dificultad respiratoria del recién nacido y otros trastornos respiratorios originados en el período perinatal,False
46F,2017,Dificultad respiratoria del recién nacido y otros trastornos respiratorios originados en el período perinatal,False
46F,2018,Dificultad respiratoria del recién nacido y otros trastornos respiratorios originados en el período perinatal,False
46F,2019,Dificultad respiratoria del recién nacido y otros trastornos respiratorios originados en el período perinatal,False
46F,2020,Dificultad respiratoria del recién nacido y otros trastornos respiratorios originados en el período perinatal,False
46F,2021,Dificultad respiratoria del recién nacido y otros trastornos respiratorios originados en el período perinatal,False
46F,2022,Dificultad respiratoria del recién nacido y otros trastornos respiratorios originados en el período perinatal,False
46F,2023,Dificultad respiratoria del recién nacido y otros trastornos respiratorios originados en el período perinatal,False
46F,2024,Dificultad respiratoria del recién nacido y otros trastornos respiratorios originados en el período perinatal,False
46G,2005,Enfermedades infecciosas y parasitarias congénitas,
46G,2006,Enfermedades infecciosas y parasitarias congénitas,False
46G,2007,Enfermedades infecciosas y parasitarias congénitas,False
46G,2008,Enfermedades infecciosas y parasitarias congénitas,False
46G,2009,Enfermedades infecciosas y parasitarias congénitas,False
46G,2010,Enfermedades infecciosas y parasitarias congénitas,False
46G,2011,Enfermedades infecciosas y parasitarias congénitas,False
46G,2012,Enfermedades infecciosas y parasitarias congénitas,False
46G,2013,Enfermedades infecciosas y parasitarias congénitas,False
46G,2014,Enfermedades infecciosas y parasitarias congénitas,False
46G,2015,Enfermedades infecciosas y parasitarias congénitas,False
46G,2016,Enfermedades infecciosas y parasitarias congénitas,False
46G,2017,Enfermedades infecciosas y parasitarias congénitas,False
46G,2018,Enfermedades infecciosas y parasitarias congénitas,False
46G,2019,Enfermedades infecciosas y parasitarias congénitas,False
46G,2020,Enfermedades infecciosas y parasitarias congénitas,False
46G,2021,Enfermedades infecciosas y parasitarias congénitas,False
46G,2022,Enfermedades infecciosas y parasitarias congénitas,False
46G,2023,Enfermedades infecciosas y parasitarias congénitas,False
46G,2024,Enfermedades infecciosas y parasitarias congénitas,False
46H,2005,Otras infecciones específicas del período perinatal,
46H,2006,Otras infecciones específicas del período perinatal,False
46H,2007,Otras infecciones específicas del período perinatal,False
46H,2008,Otras infecciones específicas del período perinatal,False
46H,2009,Otras infecciones específicas del período perinatal,False
46H,2010,Otras infecciones específicas del período perinatal,False
46H,2011,Otras infecciones específicas del período perinatal,False
46H,2012,Otras infecciones específicas del período perinatal,False
46H,2013,Otras infecciones específicas del período perinatal,False
46H,2014,Otras infecciones específicas del período perinatal,False
46H,2015,Otras infecciones específicas del período perinatal,False
46H,2016,Otras infecciones específicas del período perinatal,False
46H,2017,Otras infecciones específicas del período perinatal,False
46H,2018,Otras infecciones específicas del período perinatal,False
46H,2019,Otras infecciones específicas del período perinatal,False
46H,2020,Otras infecciones específicas del período perinatal,False
46H,2021,Otras infecciones específicas del período perinatal,False
46H,2022,Otras infecciones específicas del período perinatal,False
46H,2023,Otras infecciones específicas del período perinatal,False
46H,2024,Otras infecciones específicas del período perinatal,False
46I,2005,Enfermedad hemolítica del feto y del recién nacido,
46I,2006,Enfermedad hemolítica del feto y del recién nacido,False
46I,2007,Enfermedad hemolítica del feto y del recién nacido,False
46I,2008,Enfermedad hemolítica del feto y del recién nacido,False
46I,2009,Enfermedad hemolítica del feto y del recién nacido,False
46I,2010,Enfermedad hemolítica del feto y del recién nacido,False
46I,2011,Enfermedad hemolítica del feto y del recién nacido,False
46I,2012,Enfermedad hemolítica del feto y del recién nacido,False
46I,2013,Enfermedad hemolítica del feto y del recién nacido,False
46I,2014,Enfermedad hemolítica del feto y del recién nacido,False
46I,2015,Enfermedad hemolítica del feto y del recién nacido,False
46I,2016,Enfermedad hemolítica del feto y del recién nacido,False
46I,2017,Enfermedad hemolítica del feto y del recién nacido,False
46I,2018,Enfermedad hemolítica del feto y del recién nacido,False
46I,2019,Enfermedad hemolítica del feto y del recién nacido,False
46I,2020,Enfermedad hemolítica del feto y del recién nacido,False
46I,2021,Enfermedad hemolítica del feto y del recién nacido,False
46I,2022,Enfermedad hemolítica del feto y del recién nacido,False
46I,2023,Enfermedad hemolítica del feto y del recién nacido,False
46I,2024,Enfermedad hemolítica del feto y del recién nacido,False
46J,2005,Tétanos neonatal,
46J,2006,Tétanos neonatal,False
46J,2007,Tétanos neonatal,False
46J,2008,Tétanos neonatal,False
46J,2009,Tétanos neonatal,False
46J,2010,Tétanos neonatal,False
46J,2011,Tétanos neonatal,False
46J,2012,Tétanos neonatal,False
46J,2013,Tétanos neonatal,False
46J,2014,Tétanos neonatal,False
46J,2015,Tétanos neonatal,False
46J,2016,Tétanos neonatal,False
46J,2017,Tétanos neonatal,False
46J,2018,Tétanos neonatal,False
46J,2019,Tétanos neonatal,False
46J,2020,Tétanos neonatal,False
46J,2021,Tétanos neonatal,False
46J,2022,Tétanos neonatal,False
46J,2023,Tétanos neonatal,False
46J,2024,Tétanos neonatal,False
46Z,2005,Las demás afecciones originadas en el período perinatal,
46Z,2006,Las demás afecciones originadas en el período perinatal,False
46Z,2007,Las demás afecciones originadas en el período perinatal,False
46Z,2008,Las demás afecciones originadas en el período perinatal,False
46Z,2009,Las demás afecciones originadas en el período perinatal,False
46Z,2010,Las demás afecciones originadas en el período perinatal,False
46Z,2011,Las demás afecciones originadas en el período perinatal,False
46Z,2012,Las demás afecciones originadas en el período perinatal,False
46Z,2013,Las demás afecciones originadas en el período perinatal,False
46Z,2014,Las demás afecciones originadas en el período perinatal,False
46Z,2015,Las demás afecciones originadas en el período perinatal,False
46Z,2016,Las demás afecciones originadas en el período perinatal,False
46Z,2017,Las demás afecciones originadas en el período perinatal,False
46Z,2018,Las demás afecciones originadas en el período perinatal,False
46Z,2019,Las demás afecciones originadas en el período perinatal,False
46Z,2020,Las demás afecciones originadas en el período perinatal,False
46Z,2021,Las demás afecciones originadas en el período perinatal,False
46Z,2022,Las demás afecciones originadas en el período perinatal,False
46Z,2023,Las demás afecciones originadas en el período perinatal,False
46Z,2024,Las demás afecciones originadas en el período perinatal,False
47,2005,"Malformaciones congénitas, deformidades y anomalías cromosómicas",
47,2006,"Malformaciones congénitas, deformidades y anomalías cromosómicas",False
47,2007,"Malformaciones congénitas, deformidades y anomalías cromosómicas",False
47,2008,"Malformaciones congénitas, deformidades y anomalías cromosómicas",False
47,2009,"Malformaciones congénitas, deformidades y anomalías cromosómicas",False
47,2010,"Malformaciones congénitas, deformidades y anomalías cromosómicas",False
47,2011,"Malformaciones congénitas, deformidades y anomalías cromosómicas",False
47,2012,"Malformaciones congénitas, deformidades y anomalías cromosómicas",False
47,2013,"Malformaciones congénitas, deformidades y anomalías cromosómicas",False
47,2014,"Malformaciones congénitas, deformidades y anomalías cromosómicas",False
47,2015,"Malformaciones congénitas, deformidades y anomalías cromosómicas",False
47,2016,"Malformaciones congénitas, deformidades y anomalías cromosómicas",False
47,2017,"Malformaciones congénitas, deformidades y anomalías cromosómicas",False
47,2018,"Malformaciones congénitas, deformidades y anomalías cromosómicas",False
47,2019,"Malformaciones congénitas, deformidades y anomalías cromosómicas",False
47,2020,"Malformaciones congénitas, deformidades y anomalías cromosómicas",False
47,2021,"Malformaciones congénitas, deformidades y anomalías cromosómicas",False
47,2022,"Malformaciones congénitas, deformidades y anomalías cromosómicas",False
47,2023,"Malformaciones congénitas, deformidades y anomalías cromosómicas",False
47,2024,"Malformaciones congénitas, deformidades y anomalías cromosómicas",False
47A,2005,Anencefalia y malformaciones congénitas similares,
47A,2006,Anencefalia y malformaciones congénitas similares,False
47A,2007,Anencefalia y malformaciones congénitas similares,False
47A,2008,Anencefalia y malformaciones congénitas similares,False
47A,2009,Anencefalia y malformaciones congénitas similares,False
47A,2010,Anencefalia y malformaciones congénitas similares,False
47A,2011,Anencefalia y malformaciones congénitas similares,False
47A,2012,Anencefalia y malformaciones congénitas similares,False
47A,2013,Anencefalia y malformaciones congénitas similares,False
47A,2014,Anencefalia y malformaciones congénitas similares,False
47A,2015,Anencefalia y malformaciones congénitas similares,False
47A,2016,Anencefalia y malformaciones congénitas similares,False
47A,2017,Anencefalia y malformaciones congénitas similares,False
47A,2018,Anencefalia y malformaciones congénitas similares,False
47A,2019,Anencefalia y malformaciones congénitas similares,False
47A,2020,Anencefalia y malformaciones congénitas similares,False
47A,2021,Anencefalia y malformaciones congénitas similares,False
47A,2022,Anencefalia y malformaciones congénitas similares,False
47A,2023,Anencefalia y malformaciones congénitas similares,False
47A,2024,Anencefalia y malformaciones congénitas similares,False
47B,2005,Hidrocéfalo congénito,
47B,2006,Hidrocéfalo congénito,False
47B,2007,Hidrocéfalo congénito,False
47B,2008,Hidrocéfalo congénito,False
47B,2009,Hidrocéfalo congénito,False
47B,2010,Hidrocéfalo congénito,False
47B,2011,Hidrocéfalo congénito,False
47B,2012,Hidrocéfalo congénito,False
47B,2013,Hidrocéfalo congénito,False
47B,2014,Hidrocéfalo congénito,False
47B,2015,Hidrocéfalo congénito,False
47B,2016,Hidrocéfalo congénito,False
47B,2017,Hidrocéfalo congénito,False
47B,2018,Hidrocéfalo congénito,False
47B,2019,Hidrocéfalo congénito,False
47B,2020,Hidrocéfalo congénito,False
47B,2021,Hidrocéfalo congénito,False
47B,2022,Hidrocéfalo congénito,False
47B,2023,Hidrocéfalo congénito,False
47B,2024,Hidrocéfalo congénito,False
47C,2005,Espina bífida,
47C,2006,Espina bífida,False
47C,2007,Espina bífida,False
47C,2008,Espina bífida,False
47C,2009,Espina bífida,False
47C,2010,Espina bífida,False
47C,2011,Espina bífida,False
47C,2012,Espina bífida,False
47C,2013,Espina bífida,False
47C,2014,Espina bífida,False
47C,2015,Espina bífida,False
47C,2016,Espina bífida,False
47C,2017,Espina bífida,False
47C,2018,Espina bífida,False
47C,2019,Espina bífida,False
47C,2020,Espina bífida,False
47C,2021,Espina bífida,False
47C,2022,Espina bífida,False
47C,2023,Espina bífida,False
47C,2024,Espina bífida,False
47D,2005,Otras malformaciones del sistema nervioso,
47D,2006,Otras malformaciones del sistema nervioso,False
47D,2007,Otras malformaciones del sistema nervioso,False
47D,2008,Otras malformaciones del sistema nervioso,False
47D,2009,Otras malformaciones del sistema nervioso,False
47D,2010,Otras malformaciones del sistema nervioso,False
47D,2011,Otras malformaciones del sistema nervioso,False
47D,2012,Otras malformaciones del sistema nervioso,False
47D,2013,Otras malformaciones del sistema nervioso,False
47D,2014,Otras malformaciones del sistema nervioso,False
47D,2015,Otras malformaciones del sistema nervioso,False
47D,2016,Otras malformaciones del sistema nervioso,False
47D,2017,Otras malformaciones del sistema nervioso,False
47D,2018,Otras malformaciones del sistema nervioso,False
47D,2019,Otras malformaciones del sistema nervioso,False
47D,2020,Otras malformaciones del sistema nervioso,False
47D,2021,Otras malformaciones del sistema nervioso,False
47D,2022,Otras malformaciones del sistema nervioso,False
47D,2023,Otras malformaciones del sistema nervioso,False
47D,2024,Otras malformaciones del sistema nervioso,False
47E,2005,Malformaciones congénitas del sistema circulatorio,
47E,2006,Malformaciones congénitas del sistema circulatorio,False
47E,2007,Malformaciones congénitas del sistema circulatorio,False
47E,2008,Malformaciones congénitas del sistema circulatorio,False
47E,2009,Malformaciones congénitas del sistema circulatorio,False
47E,2010,Malformaciones congénitas del sistema circulatorio,False
47E,2011,Malformaciones congénitas del sistema circulatorio,False
47E,2012,Malformaciones congénitas del sistema circulatorio,False
47E,2013,Malformaciones congénitas del sistema circulatorio,False
47E,2014,Malformaciones congénitas del sistema circulatorio,False
47E,2015,Malformaciones congénitas del sistema circulatorio,False
47E,2016,Malformaciones congénitas del sistema circulatorio,False
47E,2017,Malformaciones congénitas del sistema circulatorio,False
47E,2018,Malformaciones congénitas del sistema circulatorio,False
47E,2019,Malformaciones congénitas del sistema circulatorio,False
47E,2020,Malformaciones congénitas del sistema circulatorio,False
47E,2021,Malformaciones congénitas del sistema circulatorio,False
47E,2022,Malformaciones congénitas del sistema circulatorio,False
47E,2023,Malformaciones congénitas del sistema circulatorio,False
47E,2024,Malformaciones congénitas del sistema circulatorio,False
47F,2005,Fisura del paladar y labio leporino,
47F,2006,Fisura del paladar y labio leporino,False
47F,2007,Fisura del paladar y labio leporino,False
47F,2008,Fisura del paladar y labio leporino,False
47F,2009,Fisura del paladar y labio leporino,False
47F,2010,Fisura del paladar y labio leporino,False
47F,2011,Fisura del paladar y labio leporino,False
47F,2012,Fisura del paladar y labio leporino,False
47F,2013,Fisura del paladar y labio leporino,False
47F,2014,Fisura del paladar y labio leporino,False
47F,2015,Fisura del paladar y labio leporino,False
47F,2016,Fisura del paladar y labio leporino,False
47F,2017,Fisura del paladar y labio leporino,False
47F,2018,Fisura del paladar y labio leporino,False
47F,2019,Fisura del paladar y labio leporino,False
47F,2020,Fisura del paladar y labio leporino,False
47F,2021,Fisura del paladar y labio leporino,False
47F,2022,Fisura del paladar y labio leporino,False
47F,2023,Fisura del paladar y labio leporino,False
47F,2024,Fisura del paladar y labio leporino,False
47G,2005,"Ausencia, atresia y estenosis congénita del intestino delgado",
47G,2006,"Ausencia, atresia y estenosis congénita del intestino delgado",False
47G,2007,"Ausencia, atresia y estenosis congénita del intestino delgado",False
47G,2008,"Ausencia, atresia y estenosis congénita del intestino delgado",False
47G,2009,"Ausencia, atresia y estenosis congénita del intestino delgado",False
47G,2010,"Ausencia, atresia y estenosis congénita del intestino delgado",False
47G,2011,"Ausencia, atresia y estenosis congénita del intestino delgado",False
47G,2012,"Ausencia, atresia y estenosis congénita del intestino delgado",False
47G,2013,"Ausencia, atresia y estenosis congénita del intestino delgado",False
47G,2014,"Ausencia, atresia y estenosis congénita del intestino delgado",False
47G,2015,"Ausencia, atresia y estenosis congénita del intestino delgado",False
47G,2016,"Ausencia, atresia y estenosis congénita del intestino delgado",False
47G,2017,"Ausencia, atresia y estenosis congénita del intestino delgado",False
47G,2018,"Ausencia, atresia y estenosis congénita del intestino delgado",False
47G,2019,"Ausencia, atresia y estenosis congénita del intestino delgado",False
47G,2020,"Ausencia, atresia y estenosis congénita del intestino delgado",False
47G,2021,"Ausencia, atresia y estenosis congénita del intestino delgado",False
47G,2022,"Ausencia, atresia y estenosis congénita del intestino delgado",False
47G,2023,"Ausencia, atresia y estenosis congénita del intestino delgado",False
47G,2024,"Ausencia, atresia y estenosis congénita del intestino delgado",False
47H,2005,Otras deformidades del aparato digestivo,
47H,2006,Otras deformidades del aparato digestivo,False
47H,2007,Otras deformidades del aparato digestivo,False
47H,2008,Otras deformidades del aparato digestivo,False
47H,2009,Otras deformidades del aparato digestivo,False
47H,2010,Otras deformidades del aparato digestivo,False
47H,2011,Otras deformidades del aparato digestivo,False
47H,2012,Otras deformidades del aparato digestivo,False
47H,2013,Otras deformidades del aparato digestivo,False
47H,2014,Otras deformidades del aparato digestivo,False
47H,2015,Otras deformidades del aparato digestivo,False
47H,2016,Otras deformidades del aparato digestivo,False
47H,2017,Otras deformidades del aparato digestivo,False
47H,2018,Otras deformidades del aparato digestivo,False
47H,2019,Otras deformidades del aparato digestivo,False
47H,2020,Otras deformidades del aparato digestivo,False
47H,2021,Otras deformidades del aparato digestivo,False
47H,2022,Otras deformidades del aparato digestivo,False
47H,2023,Otras deformidades del aparato digestivo,False
47H,2024,Otras deformidades del aparato digestivo,False
47I,2005,Testículo no descendido,
47I,2006,Testículo no descendido,False
47I,2007,Testículo no descendido,False
47I,2008,Testículo no descendido,False
47I,2009,Testículo no descendido,False
47I,2010,Testículo no descendido,False
47I,2011,Testículo no descendido,False
47I,2012,Testículo no descendido,False
47I,2013,Testículo no descendido,False
47I,2014,Testículo no descendido,False
47I,2015,Testículo no descendido,False
47I,2016,Testículo no descendido,False
47I,2017,Testículo no descendido,False
47I,2018,Testículo no descendido,False
47I,2019,Testículo no descendido,False
47I,2020,Testículo no descendido,False
47I,2021,Testículo no descendido,False
47I,2022,Testículo no descendido,False
47I,2023,Testículo no descendido,False
47I,2024,Testículo no descendido,False
47J,2005,Otras malformaciones del sistema genitourinario,
47J,2006,Otras malformaciones del sistema genitourinario,False
47J,2007,Otras malformaciones del sistema genitourinario,False
47J,2008,Otras malformaciones del sistema genitourinario,False
47J,2009,Otras malformaciones del sistema genitourinario,False
47J,2010,Otras malformaciones del sistema genitourinario,False
47J,2011,Otras malformaciones del sistema genitourinario,False
47J,2012,Otras malformaciones del sistema genitourinario,False
47J,2013,Otras malformaciones del sistema genitourinario,False
47J,2014,Otras malformaciones del sistema genitourinario,False
47J,2015,Otras malformaciones del sistema genitourinario,False
47J,2016,Otras malformaciones del sistema genitourinario,False
47J,2017,Otras malformaciones del sistema genitourinario,False
47J,2018,Otras malformaciones del sistema genitourinario,False
47J,2019,Otras malformaciones del sistema genitourinario,False
47J,2020,Otras malformaciones del sistema genitourinario,False
47J,2021,Otras malformaciones del sistema genitourinario,False
47J,2022,Otras malformaciones del sistema genitourinario,False
47J,2023,Otras malformaciones del sistema genitourinario,False
47J,2024,Otras malformaciones del sistema genitourinario,False
47K,2005,Deformidades congénitas de la cadera,
47K,2006,Deformidades congénitas de la cadera,False
47K,2007,Deformidades congénitas de la cadera,False
47K,2008,Deformidades congénitas de la cadera,False
47K,2009,Deformidades congénitas de la cadera,False
47K,2010,Deformidades congénitas de la cadera,False
47K,2011,Deformidades congénitas de la cadera,False
47K,2012,Deformidades congénitas de la cadera,False
47K,2013,Deformidades congénitas de la cadera,False
47K,2014,Deformidades congénitas de la cadera,False
47K,2015,Deformidades congénitas de la cadera,False
47K,2016,Deformidades congénitas de la cadera,False
47K,2017,Deformidades congénitas de la cadera,False
47K,2018,Deformidades congénitas de la cadera,False
47K,2019,Deformidades congénitas de la cadera,False
47K,2020,Deformidades congénitas de la cadera,False
47K,2021,Deformidades congénitas de la cadera,False
47K,2022,Deformidades congénitas de la cadera,False
47K,2023,Deformidades congénitas de la cadera,False
47K,2024,Deformidades congénitas de la cadera,False
47L,2005,Deformidades congénitas de los pies,
47L,2006,Deformidades congénitas de los pies,False
47L,2007,Deformidades congénitas de los pies,False
47L,2008,Deformidades congénitas de los pies,False
47L,2009,Deformidades congénitas de los pies,False
47L,2010,Deformidades congénitas de los pies,False
47L,2011,Deformidades congénitas de los pies,False
47L,2012,Deformidades congénitas de los pies,False
47L,2013,Deformidades congénitas de los pies,False
47L,2014,Deformidades congénitas de los pies,False
47L,2015,Deformidades congénitas de los pies,False
47L,2016,Deformidades congénitas de los pies,False
47L,2017,Deformidades congénitas de los pies,False
47L,2018,Deformidades congénitas de los pies,False
47L,2019,Deformidades congénitas de los pies,False
47L,2020,Deformidades congénitas de los pies,False
47L,2021,Deformidades congénitas de los pies,False
47L,2022,Deformidades congénitas de los pies,False
47L,2023,Deformidades congénitas de los pies,False
47L,2024,Deformidades congénitas de los pies,False
47M,2005,Otras malformaciones congénitas y deformidades del sistema osteomuscular,
47M,2006,Otras malformaciones congénitas y deformidades del sistema osteomuscular,False
47M,2007,Otras malformaciones congénitas y deformidades del sistema osteomuscular,False
47M,2008,Otras malformaciones congénitas y deformidades del sistema osteomuscular,False
47M,2009,Otras malformaciones congénitas y deformidades del sistema osteomuscular,False
47M,2010,Otras malformaciones congénitas y deformidades del sistema osteomuscular,False
47M,2011,Otras malformaciones congénitas y deformidades del sistema osteomuscular,False
47M,2012,Otras malformaciones congénitas y deformidades del sistema osteomuscular,False
47M,2013,Otras malformaciones congénitas y deformidades del sistema osteomuscular,False
47M,2014,Otras malformaciones congénitas y deformidades del sistema osteomuscular,False
47M,2015,Otras malformaciones congénitas y deformidades del sistema osteomuscular,False
47M,2016,Otras malformaciones congénitas y deformidades del sistema osteomuscular,False
47M,2017,Otras malformaciones congénitas y deformidades del sistema osteomuscular,False
47M,2018,Otras malformaciones congénitas y deformidades del sistema osteomuscular,False
47M,2019,Otras malformaciones congénitas y deformidades del sistema osteomuscular,False
47M,2020,Otras malformaciones congénitas y deformidades del sistema osteomuscular,False
47M,2021,Otras malformaciones congénitas y deformidades del sistema osteomuscular,False
47M,2022,Otras malformaciones congénitas y deformidades del sistema osteomuscular,False
47M,2023,Otras malformaciones congénitas y deformidades del sistema osteomuscular,False
47M,2024,Otras malformaciones congénitas y deformidades del sistema osteomuscular,False
47N,2005,Otras malformaciones congénitas,
47N,2006,Otras malformaciones congénitas,False
47N,2007,Otras malformaciones congénitas,False
47N,2008,Otras malformaciones congénitas,False
47N,2009,Otras malformaciones congénitas,False
47N,2010,Otras malformaciones congénitas,False
47N,2011,Otras malformaciones congénitas,False
47N,2012,Otras malformaciones congénitas,False
47N,2013,Otras malformaciones congénitas,False
47N,2014,Otras malformaciones congénitas,False
47N,2015,Otras malformaciones congénitas,False
47N,2016,Otras malformaciones congénitas,False
47N,2017,Otras malformaciones congénitas,False
47N,2018,Otras malformaciones congénitas,False
47N,2019,Otras malformaciones congénitas,False
47N,2020,Otras malformaciones congénitas,False
47N,2021,Otras malformaciones congénitas,False
47N,2022,Otras malformaciones congénitas,False
47N,2023,Otras malformaciones congénitas,False
47N,2024,Otras malformaciones congénitas,False
47O,2005,"Anomalías cromosómicas, no clasificadas en otra parte",
47O,2006,"Anomalías cromosómicas, no clasificadas en otra parte",False
47O,2007,"Anomalías cromosómicas, no clasificadas en otra parte",False
47O,2008,"Anomalías cromosómicas, no clasificadas en otra parte",False
47O,2009,"Anomalías cromosómicas, no clasificadas en otra parte",False
47O,2010,"Anomalías cromosómicas, no clasificadas en otra parte",False
47O,2011,"Anomalías cromosómicas, no clasificadas en otra parte",False
47O,2012,"Anomalías cromosómicas, no clasificadas en otra parte",False
47O,2013,"Anomalías cromosómicas, no clasificadas en otra parte",False
47O,2014,"Anomalías cromosómicas, no clasificadas en otra parte",False
47O,2015,"Anomalías cromosómicas, no clasificadas en otra parte",False
47O,2016,"Anomalías cromosómicas, no clasificadas en otra parte",False
47O,2017,"Anomalías cromosómicas, no clasificadas en otra parte",False
47O,2018,"Anomalías cromosómicas, no clasificadas en otra parte",False
47O,2019,"Anomalías cromosómicas, no clasificadas en otra parte",False
47O,2020,"Anomalías cromosómicas, no clasificadas en otra parte",False
47O,2021,"Anomalías cromosómicas, no clasificadas en otra parte",False
47O,2022,"Anomalías cromosómicas, no clasificadas en otra parte",False
47O,2023,"Anomalías cromosómicas, no clasificadas en otra parte",False
47O,2024,"Anomalías cromosómicas, no clasificadas en otra parte",False
48,2005,"Síntomas, signos y hallazgos anormales clínicos y de laboratorio, no clasificados en otra parte",
48,2006,"Síntomas, signos y hallazgos anormales clínicos y de laboratorio, no clasificados en otra parte",False
48,2007,"Síntomas, signos y hallazgos anormales clínicos y de laboratorio, no clasificados en otra parte",False
48,2008,"Síntomas, signos y hallazgos anormales clínicos y de laboratorio, no clasificados en otra parte",False
48,2009,"Síntomas, signos y hallazgos anormales clínicos y de laboratorio, no clasificados en otra parte",False
48,2010,"Síntomas, signos y hallazgos anormales clínicos y de laboratorio, no clasificados en otra parte",False
48,2011,"Síntomas, signos y hallazgos anormales clínicos y de laboratorio, no clasificados en otra parte",False
48,2012,"Síntomas, signos y hallazgos anormales clínicos y de laboratorio, no clasificados en otra parte",False
48,2013,"Síntomas, signos y hallazgos anormales clínicos y de laboratorio, no clasificados en otra parte",False
48,2014,"Síntomas, signos y hallazgos anormales clínicos y de laboratorio, no clasificados en otra parte",False
48,2015,"Síntomas, signos y hallazgos anormales clínicos y de laboratorio, no clasificados en otra parte",False
48,2016,"Síntomas, signos y hallazgos anormales clínicos y de laboratorio, no clasificados en otra parte",False
48,2017,"Síntomas, signos y hallazgos anormales clínicos y de laboratorio, no clasificados en otra parte",False
48,2018,"Síntomas, signos y hallazgos anormales clínicos y de laboratorio, no clasificados en otra parte",False
48,2019,"Síntomas, signos y hallazgos anormales clínicos y de laboratorio, no clasificados en otra parte",False
48,2020,"Síntomas, signos y hallazgos anormales clínicos y de laboratorio, no clasificados en otra parte",False
48,2021,"Síntomas, signos y hallazgos anormales clínicos y de laboratorio, no clasificados en otra parte",False
48,2022,"Síntomas, signos y hallazgos anormales clínicos y de laboratorio, no clasificados en otra parte",False
48,2023,"Síntomas, signos y hallazgos anormales clínicos y de laboratorio, no clasificados en otra parte",False
48,2024,"Síntomas, signos y hallazgos anormales clínicos y de laboratorio, no clasificados en otra parte",False
48A,2005,Fiebre de origen desconocido,
48A,2006,Fiebre de origen desconocido,False
48A,2007,Fiebre de origen desconocido,False
48A,2008,Fiebre de origen desconocido,False
48A,2009,Fiebre de origen desconocido,False
48A,2010,Fiebre de origen desconocido,False
48A,2011,Fiebre de origen desconocido,False
48A,2012,Fiebre de origen desconocido,False
48A,2013,Fiebre de origen desconocido,False
48A,2014,Fiebre de origen desconocido,False
48A,2015,Fiebre de origen desconocido,False
48A,2016,Fiebre de origen desconocido,False
48A,2017,Fiebre de origen desconocido,False
48A,2018,Fiebre de origen desconocido,False
48A,2019,Fiebre de origen desconocido,False
48A,2020,Fiebre de origen desconocido,False
48A,2021,Fiebre de origen desconocido,False
48A,2022,Fiebre de origen desconocido,False
48A,2023,Fiebre de origen desconocido,False
48A,2024,Fiebre de origen desconocido,False
48B,2005,Anormalidades cardíacas,
48B,2006,Anormalidades cardíacas,False
48B,2007,Anormalidades cardíacas,False
48B,2008,Anormalidades cardíacas,False
48B,2009,Anormalidades cardíacas,False
48B,2010,Anormalidades cardíacas,False
48B,2011,Anormalidades cardíacas,False
48B,2012,Anormalidades cardíacas,False
48B,2013,Anormalidades cardíacas,False
48B,2014,Anormalidades cardíacas,False
48B,2015,Anormalidades cardíacas,False
48B,2016,Anormalidades cardíacas,False
48B,2017,Anormalidades cardíacas,False
48B,2018,Anormalidades cardíacas,False
48B,2019,Anormalidades cardíacas,False
48B,2020,Anormalidades cardíacas,False
48B,2021,Anormalidades cardíacas,False
48B,2022,Anormalidades cardíacas,False
48B,2023,Anormalidades cardíacas,False
48B,2024,Anormalidades cardíacas,False
48C,2005,Retención de orina,
48C,2006,Retención de orina,False
48C,2007,Retención de orina,False
48C,2008,Retención de orina,False
48C,2009,Retención de orina,False
48C,2010,Retención de orina,False
48C,2011,Retención de orina,False
48C,2012,Retención de orina,False
48C,2013,Retención de orina,False
48C,2014,Retención de orina,False
48C,2015,Retención de orina,False
48C,2016,Retención de orina,False
48C,2017,Retención de orina,False
48C,2018,Retención de orina,False
48C,2019,Retención de orina,False
48C,2020,Retención de orina,False
48C,2021,Retención de orina,False
48C,2022,Retención de orina,False
48C,2023,Retención de orina,False
48C,2024,Retención de orina,False
48D,2005,Dolor abdominal y pélvico,
48D,2006,Dolor abdominal y pélvico,False
48D,2007,Dolor abdominal y pélvico,False
48D,2008,Dolor abdominal y pélvico,False
48D,2009,Dolor abdominal y pélvico,False
48D,2010,Dolor abdominal y pélvico,False
48D,2011,Dolor abdominal y pélvico,False
48D,2012,Dolor abdominal y pélvico,False
48D,2013,Dolor abdominal y pélvico,False
48D,2014,Dolor abdominal y pélvico,False
48D,2015,Dolor abdominal y pélvico,False
48D,2016,Dolor abdominal y pélvico,False
48D,2017,Dolor abdominal y pélvico,False
48D,2018,Dolor abdominal y pélvico,False
48D,2019,Dolor abdominal y pélvico,False
48D,2020,Dolor abdominal y pélvico,False
48D,2021,Dolor abdominal y pélvico,False
48D,2022,Dolor abdominal y pélvico,False
48D,2023,Dolor abdominal y pélvico,False
48D,2024,Dolor abdominal y pélvico,False
48E,2005,Senilidad,
48E,2006,Senilidad,False
48E,2007,Senilidad,False
48E,2008,Senilidad,False
48E,2009,Senilidad,False
48E,2010,Senilidad,False
48E,2011,Senilidad,False
48E,2012,Senilidad,False
48E,2013,Senilidad,False
48E,2014,Senilidad,False
48E,2015,Senilidad,False
48E,2016,Senilidad,False
48E,2017,Senilidad,False
48E,2018,Senilidad,False
48E,2019,Senilidad,False
48E,2020,Senilidad,False
48E,2021,Senilidad,False
48E,2022,Senilidad,False
48E,2023,Senilidad,False
48E,2024,Senilidad,False
48F,2005,Síndrome de la muerte súbita infantil,
48F,2006,Síndrome de la muerte súbita infantil,False
48F,2007,Síndrome de la muerte súbita infantil,False
48F,2008,Síndrome de la muerte súbita infantil,False
48F,2009,Síndrome de la muerte súbita infantil,False
48F,2010,Síndrome de la muerte súbita infantil,False
48F,2011,Síndrome de la muerte súbita infantil,False
48F,2012,Síndrome de la muerte súbita infantil,False
48F,2013,Síndrome de la muerte súbita infantil,False
48F,2014,Síndrome de la muerte súbita infantil,False
48F,2015,Síndrome de la muerte súbita infantil,False
48F,2016,Síndrome de la muerte súbita infantil,False
48F,2017,Síndrome de la muerte súbita infantil,False
48F,2018,Síndrome de la muerte súbita infantil,False
48F,2019,Síndrome de la muerte súbita infantil,False
48F,2020,Síndrome de la muerte súbita infantil,False
48F,2021,Síndrome de la muerte súbita infantil,False
48F,2022,Síndrome de la muerte súbita infantil,False
48F,2023,Síndrome de la muerte súbita infantil,False
48F,2024,Síndrome de la muerte súbita infantil,False
48G,2005,Paro respiratorio,
48G,2006,Paro respiratorio,False
48G,2007,Paro respiratorio,False
48G,2008,Paro respiratorio,False
48G,2009,Paro respiratorio,False
48G,2010,Paro respiratorio,False
48G,2011,Paro respiratorio,False
48G,2012,Paro respiratorio,False
48G,2013,Paro respiratorio,False
48G,2014,Paro respiratorio,False
48G,2015,Paro respiratorio,False
48G,2016,Paro respiratorio,False
48G,2017,Paro respiratorio,False
48G,2018,Paro respiratorio,False
48G,2019,Paro respiratorio,False
48G,2020,Paro respiratorio,False
48G,2021,Paro respiratorio,False
48G,2022,Paro respiratorio,False
48G,2023,Paro respiratorio,False
48G,2024,Paro respiratorio,False
48Z,2005,"Los demás síntomas, signos y hallazgos anormales no clasificados en otra parte",
48Z,2006,"Los demás síntomas, signos y hallazgos anormales no clasificados en otra parte",False
48Z,2007,"Los demás síntomas, signos y hallazgos anormales no clasificados en otra parte",False
48Z,2008,"Los demás síntomas, signos y hallazgos anormales no clasificados en otra parte",False
48Z,2009,"Los demás síntomas, signos y hallazgos anormales no clasificados en otra parte",False
48Z,2010,"Los demás síntomas, signos y hallazgos anormales no clasificados en otra parte",False
48Z,2011,"Los demás síntomas, signos y hallazgos anormales no clasificados en otra parte",False
48Z,2012,"Los demás síntomas, signos y hallazgos anormales no clasificados en otra parte",False
48Z,2013,"Los demás síntomas, signos y hallazgos anormales no clasificados en otra parte",False
48Z,2014,"Los demás síntomas, signos y hallazgos anormales no clasificados en otra parte",False
48Z,2015,"Los demás síntomas, signos y hallazgos anormales no clasificados en otra parte",False
48Z,2016,"Los demás síntomas, signos y hallazgos anormales no clasificados en otra parte",False
48Z,2017,"Los demás síntomas, signos y hallazgos anormales no clasificados en otra parte",False
48Z,2018,"Los demás síntomas, signos y hallazgos anormales no clasificados en otra parte",False
48Z,2019,"Los demás síntomas, signos y hallazgos anormales no clasificados en otra parte",False
48Z,2020,"Los demás síntomas, signos y hallazgos anormales no clasificados en otra parte",False
48Z,2021,"Los demás síntomas, signos y hallazgos anormales no clasificados en otra parte",False
48Z,2022,"Los demás síntomas, signos y hallazgos anormales no clasificados en otra parte",False
48Z,2023,"Los demás síntomas, signos y hallazgos anormales no clasificados en otra parte",False
48Z,2024,"Los demás síntomas, signos y hallazgos anormales no clasificados en otra parte",False
49,2005,Accidentes de transporte,
49,2006,Accidentes de transporte,False
49,2007,Accidentes de transporte,False
49,2008,Accidentes de transporte,False
49,2009,Accidentes de transporte,False
49,2010,Accidentes de transporte,False
49,2011,Accidentes de transporte,False
49,2012,Accidentes de transporte,False
49,2013,Accidentes de transporte,False
49,2014,Accidentes de transporte,False
49,2015,Accidentes de transporte,False
49,2016,Accidentes de transporte,False
49,2017,Accidentes de transporte,False
49,2018,Accidentes de transporte,False
49,2019,Accidentes de transporte,False
49,2020,Accidentes de transporte,False
49,2021,Accidentes de transporte,False
49,2022,Accidentes de transporte,False
49,2023,Accidentes de transporte,False
49,2024,Accidentes de transporte,False
49A,2005,Accidentes de ferrocarril,
49A,2006,Accidentes de ferrocarril,False
49A,2007,Accidentes de ferrocarril,False
49A,2008,Accidentes de ferrocarril,False
49A,2009,Accidentes de ferrocarril,False
49A,2010,Accidentes de ferrocarril,False
49A,2011,Accidentes de ferrocarril,False
49A,2012,Accidentes de ferrocarril,False
49A,2013,Accidentes de ferrocarril,False
49A,2014,Accidentes de ferrocarril,False
49A,2015,Accidentes de ferrocarril,False
49A,2016,Accidentes de ferrocarril,False
49A,2017,Accidentes de ferrocarril,False
49A,2018,Accidentes de ferrocarril,False
49A,2019,Accidentes de ferrocarril,False
49A,2020,Accidentes de ferrocarril,False
49A,2021,Accidentes de ferrocarril,False
49A,2022,Accidentes de ferrocarril,False
49A,2023,Accidentes de ferrocarril,False
49A,2024,Accidentes de ferrocarril,False
49B,2005,Accidentes de tráfico de vehículos de motor,
49B,2006,Accidentes de tráfico de vehículos de motor,False
49B,2007,Accidentes de tráfico de vehículos de motor,False
49B,2008,Accidentes de tráfico de vehículos de motor,False
49B,2009,Accidentes de tráfico de vehículos de motor,False
49B,2010,Accidentes de tráfico de vehículos de motor,False
49B,2011,Accidentes de tráfico de vehículos de motor,False
49B,2012,Accidentes de tráfico de vehículos de motor,False
49B,2013,Accidentes de tráfico de vehículos de motor,False
49B,2014,Accidentes de tráfico de vehículos de motor,False
49B,2015,Accidentes de tráfico de vehículos de motor,False
49B,2016,Accidentes de tráfico de vehículos de motor,False
49B,2017,Accidentes de tráfico de vehículos de motor,False
49B,2018,Accidentes de tráfico de vehículos de motor,False
49B,2019,Accidentes de tráfico de vehículos de motor,False
49B,2020,Accidentes de tráfico de vehículos de motor,False
49B,2021,Accidentes de tráfico de vehículos de motor,False
49B,2022,Accidentes de tráfico de vehículos de motor,False
49B,2023,Accidentes de tráfico de vehículos de motor,False
49B,2024,Accidentes de tráfico de vehículos de motor,False
49C,2005,Accidentes de otros vehículos de carretera,
49C,2006,Accidentes de otros vehículos de carretera,False
49C,2007,Accidentes de otros vehículos de carretera,False
49C,2008,Accidentes de otros vehículos de carretera,False
49C,2009,Accidentes de otros vehículos de carretera,False
49C,2010,Accidentes de otros vehículos de carretera,False
49C,2011,Accidentes de otros vehículos de carretera,False
49C,2012,Accidentes de otros vehículos de carretera,False
49C,2013,Accidentes de otros vehículos de carretera,False
49C,2014,Accidentes de otros vehículos de carretera,False
49C,2015,Accidentes de otros vehículos de carretera,False
49C,2016,Accidentes de otros vehículos de carretera,False
49C,2017,Accidentes de otros vehículos de carretera,False
49C,2018,Accidentes de otros vehículos de carretera,False
49C,2019,Accidentes de otros vehículos de carretera,False
49C,2020,Accidentes de otros vehículos de carretera,False
49C,2021,Accidentes de otros vehículos de carretera,False
49C,2022,Accidentes de otros vehículos de carretera,False
49C,2023,Accidentes de otros vehículos de carretera,False
49C,2024,Accidentes de otros vehículos de carretera,False
49D,2005,Accidentes de transporte acuático,
49D,2006,Accidentes de transporte acuático,False
49D,2007,Accidentes de transporte acuático,False
49D,2008,Accidentes de transporte acuático,False
49D,2009,Accidentes de transporte acuático,False
49D,2010,Accidentes de transporte acuático,False
49D,2011,Accidentes de transporte acuático,False
49D,2012,Accidentes de transporte acuático,False
49D,2013,Accidentes de transporte acuático,False
49D,2014,Accidentes de transporte acuático,False
49D,2015,Accidentes de transporte acuático,False
49D,2016,Accidentes de transporte acuático,False
49D,2017,Accidentes de transporte acuático,False
49D,2018,Accidentes de transporte acuático,False
49D,2019,Accidentes de transporte acuático,False
49D,2020,Accidentes de transporte acuático,False
49D,2021,Accidentes de transporte acuático,False
49D,2022,Accidentes de transporte acuático,False
49D,2023,Accidentes de transporte acuático,False
49D,2024,Accidentes de transporte acuático,False
49E,2005,Accidentes de transporte aéreo y espacial,
49E,2006,Accidentes de transporte aéreo y espacial,False
49E,2007,Accidentes de transporte aéreo y espacial,False
49E,2008,Accidentes de transporte aéreo y espacial,False
49E,2009,Accidentes de transporte aéreo y espacial,False
49E,2010,Accidentes de transporte aéreo y espacial,False
49E,2011,Accidentes de transporte aéreo y espacial,False
49E,2012,Accidentes de transporte aéreo y espacial,False
49E,2013,Accidentes de transporte aéreo y espacial,False
49E,2014,Accidentes de transporte aéreo y espacial,False
49E,2015,Accidentes de transporte aéreo y espacial,False
49E,2016,Accidentes de transporte aéreo y espacial,False
49E,2017,Accidentes de transporte aéreo y espacial,False
49E,2018,Accidentes de transporte aéreo y espacial,False
49E,2019,Accidentes de transporte aéreo y espacial,False
49E,2020,Accidentes de transporte aéreo y espacial,False
49E,2021,Accidentes de transporte aéreo y espacial,False
49E,2022,Accidentes de transporte aéreo y espacial,False
49E,2023,Accidentes de transporte aéreo y espacial,False
49E,2024,Accidentes de transporte aéreo y espacial,False
49Z,2005,Los demás accidentes de transporte,
49Z,2006,Los demás accidentes de transporte,False
49Z,2007,Los demás accidentes de transporte,False
49Z,2008,Los demás accidentes de transporte,False
49Z,2009,Los demás accidentes de transporte,False
49Z,2010,Los demás accidentes de transporte,False
49Z,2011,Los demás accidentes de transporte,False
49Z,2012,Los demás accidentes de transporte,False
49Z,2013,Los demás accidentes de transporte,False
49Z,2014,Los demás accidentes de transporte,False
49Z,2015,Los demás accidentes de transporte,False
49Z,2016,Los demás accidentes de transporte,False
49Z,2017,Los demás accidentes de transporte,False
49Z,2018,Los demás accidentes de transporte,False
49Z,2019,Los demás accidentes de transporte,False
49Z,2020,Los demás accidentes de transporte,False
49Z,2021,Los demás accidentes de transporte,False
49Z,2022,Los demás accidentes de transporte,False
49Z,2023,Los demás accidentes de transporte,False
49Z,2024,Los demás accidentes de transporte,False
50,2005,Caídas,
50,2006,Caídas,False
50,2007,Caídas,False
50,2008,Caídas,False
50,2009,Caídas,False
50,2010,Caídas,False
50,2011,Caídas,False
50,2012,Caídas,False
50,2013,Caídas,False
50,2014,Caídas,False
50,2015,Caídas,False
50,2016,Caídas,False
50,2017,Caídas,False
50,2018,Caídas,False
50,2019,Caídas,False
50,2020,Caídas,False
50,2021,Caídas,False
50,2022,Caídas,False
50,2023,Caídas,False
50,2024,Caídas,False
51,2005,"Otros accidentes, incluso los efectos tardíos",
51,2006,"Otros accidentes, incluso los efectos tardíos",False
51,2007,"Otros accidentes, incluso los efectos tardíos",False
51,2008,"Otros accidentes, incluso los efectos tardíos",False
51,2009,"Otros accidentes, incluso los efectos tardíos",False
51,2010,"Otros accidentes, incluso los efectos tardíos",False
51,2011,"Otros accidentes, incluso los efectos tardíos",False
51,2012,"Otros accidentes, incluso los efectos tardíos",False
51,2013,"Otros accidentes, incluso los efectos tardíos",False
51,2014,"Otros accidentes, incluso los efectos tardíos",False
51,2015,"Otros accidentes, incluso los efectos tardíos",False
51,2016,"Otros accidentes, incluso los efectos tardíos",False
51,2017,"Otros accidentes, incluso los efectos tardíos",False
51,2018,"Otros accidentes, incluso los efectos tardíos",False
51,2019,"Otros accidentes, incluso los efectos tardíos",False
51,2020,"Otros accidentes, incluso los efectos tardíos",False
51,2021,"Otros accidentes, incluso los efectos tardíos",False
51,2022,"Otros accidentes, incluso los efectos tardíos",False
51,2023,"Otros accidentes, incluso los efectos tardíos",False
51,2024,"Otros accidentes, incluso los efectos tardíos",False
51A,2005,Accidentes debido a factores naturales y del ambiente,
51A,2006,Accidentes debido a factores naturales y del ambiente,False
51A,2007,Accidentes debido a factores naturales y del ambiente,False
51A,2008,Accidentes debido a factores naturales y del ambiente,False
51A,2009,Accidentes debido a factores naturales y del ambiente,False
51A,2010,Accidentes debido a factores naturales y del ambiente,False
51A,2011,Accidentes debido a factores naturales y del ambiente,False
51A,2012,Accidentes debido a factores naturales y del ambiente,False
51A,2013,Accidentes debido a factores naturales y del ambiente,False
51A,2014,Accidentes debido a factores naturales y del ambiente,False
51A,2015,Accidentes debido a factores naturales y del ambiente,False
51A,2016,Accidentes debido a factores naturales y del ambiente,False
51A,2017,Accidentes debido a factores naturales y del ambiente,False
51A,2018,Accidentes debido a factores naturales y del ambiente,False
51A,2019,Accidentes debido a factores naturales y del ambiente,False
51A,2020,Accidentes debido a factores naturales y del ambiente,False
51A,2021,Accidentes debido a factores naturales y del ambiente,False
51A,2022,Accidentes debido a factores naturales y del ambiente,False
51A,2023,Accidentes debido a factores naturales y del ambiente,False
51A,2024,Accidentes debido a factores naturales y del ambiente,False
51B,2005,Ahogamiento y sumersión accidentales,
51B,2006,Ahogamiento y sumersión accidentales,False
51B,2007,Ahogamiento y sumersión accidentales,False
51B,2008,Ahogamiento y sumersión accidentales,False
51B,2009,Ahogamiento y sumersión accidentales,False
51B,2010,Ahogamiento y sumersión accidentales,False
51B,2011,Ahogamiento y sumersión accidentales,False
51B,2012,Ahogamiento y sumersión accidentales,False
51B,2013,Ahogamiento y sumersión accidentales,False
51B,2014,Ahogamiento y sumersión accidentales,False
51B,2015,Ahogamiento y sumersión accidentales,False
51B,2016,Ahogamiento y sumersión accidentales,False
51B,2017,Ahogamiento y sumersión accidentales,False
51B,2018,Ahogamiento y sumersión accidentales,False
51B,2019,Ahogamiento y sumersión accidentales,False
51B,2020,Ahogamiento y sumersión accidentales,False
51B,2021,Ahogamiento y sumersión accidentales,False
51B,2022,Ahogamiento y sumersión accidentales,False
51B,2023,Ahogamiento y sumersión accidentales,False
51B,2024,Ahogamiento y sumersión accidentales,False
51C,2005,Cuerpo extraño que penetra por el ojo u orificio natural,
51C,2006,Cuerpo extraño que penetra por el ojo u orificio natural,False
51C,2007,Cuerpo extraño que penetra por el ojo u orificio natural,False
51C,2008,Cuerpo extraño que penetra por el ojo u orificio natural,False
51C,2009,Cuerpo extraño que penetra por el ojo u orificio natural,False
51C,2010,Cuerpo extraño que penetra por el ojo u orificio natural,False
51C,2011,Cuerpo extraño que penetra por el ojo u orificio natural,False
51C,2012,Cuerpo extraño que penetra por el ojo u orificio natural,False
51C,2013,Cuerpo extraño que penetra por el ojo u orificio natural,False
51C,2014,Cuerpo extraño que penetra por el ojo u orificio natural,False
51C,2015,Cuerpo extraño que penetra por el ojo u orificio natural,False
51C,2016,Cuerpo extraño que penetra por el ojo u orificio natural,False
51C,2017,Cuerpo extraño que penetra por el ojo u orificio natural,False
51C,2018,Cuerpo extraño que penetra por el ojo u orificio natural,False
51C,2019,Cuerpo extraño que penetra por el ojo u orificio natural,False
51C,2020,Cuerpo extraño que penetra por el ojo u orificio natural,False
51C,2021,Cuerpo extraño que penetra por el ojo u orificio natural,False
51C,2022,Cuerpo extraño que penetra por el ojo u orificio natural,False
51C,2023,Cuerpo extraño que penetra por el ojo u orificio natural,False
51C,2024,Cuerpo extraño que penetra por el ojo u orificio natural,False
51D,2005,Accidente causado por maquinaria y por instrumentos cortantes o punzantes,
51D,2006,Accidente causado por maquinaria y por instrumentos cortantes o punzantes,False
51D,2007,Accidente causado por maquinaria y por instrumentos cortantes o punzantes,False
51D,2008,Accidente causado por maquinaria y por instrumentos cortantes o punzantes,False
51D,2009,Accidente causado por maquinaria y por instrumentos cortantes o punzantes,False
51D,2010,Accidente causado por maquinaria y por instrumentos cortantes o punzantes,False
51D,2011,Accidente causado por maquinaria y por instrumentos cortantes o punzantes,False
51D,2012,Accidente causado por maquinaria y por instrumentos cortantes o punzantes,False
51D,2013,Accidente causado por maquinaria y por instrumentos cortantes o punzantes,False
51D,2014,Accidente causado por maquinaria y por instrumentos cortantes o punzantes,False
51D,2015,Accidente causado por maquinaria y por instrumentos cortantes o punzantes,False
51D,2016,Accidente causado por maquinaria y por instrumentos cortantes o punzantes,False
51D,2017,Accidente causado por maquinaria y por instrumentos cortantes o punzantes,False
51D,2018,Accidente causado por maquinaria y por instrumentos cortantes o punzantes,False
51D,2019,Accidente causado por maquinaria y por instrumentos cortantes o punzantes,False
51D,2020,Accidente causado por maquinaria y por instrumentos cortantes o punzantes,False
51D,2021,Accidente causado por maquinaria y por instrumentos cortantes o punzantes,False
51D,2022,Accidente causado por maquinaria y por instrumentos cortantes o punzantes,False
51D,2023,Accidente causado por maquinaria y por instrumentos cortantes o punzantes,False
51D,2024,Accidente causado por maquinaria y por instrumentos cortantes o punzantes,False
51E,2005,Accidente causado por proyectil de arma de fuego,
51E,2006,Accidente causado por proyectil de arma de fuego,False
51E,2007,Accidente causado por proyectil de arma de fuego,False
51E,2008,Accidente causado por proyectil de arma de fuego,False
51E,2009,Accidente causado por proyectil de arma de fuego,False
51E,2010,Accidente causado por proyectil de arma de fuego,False
51E,2011,Accidente causado por proyectil de arma de fuego,False
51E,2012,Accidente causado por proyectil de arma de fuego,False
51E,2013,Accidente causado por proyectil de arma de fuego,False
51E,2014,Accidente causado por proyectil de arma de fuego,False
51E,2015,Accidente causado por proyectil de arma de fuego,False
51E,2016,Accidente causado por proyectil de arma de fuego,False
51E,2017,Accidente causado por proyectil de arma de fuego,False
51E,2018,Accidente causado por proyectil de arma de fuego,False
51E,2019,Accidente causado por proyectil de arma de fuego,False
51E,2020,Accidente causado por proyectil de arma de fuego,False
51E,2021,Accidente causado por proyectil de arma de fuego,False
51E,2022,Accidente causado por proyectil de arma de fuego,False
51E,2023,Accidente causado por proyectil de arma de fuego,False
51E,2024,Accidente causado por proyectil de arma de fuego,False
51F,2005,Secuelas de accidentes de transporte y otros accidentes,
51F,2006,Secuelas de accidentes de transporte y otros accidentes,False
51F,2007,Secuelas de accidentes de transporte y otros accidentes,False
51F,2008,Secuelas de accidentes de transporte y otros accidentes,False
51F,2009,Secuelas de accidentes de transporte y otros accidentes,False
51F,2010,Secuelas de accidentes de transporte y otros accidentes,False
51F,2011,Secuelas de accidentes de transporte y otros accidentes,False
51F,2012,Secuelas de accidentes de transporte y otros accidentes,False
51F,2013,Secuelas de accidentes de transporte y otros accidentes,False
51F,2014,Secuelas de accidentes de transporte y otros accidentes,False
51F,2015,Secuelas de accidentes de transporte y otros accidentes,False
51F,2016,Secuelas de accidentes de transporte y otros accidentes,False
51F,2017,Secuelas de accidentes de transporte y otros accidentes,False
51F,2018,Secuelas de accidentes de transporte y otros accidentes,False
51F,2019,Secuelas de accidentes de transporte y otros accidentes,False
51F,2020,Secuelas de accidentes de transporte y otros accidentes,False
51F,2021,Secuelas de accidentes de transporte y otros accidentes,False
51F,2022,Secuelas de accidentes de transporte y otros accidentes,False
51F,2023,Secuelas de accidentes de transporte y otros accidentes,False
51F,2024,Secuelas de accidentes de transporte y otros accidentes,False
51Z,2005,Los demás accidentes y efectos tardíos,
51Z,2006,Los demás accidentes y efectos tardíos,False
51Z,2007,Los demás accidentes y efectos tardíos,False
51Z,2008,Los demás accidentes y efectos tardíos,False
51Z,2009,Los demás accidentes y efectos tardíos,False
51Z,2010,Los demás accidentes y efectos tardíos,False
51Z,2011,Los demás accidentes y efectos tardíos,False
51Z,2012,Los demás accidentes y efectos tardíos,False
51Z,2013,Los demás accidentes y efectos tardíos,False
51Z,2014,Los demás accidentes y efectos tardíos,False
51Z,2015,Los demás accidentes y efectos tardíos,False
51Z,2016,Los demás accidentes y efectos tardíos,False
51Z,2017,Los demás accidentes y efectos tardíos,False
51Z,2018,Los demás accidentes y efectos tardíos,False
51Z,2019,Los demás accidentes y efectos tardíos,False
51Z,2020,Los demás accidentes y efectos tardíos,False
51Z,2021,Los demás accidentes y efectos tardíos,False
51Z,2022,Los demás accidentes y efectos tardíos,False
51Z,2023,Los demás accidentes y efectos tardíos,False
51Z,2024,Los demás accidentes y efectos tardíos,False
52,2005,"Exposición al humo, fuego y llamas",
52,2006,"Exposición al humo, fuego y llamas",False
52,2007,"Exposición al humo, fuego y llamas",False
52,2008,"Exposición al humo, fuego y llamas",False
52,2009,"Exposición al humo, fuego y llamas",False
52,2010,"Exposición al humo, fuego y llamas",False
52,2011,"Exposición al humo, fuego y llamas",False
52,2012,"Exposición al humo, fuego y llamas",False
52,2013,"Exposición al humo, fuego y llamas",False
52,2014,"Exposición al humo, fuego y llamas",False
52,2015,"Exposición al humo, fuego y llamas",False
52,2016,"Exposición al humo, fuego y llamas",False
52,2017,"Exposición al humo, fuego y llamas",False
52,2018,"Exposición al humo, fuego y llamas",False
52,2019,"Exposición al humo, fuego y llamas",False
52,2020,"Exposición al humo, fuego y llamas",False
52,2021,"Exposición al humo, fuego y llamas",False
52,2022,"Exposición al humo, fuego y llamas",False
52,2023,"Exposición al humo, fuego y llamas",False
52,2024,"Exposición al humo, fuego y llamas",False
53,2005,"Envenenamiento accidental por, y exposición a sustancias nocivas",
53,2006,"Envenenamiento accidental por, y exposición a sustancias nocivas",False
53,2007,"Envenenamiento accidental por, y exposición a sustancias nocivas",False
53,2008,"Envenenamiento accidental por, y exposición a sustancias nocivas",False
53,2009,"Envenenamiento accidental por, y exposición a sustancias nocivas",False
53,2010,"Envenenamiento accidental por, y exposición a sustancias nocivas",False
53,2011,"Envenenamiento accidental por, y exposición a sustancias nocivas",False
53,2012,"Envenenamiento accidental por, y exposición a sustancias nocivas",False
53,2013,"Envenenamiento accidental por, y exposición a sustancias nocivas",False
53,2014,"Envenenamiento accidental por, y exposición a sustancias nocivas",False
53,2015,"Envenenamiento accidental por, y exposición a sustancias nocivas",False
53,2016,"Envenenamiento accidental por, y exposición a sustancias nocivas",False
53,2017,"Envenenamiento accidental por, y exposición a sustancias nocivas",False
53,2018,"Envenenamiento accidental por, y exposición a sustancias nocivas",False
53,2019,"Envenenamiento accidental por, y exposición a sustancias nocivas",False
53,2020,"Envenenamiento accidental por, y exposición a sustancias nocivas",False
53,2021,"Envenenamiento accidental por, y exposición a sustancias nocivas",False
53,2022,"Envenenamiento accidental por, y exposición a sustancias nocivas",False
53,2023,"Envenenamiento accidental por, y exposición a sustancias nocivas",False
53,2024,"Envenenamiento accidental por, y exposición a sustancias nocivas",False
53A,2005,"Envenenamiento accidental por drogas, medicamentos y productos biológicos",
53A,2006,"Envenenamiento accidental por drogas, medicamentos y productos biológicos",False
53A,2007,"Envenenamiento accidental por drogas, medicamentos y productos biológicos",False
53A,2008,"Envenenamiento accidental por drogas, medicamentos y productos biológicos",False
53A,2009,"Envenenamiento accidental por drogas, medicamentos y productos biológicos",False
53A,2010,"Envenenamiento accidental por drogas, medicamentos y productos biológicos",False
53A,2011,"Envenenamiento accidental por drogas, medicamentos y productos biológicos",False
53A,2012,"Envenenamiento accidental por drogas, medicamentos y productos biológicos",False
53A,2013,"Envenenamiento accidental por drogas, medicamentos y productos biológicos",False
53A,2014,"Envenenamiento accidental por drogas, medicamentos y productos biológicos",False
53A,2015,"Envenenamiento accidental por drogas, medicamentos y productos biológicos",False
53A,2016,"Envenenamiento accidental por drogas, medicamentos y productos biológicos",False
53A,2017,"Envenenamiento accidental por drogas, medicamentos y productos biológicos",False
53A,2018,"Envenenamiento accidental por drogas, medicamentos y productos biológicos",False
53A,2019,"Envenenamiento accidental por drogas, medicamentos y productos biológicos",False
53A,2020,"Envenenamiento accidental por drogas, medicamentos y productos biológicos",False
53A,2021,"Envenenamiento accidental por drogas, medicamentos y productos biológicos",False
53A,2022,"Envenenamiento accidental por drogas, medicamentos y productos biológicos",False
53A,2023,"Envenenamiento accidental por drogas, medicamentos y productos biológicos",False
53A,2024,"Envenenamiento accidental por drogas, medicamentos y productos biológicos",False
53B,2005,Envenenamiento accidental por otras sustancias sólidas y líquidas,
53B,2006,Envenenamiento accidental por otras sustancias sólidas y líquidas,False
53B,2007,Envenenamiento accidental por otras sustancias sólidas y líquidas,False
53B,2008,Envenenamiento accidental por otras sustancias sólidas y líquidas,False
53B,2009,Envenenamiento accidental por otras sustancias sólidas y líquidas,False
53B,2010,Envenenamiento accidental por otras sustancias sólidas y líquidas,False
53B,2011,Envenenamiento accidental por otras sustancias sólidas y líquidas,False
53B,2012,Envenenamiento accidental por otras sustancias sólidas y líquidas,False
53B,2013,Envenenamiento accidental por otras sustancias sólidas y líquidas,False
53B,2014,Envenenamiento accidental por otras sustancias sólidas y líquidas,False
53B,2015,Envenenamiento accidental por otras sustancias sólidas y líquidas,False
53B,2016,Envenenamiento accidental por otras sustancias sólidas y líquidas,False
53B,2017,Envenenamiento accidental por otras sustancias sólidas y líquidas,False
53B,2018,Envenenamiento accidental por otras sustancias sólidas y líquidas,False
53B,2019,Envenenamiento accidental por otras sustancias sólidas y líquidas,False
53B,2020,Envenenamiento accidental por otras sustancias sólidas y líquidas,False
53B,2021,Envenenamiento accidental por otras sustancias sólidas y líquidas,False
53B,2022,Envenenamiento accidental por otras sustancias sólidas y líquidas,False
53B,2023,Envenenamiento accidental por otras sustancias sólidas y líquidas,False
53B,2024,Envenenamiento accidental por otras sustancias sólidas y líquidas,False
53C,2005,"Envenenamiento accidental por, y exposición a otros  gases y vapores",
53C,2006,"Envenenamiento accidental por, y exposición a otros  gases y vapores",False
53C,2007,"Envenenamiento accidental por, y exposición a otros  gases y vapores",False
53C,2008,"Envenenamiento accidental por, y exposición a otros  gases y vapores",False
53C,2009,"Envenenamiento accidental por, y exposición a otros  gases y vapores",False
53C,2010,"Envenenamiento accidental por, y exposición a otros  gases y vapores",False
53C,2011,"Envenenamiento accidental por, y exposición a otros  gases y vapores",False
53C,2012,"Envenenamiento accidental por, y exposición a otros  gases y vapores",False
53C,2013,"Envenenamiento accidental por, y exposición a otros  gases y vapores",False
53C,2014,"Envenenamiento accidental por, y exposición a otros  gases y vapores",False
53C,2015,"Envenenamiento accidental por, y exposición a otros  gases y vapores",False
53C,2016,"Envenenamiento accidental por, y exposición a otros  gases y vapores",False
53C,2017,"Envenenamiento accidental por, y exposición a otros  gases y vapores",False
53C,2018,"Envenenamiento accidental por, y exposición a otros  gases y vapores",False
53C,2019,"Envenenamiento accidental por, y exposición a otros  gases y vapores",False
53C,2020,"Envenenamiento accidental por, y exposición a otros  gases y vapores",False
53C,2021,"Envenenamiento accidental por, y exposición a otros  gases y vapores",False
53C,2022,"Envenenamiento accidental por, y exposición a otros  gases y vapores",False
53C,2023,"Envenenamiento accidental por, y exposición a otros  gases y vapores",False
53C,2024,"Envenenamiento accidental por, y exposición a otros  gases y vapores",False
54,2005,Lesiones autoinfligidas intencionalmente,
54,2006,Lesiones autoinfligidas intencionalmente,False
54,2007,Lesiones autoinfligidas intencionalmente,False
54,2008,Lesiones autoinfligidas intencionalmente,False
54,2009,Lesiones autoinfligidas intencionalmente,False
54,2010,Lesiones autoinfligidas intencionalmente,False
54,2011,Lesiones autoinfligidas intencionalmente,False
54,2012,Lesiones autoinfligidas intencionalmente,False
54,2013,Lesiones autoinfligidas intencionalmente,False
54,2014,Lesiones autoinfligidas intencionalmente,False
54,2015,Lesiones autoinfligidas intencionalmente,False
54,2016,Lesiones autoinfligidas intencionalmente,False
54,2017,Lesiones autoinfligidas intencionalmente,False
54,2018,Lesiones autoinfligidas intencionalmente,False
54,2019,Lesiones autoinfligidas intencionalmente,False
54,2020,Lesiones autoinfligidas intencionalmente,False
54,2021,Lesiones autoinfligidas intencionalmente,False
54,2022,Lesiones autoinfligidas intencionalmente,False
54,2023,Lesiones autoinfligidas intencionalmente,False
54,2024,Lesiones autoinfligidas intencionalmente,False
55,2005,Agresiones (homicidios),
55,2006,Agresiones (homicidios),False
55,2007,Agresiones (homicidios),False
55,2008,Agresiones (homicidios),False
55,2009,Agresiones (homicidios),False
55,2010,Agresiones (homicidios),False
55,2011,Agresiones (homicidios),False
55,2012,Agresiones (homicidios),False
55,2013,Agresiones (homicidios),False
55,2014,Agresiones (homicidios),False
55,2015,Agresiones (homicidios),False
55,2016,Agresiones (homicidios),False
55,2017,Agresiones (homicidios),False
55,2018,Agresiones (homicidios),False
55,2019,Agresiones (homicidios),False
55,2020,Agresiones (homicidios),False
55,2021,Agresiones (homicidios),False
55,2022,Agresiones (homicidios),False
55,2023,Agresiones (homicidios),False
55,2024,Agresiones (homicidios),False
56,2005,Otra violencia,
56,2006,Otra violencia,False
56,2007,Otra violencia,False
56,2008,Otra violencia,False
56,2009,Otra violencia,False
56,2010,Otra violencia,False
56,2011,Otra violencia,False
56,2012,Otra violencia,False
56,2013,Otra violencia,False
56,2014,Otra violencia,False
56,2015,Otra violencia,False
56,2016,Otra violencia,False
56,2017,Otra violencia,False
56,2018,Otra violencia,False
56,2019,Otra violencia,False
56,2020,Otra violencia,False
56,2021,Otra violencia,False
56,2022,Otra violencia,False
56,2023,Otra violencia,False
56,2024,Otra violencia,False
56A,2005,Eventos de intención no determinada,
56A,2006,Eventos de intención no determinada,False
56A,2007,Eventos de intención no determinada,False
56A,2008,Eventos de intención no determinada,False
56A,2009,Eventos de intención no determinada,False
56A,2010,Eventos de intención no determinada,False
56A,2011,Eventos de intención no determinada,False
56A,2012,Eventos de intención no determinada,False
56A,2013,Eventos de intención no determinada,False
56A,2014,Eventos de intención no determinada,False
56A,2015,Eventos de intención no determinada,False
56A,2016,Eventos de intención no determinada,False
56A,2017,Eventos de intención no determinada,False
56A,2018,Eventos de intención no determinada,False
56A,2019,Eventos de intención no determinada,False
56A,2020,Eventos de intención no determinada,False
56A,2021,Eventos de intención no determinada,False
56A,2022,Eventos de intención no determinada,False
56A,2023,Eventos de intención no determinada,False
56A,2024,Eventos de intención no determinada,False
56B,2005,Operaciones de guerra,
56B,2006,Operaciones de guerra,False
56B,2007,Operaciones de guerra,False
56B,2008,Operaciones de guerra,False
56B,2009,Operaciones de guerra,False
56B,2010,Operaciones de guerra,False
56B,2011,Operaciones de guerra,False
56B,2012,Operaciones de guerra,False
56B,2013,Operaciones de guerra,False
56B,2014,Operaciones de guerra,False
56B,2015,Operaciones de guerra,False
56B,2016,Operaciones de guerra,False
56B,2017,Operaciones de guerra,False
56B,2018,Operaciones de guerra,False
56B,2019,Operaciones de guerra,False
56B,2020,Operaciones de guerra,False
56B,2021,Operaciones de guerra,False
56B,2022,Operaciones de guerra,False
56B,2023,Operaciones de guerra,False
56B,2024,Operaciones de guerra,False
56C,2005,Intervención legal,
56C,2006,Intervención legal,False
56C,2007,Intervención legal,False
56C,2008,Intervención legal,False
56C,2009,Intervención legal,False
56C,2010,Intervención legal,False
56C,2011,Intervención legal,False
56C,2012,Intervención legal,False
56C,2013,Intervención legal,False
56C,2014,Intervención legal,False
56C,2015,Intervención legal,False
56C,2016,Intervención legal,False
56C,2017,Intervención legal,False
56C,2018,Intervención legal,False
56C,2019,Intervención legal,False
56C,2020,Intervención legal,False
56C,2021,Intervención legal,False
56C,2022,Intervención legal,False
56C,2023,Intervención legal,False
56C,2024,Intervención legal,False
57,2005,"Drogas, medicamentos y sustancias biológicas causantes de efectos adversos en su uso terapéutico",
57,2006,"Drogas, medicamentos y sustancias biológicas causantes de efectos adversos en su uso terapéutico",False
57,2007,"Drogas, medicamentos y sustancias biológicas causantes de efectos adversos en su uso terapéutico",False
57,2008,"Drogas, medicamentos y sustancias biológicas causantes de efectos adversos en su uso terapéutico",False
57,2009,"Drogas, medicamentos y sustancias biológicas causantes de efectos adversos en su uso terapéutico",False
57,2010,"Drogas, medicamentos y sustancias biológicas causantes de efectos adversos en su uso terapéutico",False
57,2011,"Drogas, medicamentos y sustancias biológicas causantes de efectos adversos en su uso terapéutico",False
57,2012,"Drogas, medicamentos y sustancias biológicas causantes de efectos adversos en su uso terapéutico",False
57,2013,"Drogas, medicamentos y sustancias biológicas causantes de efectos adversos en su uso terapéutico",False
57,2014,"Drogas, medicamentos y sustancias biológicas causantes de efectos adversos en su uso terapéutico",False
57,2015,"Drogas, medicamentos y sustancias biológicas causantes de efectos adversos en su uso terapéutico",False
57,2016,"Drogas, medicamentos y sustancias biológicas causantes de efectos adversos en su uso terapéutico",False
57,2017,"Drogas, medicamentos y sustancias biológicas causantes de efectos adversos en su uso terapéutico",False
57,2018,"Drogas, medicamentos y sustancias biológicas causantes de efectos adversos en su uso terapéutico",False
57,2019,"Drogas, medicamentos y sustancias biológicas causantes de efectos adversos en su uso terapéutico",False
57,2020,"Drogas, medicamentos y sustancias biológicas causantes de efectos adversos en su uso terapéutico",False
57,2021,"Drogas, medicamentos y sustancias biológicas causantes de efectos adversos en su uso terapéutico",False
57,2022,"Drogas, medicamentos y sustancias biológicas causantes de efectos adversos en su uso terapéutico",False
57,2023,"Drogas, medicamentos y sustancias biológicas causantes de efectos adversos en su uso terapéutico",False
57,2024,"Drogas, medicamentos y sustancias biológicas causantes de efectos adversos en su uso terapéutico",False
57A,2021,"Vacunas COVID-19 que causan efectos adversos en su uso terapéutico, no especificada",
57A,2022,"Vacunas COVID-19 que causan efectos adversos en su uso terapéutico, no especificada",False
57A,2023,"Vacunas COVID-19 que causan efectos adversos en su uso terapéutico, no especificada",False
57A,2024,"Vacunas COVID-19 que causan efectos adversos en su uso terapéutico, no especificada",False
58,2005,"Contratiempos durante la atención médica, reacciones anormales y complicaciones ulteriores",
58,2006,"Contratiempos durante la atención médica, reacciones anormales y complicaciones ulteriores",False
58,2007,"Contratiempos durante la atención médica, reacciones anormales y complicaciones ulteriores",False
58,2008,"Contratiempos durante la atención médica, reacciones anormales y complicaciones ulteriores",False
58,2009,"Contratiempos durante la atención médica, reacciones anormales y complicaciones ulteriores",False
58,2010,"Contratiempos durante la atención médica, reacciones anormales y complicaciones ulteriores",False
58,2011,"Contratiempos durante la atención médica, reacciones anormales y complicaciones ulteriores",False
58,2012,"Contratiempos durante la atención médica, reacciones anormales y complicaciones ulteriores",False
58,2013,"Contratiempos durante la atención médica, reacciones anormales y complicaciones ulteriores",False
58,2014,"Contratiempos durante la atención médica, reacciones anormales y complicaciones ulteriores",False
58,2015,"Contratiempos durante la atención médica, reacciones anormales y complicaciones ulteriores",False
58,2016,"Contratiempos durante la atención médica, reacciones anormales y complicaciones ulteriores",False
58,2017,"Contratiempos durante la atención médica, reacciones anormales y complicaciones ulteriores",False
58,2018,"Contratiempos durante la atención médica, reacciones anormales y complicaciones ulteriores",False
58,2019,"Contratiempos durante la atención médica, reacciones anormales y complicaciones ulteriores",False
58,2020,"Contratiempos durante la atención médica, reacciones anormales y complicaciones ulteriores",False
58,2021,"Contratiempos durante la atención médica, reacciones anormales y complicaciones ulteriores",False
58,2022,"Contratiempos durante la atención médica, reacciones anormales y complicaciones ulteriores",False
58,2023,"Contratiempos durante la atención médica, reacciones anormales y complicaciones ulteriores",False
58,2024,"Contratiempos durante la atención médica, reacciones anormales y complicaciones ulteriores",False
59,2005,"Secuelas de lesiones autoinfligidas, agresiones y eventos de intención no determinada, de atención médica y quirúrgica y de otras causas externas",
59,2006,"Secuelas de lesiones autoinfligidas, agresiones y eventos de intención no determinada, de atención médica y quirúrgica y de otras causas externas",False
59,2007,"Secuelas de lesiones autoinfligidas, agresiones y eventos de intención no determinada, de atención médica y quirúrgica y de otras causas externas",False
59,2008,"Secuelas de lesiones autoinfligidas, agresiones y eventos de intención no determinada, de atención médica y quirúrgica y de otras causas externas",False
59,2009,"Secuelas de lesiones autoinfligidas, agresiones y eventos de intención no determinada, de atención médica y quirúrgica y de otras causas externas",False
59,2010,"Secuelas de lesiones autoinfligidas, agresiones y eventos de intención no determinada, de atención médica y quirúrgica y de otras causas externas",False
59,2011,"Secuelas de lesiones autoinfligidas, agresiones y eventos de intención no determinada, de atención médica y quirúrgica y de otras causas externas",False
59,2012,"Secuelas de lesiones autoinfligidas, agresiones y eventos de intención no determinada, de atención médica y quirúrgica y de otras causas externas",False
59,2013,"Secuelas de lesiones autoinfligidas, agresiones y eventos de intención no determinada, de atención médica y quirúrgica y de otras causas externas",False
59,2014,"Secuelas de lesiones autoinfligidas, agresiones y eventos de intención no determinada, de atención médica y quirúrgica y de otras causas externas",False
59,2015,"Secuelas de lesiones autoinfligidas, agresiones y eventos de intención no determinada, de atención médica y quirúrgica y de otras causas externas",False
59,2016,"Secuelas de lesiones autoinfligidas, agresiones y eventos de intención no determinada, de atención médica y quirúrgica y de otras causas externas",False
59,2017,"Secuelas de lesiones autoinfligidas, agresiones y eventos de intención no determinada, de atención médica y quirúrgica y de otras causas externas",False
59,2018,"Secuelas de lesiones autoinfligidas, agresiones y eventos de intención no determinada, de atención médica y quirúrgica y de otras causas externas",False
59,2019,"Secuelas de lesiones autoinfligidas, agresiones y eventos de intención no determinada, de atención médica y quirúrgica y de otras causas externas",False
59,2020,"Secuelas de lesiones autoinfligidas, agresiones y eventos de intención no determinada, de atención médica y quirúrgica y de otras causas externas",False
59,2021,"Secuelas de lesiones autoinfligidas, agresiones y eventos de intención no determinada, de atención médica y quirúrgica y de otras causas externas",False
59,2022,"Secuelas de lesiones autoinfligidas, agresiones y eventos de intención no determinada, de atención médica y quirúrgica y de otras causas externas",False
59,2023,"Secuelas de lesiones autoinfligidas, agresiones y eventos de intención no determinada, de atención médica y quirúrgica y de otras causas externas",False
59,2024,"Secuelas de lesiones autoinfligidas, agresiones y eventos de intención no determinada, de atención médica y quirúrgica y de otras causas externas",False
61,2021,Vacunas COVID-19 que causan efectos adversos en su uso terapéutico,
61,2022,Vacunas COVID-19 que causan efectos adversos en su uso terapéutico,False
61,2023,Vacunas COVID-19 que causan efectos adversos en su uso terapéutico,False
61,2024,Vacunas COVID-19 que causan efectos adversos en su uso terapéutico,False
